Date,Tesla Close,GameStop Close,Tesla Normalized,GameStop Normalized
2010-06-29 00:00:00-04:00,1.5926669836044312,3.0837149620056152,100.0,100.0
2010-06-30 00:00:00-04:00,1.5886670351028442,3.162827730178833,99.74885217419812,102.56550197239254
2010-07-01 00:00:00-04:00,1.4639999866485596,3.209958553314209,91.92128685529225,104.09388003962876
2010-07-02 00:00:00-04:00,1.2799999713897705,3.0752978324890137,80.36833717070904,99.72704579961803
2010-07-06 00:00:00-04:00,1.0740000009536743,3.097179889678955,67.43405947444582,100.43664631262101
2010-07-07 00:00:00-04:00,1.053333044052124,3.1560940742492676,66.13642744500686,102.34714015839445
2010-07-08 00:00:00-04:00,1.1640000343322754,3.172927141189575,73.08496040383649,102.89300990147083
2010-07-09 00:00:00-04:00,1.159999966621399,3.203226089477539,72.83380509314976,103.87555688331827
2010-07-12 00:00:00-04:00,1.136667013168335,3.2520394325256348,71.3687810992287,105.45849641078834
2010-07-13 00:00:00-04:00,1.2093329429626465,3.2840211391448975,75.93131240943757,106.49561258440711
2010-07-14 00:00:00-04:00,1.3226670026779175,3.2840211391448975,83.04730469671284,106.49561258440711
2010-07-15 00:00:00-04:00,1.3259999752044678,3.285705327987671,83.25657459185484,106.55022816540355
2010-07-16 00:00:00-04:00,1.3760000467300415,3.189760684967041,86.39596732368736,103.43889510762223
2010-07-19 00:00:00-04:00,1.4606670141220093,3.265505313873291,91.71201696015025,105.89517364955941
2010-07-20 00:00:00-04:00,1.3533329963684082,3.3328356742858887,84.97275389646263,108.07859076956477
2010-07-21 00:00:00-04:00,1.3480000495910645,3.309269666671753,84.63791008841969,107.31438240710287
2010-07-22 00:00:00-04:00,1.399999976158142,3.3648180961608887,87.90286924826832,109.11573013779609
2010-07-23 00:00:00-04:00,1.4193329811096191,3.450662851333618,89.11674541638752,111.8995398034241
2010-07-26 00:00:00-04:00,1.3966670036315918,3.5163094997406006,87.69359935312632,114.02835680550807
2010-07-27 00:00:00-04:00,1.3700000047683716,3.4153146743774414,86.0192381000997,110.75325432011256
2010-07-28 00:00:00-04:00,1.3813329935073853,3.3681833744049072,86.7308111317303,109.2248607898013
2010-07-29 00:00:00-04:00,1.3566670417785645,3.3227362632751465,85.18209115556816,107.75108284048646
2010-07-30 00:00:00-04:00,1.329332947731018,3.3749170303344727,83.46584448699684,109.44322260379937
2010-08-02 00:00:00-04:00,1.3946670293807983,3.5533406734466553,87.56802544022537,115.2292192121285
2010-08-03 00:00:00-04:00,1.463333010673523,3.477595090866089,91.87940892463237,112.77290974404126
2010-08-04 00:00:00-04:00,1.4173330068588257,3.578589677810669,88.99117150348658,116.04800449789927
2010-08-05 00:00:00-04:00,1.363332986831665,3.5567080974578857,85.60063094585217,115.33841944797132
2010-08-06 00:00:00-04:00,1.305999994277954,3.5297751426696777,82.00082049307576,114.46502631274163
2010-08-09 00:00:00-04:00,1.3066669702529907,3.528092384338379,82.04269842373564,114.41045712097026
2010-08-10 00:00:00-04:00,1.2686669826507568,3.4557125568389893,79.65676413907843,112.06329376796327
2010-08-11 00:00:00-04:00,1.1933330297470093,3.3429346084594727,74.92671362134521,108.40608323556805
2010-08-12 00:00:00-04:00,1.1733330488204956,3.3176863193511963,73.67095952256614,107.58732114440981
2010-08-13 00:00:00-04:00,1.2213330268859863,3.294121026992798,76.68477085661289,106.82313597656045
2010-08-16 00:00:00-04:00,1.2519999742507935,3.337885618209839,78.61027993544137,108.24235246564145
2010-08-17 00:00:00-04:00,1.2766669988632202,3.3698678016662598,80.15906727556704,109.27948410233526
2010-08-18 00:00:00-04:00,1.2513329982757568,3.494426965713501,78.56840200478149,113.31874082943007
2010-08-19 00:00:00-04:00,1.25266695022583,3.2082741260528564,78.65215786610125,104.03925672709482
2010-08-20 00:00:00-04:00,1.273332953453064,3.1661934852600098,79.9497300164615,102.67464808747275
2010-08-23 00:00:00-04:00,1.3420000076293945,3.1005473136901855,84.26118086483204,100.54584654846383
2010-08-24 00:00:00-04:00,1.2799999713897705,3.0870816707611084,80.36833717070904,100.10917704123028
2010-08-25 00:00:00-04:00,1.3266669511795044,3.1005473136901855,83.29845252251472,100.54584654846383
2010-08-26 00:00:00-04:00,1.3166669607162476,3.0870816707611084,82.67057547312518,100.10917704123028
2010-08-27 00:00:00-04:00,1.3133330345153809,3.085397720336914,82.46124569890449,100.05456919177136
2010-08-30 00:00:00-04:00,1.324666976928711,3.0079689025878906,83.17287860961378,97.54367506883774
2010-08-31 00:00:00-04:00,1.2986669540405273,3.0180678367614746,81.54039528724705,97.87116753484102
2010-09-01 00:00:00-04:00,1.363332986831665,3.07698130607605,85.60063094585217,99.78163818600193
2010-09-02 00:00:00-04:00,1.4040000438690186,3.1140127182006836,88.15402455895503,100.98250832415987
2010-09-03 00:00:00-04:00,1.4033329486846924,3.199859142303467,88.11213914341032,103.76637211055046
2010-09-07 00:00:00-04:00,1.369333028793335,3.1560940742492676,85.97736016943983,102.34714015839445
2010-09-08 00:00:00-04:00,1.3933329582214355,3.1257951259613037,87.48426209402078,101.36459317654702
2010-09-09 00:00:00-04:00,1.380666971206665,3.09381365776062,86.68899308014912,100.32748473446576
2010-09-10 00:00:00-04:00,1.3446669578552246,3.0719316005706787,84.42863270839285,99.61788422146279
2010-09-13 00:00:00-04:00,1.3813329935073853,3.1392621994018555,86.7308111317303,101.80130907300567
2010-09-14 00:00:00-04:00,1.4079999923706055,3.13252854347229,88.40517238475691,101.58294725900758
2010-09-15 00:00:00-04:00,1.4653329849243164,3.129162073135376,92.0049828375333,101.47377794931482
2010-09-16 00:00:00-04:00,1.3960000276565552,3.265505313873291,87.65172142246644,105.89517364955941
2010-09-17 00:00:00-04:00,1.348667025566101,3.260455846786499,84.67978801907957,105.73142741655776
2010-09-20 00:00:00-04:00,1.4040000438690186,3.2924370765686035,88.15402455895503,106.76852812710153
2010-09-21 00:00:00-04:00,1.3846670389175415,3.2789714336395264,86.94014839083583,106.33185861986799
2010-09-22 00:00:00-04:00,1.324666976928711,3.2823381423950195,83.17287860961378,106.44103566109825
2010-09-23 00:00:00-04:00,1.3040000200271606,3.2890703678131104,81.87524658017483,106.65935108587125
2010-09-24 00:00:00-04:00,1.340000033378601,3.353034496307373,84.1356069519311,108.73360662772136
2010-09-27 00:00:00-04:00,1.3686670064926147,3.3362021446228027,85.93554211785865,108.18776007925754
2010-09-28 00:00:00-04:00,1.4266669750213623,3.3463006019592285,89.57723050129492,108.51523708218578
2010-09-29 00:00:00-04:00,1.4653329849243164,3.3160030841827393,92.0049828375333,107.53273648956343
2010-09-30 00:00:00-04:00,1.3606669902801514,3.3176863193511963,85.43323898137005,107.58732114440981
2010-10-01 00:00:00-04:00,1.3733329772949219,3.3665006160736084,86.22850799524171,109.17029159802993
2010-10-04 00:00:00-04:00,1.3993330001831055,3.347984552383423,87.86099131760844,108.5698449316447
2010-10-05 00:00:00-04:00,1.4079999923706055,3.4068987369537354,88.40517238475691,110.48033877741817
2010-10-06 00:00:00-04:00,1.3639999628067017,3.401848793029785,85.64250887651205,110.3165770813415
2010-10-07 00:00:00-04:00,1.3619999885559082,3.353034496307373,85.5169349636111,108.73360662772136
2010-10-08 00:00:00-04:00,1.3619999885559082,3.379966974258423,85.5169349636111,109.60698429987603
2010-10-11 00:00:00-04:00,1.3493330478668213,3.428781032562256,84.72160607066075,111.18994702195866
2010-10-12 00:00:00-04:00,1.3493330478668213,3.3328356742858887,84.72160607066075,108.07859076956477
2010-10-13 00:00:00-04:00,1.369333028793335,3.2402570247650146,85.97736016943983,105.07641155840118
2010-10-14 00:00:00-04:00,1.3833329677581787,3.167876958847046,86.85638504463125,102.72924047385665
2010-10-15 00:00:00-04:00,1.369333028793335,3.0837149620056152,85.97736016943983,100.0
2010-10-18 00:00:00-04:00,1.348667025566101,3.0752978324890137,84.67978801907957,99.72704579961803
2010-10-19 00:00:00-04:00,1.3366669416427612,3.1005473136901855,83.92632957190426,100.54584654846383
2010-10-20 00:00:00-04:00,1.3766670227050781,3.1914427280426025,86.43784525434725,103.49344110478104
2010-10-21 00:00:00-04:00,1.3833329677581787,3.204908609390259,86.85638504463125,103.9301183435521
2010-10-22 00:00:00-04:00,1.3813329935073853,3.2200582027435303,86.7308111317303,104.42139570024457
2010-10-25 00:00:00-04:00,1.3899999856948853,3.2368900775909424,87.27499219887878,104.96722678563337
2010-10-26 00:00:00-04:00,1.4240000247955322,3.265505313873291,89.40977865773411,105.89517364955941
2010-10-27 00:00:00-04:00,1.399999976158142,3.2621395587921143,87.90286924826832,105.78602753447919
2010-10-28 00:00:00-04:00,1.4126670360565186,3.2671895027160645,88.69820562610352,105.94978923055585
2010-10-29 00:00:00-04:00,1.4559999704360962,3.307587146759033,91.41898371880366,107.25982094686903
2010-11-01 00:00:00-04:00,1.4273329973220825,3.250356912612915,89.61904855287611,105.40393495055449
2010-11-02 00:00:00-04:00,1.4166669845581055,3.295804023742676,88.9493534519054,106.87771289986931
2010-11-03 00:00:00-04:00,1.4513330459594727,3.2907538414001465,91.1259579623419,106.71394347225514
2010-11-04 00:00:00-04:00,1.659999966621399,3.3580846786499023,104.22768750216594,108.89737605533554
2010-11-05 00:00:00-04:00,1.6293330192565918,3.3648180961608887,102.30217842333744,109.11573013779609
2010-11-08 00:00:00-05:00,1.6653330326080322,3.4557125568389893,104.56253879509372,112.06329376796327
2010-11-09 00:00:00-05:00,1.6419999599456787,3.3984827995300293,103.09750731628779,110.20742323472376
2010-11-10 00:00:00-05:00,1.957332968711853,3.390065908432007,122.89656211006088,109.93447676587931
2010-11-11 00:00:00-05:00,1.869333028793335,3.551658868789673,117.37124257845599,115.17468094650721
2010-11-12 00:00:00-05:00,1.9893330335617065,3.5062098503112793,124.90577465601527,113.70084114489225
2010-11-15 00:00:00-05:00,2.053333044052124,3.487694263458252,128.92419226303923,113.10040994158206
2010-11-16 00:00:00-05:00,1.9780000448226929,3.5095765590667725,124.19420162438468,113.81001818612253
2010-11-17 00:00:00-05:00,1.965999960899353,3.534824848175049,123.44074317720937,114.62878027728077
2010-11-18 00:00:00-05:00,1.9926669597625732,3.433830738067627,125.11510443023597,111.3537009864978
2010-11-19 00:00:00-05:00,2.065999984741211,3.3866991996765137,129.71952115598958,109.82529972464903
2010-11-22 00:00:00-05:00,2.2266669273376465,3.430464267730713,139.80743936176688,111.24453167680504
2010-11-23 00:00:00-05:00,2.3046669960021973,3.401848793029785,144.70488932886704,110.3165770813415
2010-11-24 00:00:00-05:00,2.3646669387817383,3.4254140853881836,148.47215162520428,111.08076224919085
2010-11-26 00:00:00-05:00,2.3546669483184814,3.450662851333618,147.84427457581472,111.8995398034241
2010-11-29 00:00:00-05:00,2.2886669635772705,3.3866991996765137,143.70028305588986,109.82529972464903
2010-11-30 00:00:00-05:00,2.355333089828491,3.353034496307373,147.88610011228076,108.73360662772136
2010-12-01 00:00:00-05:00,2.2899999618530273,3.4119486808776855,143.78397903813092,110.64410047349482
2010-12-02 00:00:00-05:00,2.1566669940948486,3.5600743293762207,135.4123000160401,115.44758102612656
2010-12-03 00:00:00-05:00,2.0993330478668213,3.5903725624084473,131.81242968418502,116.43010481336147
2010-12-06 00:00:00-05:00,2.02066707611084,3.5769073963165283,126.87316915038849,115.99345076920294
2010-12-07 00:00:00-05:00,2.1040000915527344,3.608889102935791,132.1054629255316,117.03056694282172
2010-12-08 00:00:00-05:00,2.1579999923706055,3.5886898040771484,135.49599599828116,116.3755356215901
2010-12-09 00:00:00-05:00,2.136667013168335,3.64255428314209,134.15654591726104,118.12227550282441
2010-12-10 00:00:00-05:00,2.101332902908325,3.7435500621795654,131.93799611220112,121.39740891436996
2010-12-13 00:00:00-05:00,2.0366671085357666,3.689685106277466,127.87777542336568,119.65065357006064
2010-12-14 00:00:00-05:00,1.9019999504089355,3.659385919570923,119.42232557018544,118.66809885667568
2010-12-15 00:00:00-05:00,1.9733330011367798,3.629087209701538,123.90116838303808,117.68555960636577
2010-12-16 00:00:00-05:00,2.053999900817871,3.654336452484131,128.96606270881426,118.50435262367407
2010-12-17 00:00:00-05:00,2.0906670093536377,3.6476032733917236,131.26830849611522,118.28600627275101
2010-12-20 00:00:00-05:00,2.113332986831665,3.578589677810669,132.69145455937644,116.04800449789927
2010-12-21 00:00:00-05:00,2.1506669521331787,3.64255428314209,135.03557079245246,118.12227550282441
2010-12-22 00:00:00-05:00,2.175333023071289,3.652653455734253,136.5842982534994,118.4497757003652
2010-12-23 00:00:00-05:00,2.00600004196167,3.7401816844940186,125.95225885965236,121.2881777523771
2010-12-27 00:00:00-05:00,1.7033330202102661,3.745232105255127,106.94847307975093,121.45195491152879
2010-12-28 00:00:00-05:00,1.7606669664382935,3.790679454803467,110.54834341160603,122.92574059238113
2010-12-29 00:00:00-05:00,1.848667025566101,3.7889955043792725,116.07367042809574,122.87113274292221
2010-12-30 00:00:00-05:00,1.7666670083999634,3.8630597591400146,110.92507263519367,125.27291940846317
2010-12-31 00:00:00-05:00,1.775333046913147,3.851275682449341,111.46919382326345,124.89078043531339
2011-01-03 00:00:00-05:00,1.7746670246124268,3.8563263416290283,111.42737577168226,125.0545653260026
2011-01-04 00:00:00-05:00,1.777999997138977,3.78731369972229,111.63664566682428,122.81659447730091
2011-01-05 00:00:00-05:00,1.7886669635772705,3.6846351623535156,112.3064006468737,119.48689187398398
2011-01-06 00:00:00-05:00,1.858667016029358,3.4725449085235596,116.70154747748529,112.60914031642709
2011-01-07 00:00:00-05:00,1.8826669454574585,3.4961113929748535,118.20844940206624,113.37336414196402
2011-01-10 00:00:00-05:00,1.8966670036315918,3.484328508377075,119.08748176214247,112.99126382650182
2011-01-11 00:00:00-05:00,1.797333002090454,3.3984827995300293,112.85052183494346,110.20742323472376
2011-01-12 00:00:00-05:00,1.797333002090454,3.479278326034546,112.85052183494346,112.82749439888764
2011-01-13 00:00:00-05:00,1.7480000257492065,3.4674956798553467,109.75301451865566,112.44540181496296
2011-01-14 00:00:00-05:00,1.7166670560836792,3.428781032562256,107.78568738824599,111.18994702195866
2011-01-18 00:00:00-05:00,1.7093329429626465,3.428781032562256,107.32519481845375,111.18994702195866
2011-01-19 00:00:00-05:00,1.6019999980926514,3.4439291954040527,100.58599911872965,111.68117798942605
2011-01-20 00:00:00-05:00,1.5080000162124634,3.5365092754364014,94.68395036353712,114.68340358981473
2011-01-21 00:00:00-05:00,1.5360000133514404,3.5179929733276367,96.44200759880478,114.08294919189197
2011-01-24 00:00:00-05:00,1.6326669454574585,3.5499753952026367,102.51150819755814,115.1200885601233
2011-01-25 00:00:00-05:00,1.6453330516815186,3.5449256896972656,103.30678469631465,114.95633459558414
2011-01-26 00:00:00-05:00,1.649999976158142,3.5415592193603516,103.5998104527764,114.84716528589138
2011-01-27 00:00:00-05:00,1.6613329648971558,3.5466086864471436,104.311383484407,115.01091151889302
2011-01-28 00:00:00-05:00,1.6006669998168945,3.531459093093872,100.5023031364886,114.51963416220055
2011-01-31 00:00:00-05:00,1.6066670417785645,3.5466086864471436,100.87903236007625,115.01091151889302
2011-02-01 00:00:00-05:00,1.593999981880188,3.4590790271759033,100.08369598224107,112.17246307765603
2011-02-02 00:00:00-05:00,1.5959999561309814,3.3362021446228027,100.209269895142,108.18776007925754
2011-02-03 00:00:00-05:00,1.5753329992294312,3.2823381423950195,98.91163786570306,106.44103566109825
2011-02-04 00:00:00-05:00,1.5640000104904175,3.3749170303344727,98.20006483407245,109.44322260379937
2011-02-07 00:00:00-05:00,1.5379999876022339,3.390065908432007,96.56758151170573,109.93447676587931
2011-02-08 00:00:00-05:00,1.6326669454574585,3.3698678016662598,102.51150819755814,109.27948410233526
2011-02-09 00:00:00-05:00,1.547333002090454,3.3160030841827393,97.15358063043539,107.53273648956343
2011-02-10 00:00:00-05:00,1.5479999780654907,3.428781032562256,97.19545856109526,111.18994702195866
2011-02-11 00:00:00-05:00,1.5499999523162842,3.4136316776275635,97.32103247399621,110.69867739680367
2011-02-14 00:00:00-05:00,1.5386669635772705,3.344619035720825,96.60945944236559,108.46070654810198
2011-02-15 00:00:00-05:00,1.5226670503616333,3.3732333183288574,95.60486065427325,109.38862248587795
2011-02-16 00:00:00-05:00,1.6486669778823853,3.4119486808776855,103.51611447053534,110.64410047349482
2011-02-17 00:00:00-05:00,1.5733330249786377,3.385016679763794,98.78606395280212,109.77073826441519
2011-02-18 00:00:00-05:00,1.5453330278396606,3.3580846786499023,97.02800671753444,108.89737605533554
2011-02-22 00:00:00-05:00,1.4579999446868896,3.3126368522644043,91.54455763170459,107.42357491140817
2011-02-23 00:00:00-05:00,1.4553329944610596,3.3126368522644043,91.37710578814378,107.42357491140817
2011-02-24 00:00:00-05:00,1.5019999742507935,3.2840211391448975,94.30722113994946,106.49561258440711
2011-02-25 00:00:00-05:00,1.5740000009536743,3.3412516117095947,98.82794188346199,108.35150631225918
2011-02-28 00:00:00-05:00,1.5926669836044312,3.3580846786499023,100.0,108.89737605533554
2011-03-01 00:00:00-05:00,1.5959999561309814,3.3193695545196533,100.209269895142,107.6419057992562
2011-03-02 00:00:00-05:00,1.6013330221176147,3.3160030841827393,100.5441211880698,107.53273648956343
2011-03-03 00:00:00-05:00,1.6239999532699585,3.38838267326355,101.96732713040969,109.87989211103293
2011-03-04 00:00:00-05:00,1.6633330583572388,3.3749170303344727,104.43696488219278,109.44322260379937
2011-03-07 00:00:00-05:00,1.6626670360565186,3.3176863193511963,104.3951468306116,107.58732114440981
2011-03-08 00:00:00-05:00,1.6440000534057617,3.3362021446228027,103.22308871407357,108.18776007925754
2011-03-09 00:00:00-05:00,1.6480000019073486,3.3261027336120605,103.47423653987546,107.86025215017925
2011-03-10 00:00:00-05:00,1.6006669998168945,3.295804023742676,100.5023031364886,106.87771289986931
2011-03-11 00:00:00-05:00,1.6046669483184814,3.3277862071990967,100.75345096229047,107.91484453656312
2011-03-14 00:00:00-04:00,1.5499999523162842,3.3362021446228027,97.32103247399621,108.18776007925754
2011-03-15 00:00:00-04:00,1.5299999713897705,3.4557125568389893,96.06527837521712,112.06329376796327
2011-03-16 00:00:00-04:00,1.5213329792022705,3.4573962688446045,95.52109730806866,112.11789388588467
2011-03-17 00:00:00-04:00,1.5206669569015503,3.531459093093872,95.47927925648747,114.51963416220055
2011-03-18 00:00:00-04:00,1.5306669473648071,3.528092384338379,96.10715630587701,114.41045712097026
2011-03-21 00:00:00-04:00,1.5153330564498901,3.566807508468628,95.14437556936583,115.66592737704961
2011-03-22 00:00:00-04:00,1.4793330430984497,3.5381927490234375,92.88401519760957,114.73799597619862
2011-03-23 00:00:00-04:00,1.480666995048523,3.5533406734466553,92.96777105892933,115.2292192121285
2011-03-24 00:00:00-04:00,1.4886670112609863,3.657703161239624,93.47007419541792,118.61352966490435
2011-03-25 00:00:00-04:00,1.5166670083999634,3.656019926071167,95.2281314306856,118.55894501005795
2011-03-28 00:00:00-04:00,1.5499999523162842,3.6980998516082764,97.32103247399621,119.92353045506748
2011-03-29 00:00:00-04:00,1.5946669578552246,3.757016181945801,100.12557391290093,121.83409388467854
2011-03-30 00:00:00-04:00,1.5806670188903809,3.8091952800750732,99.24654903770951,123.52617952722883
2011-03-31 00:00:00-04:00,1.850000023841858,3.790679454803467,116.1573664103368,122.92574059238113
2011-04-01 00:00:00-04:00,1.7773330211639404,3.8580100536346436,111.59476773616439,125.10916544392401
2011-04-04 00:00:00-04:00,1.722000002861023,3.799095392227173,108.12053119628892,123.19865613507552
2011-04-05 00:00:00-04:00,1.7799999713897705,3.969104290008545,111.76221957972521,128.7117758583978
2011-04-06 00:00:00-04:00,1.7660000324249268,4.022968769073486,110.8831947045338,130.4585157396321
2011-04-07 00:00:00-04:00,1.815999984741211,4.044849872589111,114.02257995148149,131.16808532648506
2011-04-08 00:00:00-04:00,1.7660000324249268,4.007818698883057,110.8831947045338,129.9672229198646
2011-04-11 00:00:00-04:00,1.6846669912338257,3.9977192878723145,105.7764748422916,129.63971499078633
2011-04-12 00:00:00-04:00,1.6433329582214355,4.006134510040283,103.18120329852887,129.91260733886818
2011-04-13 00:00:00-04:00,1.6619999408721924,4.268723487854004,104.3532614150669,138.42795266257917
2011-04-14 00:00:00-04:00,1.6759999990463257,4.2771382331848145,105.23229377514313,138.70082954758598
2011-04-15 00:00:00-04:00,1.7053329944610596,4.44378137588501,107.07404699265186,144.10480315582805
2011-04-18 00:00:00-04:00,1.668666958808899,4.400016784667969,104.77186856931442,142.68558666674707
2011-04-19 00:00:00-04:00,1.6773329973220825,4.470713138580322,105.31598975738419,144.9781576333702
2011-04-20 00:00:00-04:00,1.7166670560836792,4.435365200042725,107.78568738824599,143.83187988159614
2011-04-21 00:00:00-04:00,1.7826670408248901,4.46734619140625,111.92967890817087,144.86897286060238
2011-04-25 00:00:00-04:00,1.7593330144882202,4.458929538726807,110.46458755028625,144.59603412329545
2011-04-26 00:00:00-04:00,1.7953330278396606,4.425266265869141,112.72494792204253,143.50438741559287
2011-04-27 00:00:00-04:00,1.8053330183029175,4.413482189178467,113.35282497143207,143.1222484424431
2011-04-28 00:00:00-04:00,1.843999981880188,4.4101152420043945,115.78063718674916,143.01306366967532
2011-04-29 00:00:00-04:00,1.840000033378601,4.322587013244629,115.52948936094727,140.17466161766342
2011-05-02 00:00:00-04:00,1.8300000429153442,4.339418411254883,114.90161231155773,140.72047723997719
2011-05-03 00:00:00-04:00,1.7913329601287842,4.352884769439697,112.47379261135582,141.15716994182327
2011-05-04 00:00:00-04:00,1.7793329954147339,4.322587013244629,111.72034164906535,140.17466161766342
2011-05-05 00:00:00-04:00,1.762666940689087,4.354569435119629,110.67391732450696,141.21180098589474
2011-05-06 00:00:00-04:00,1.8079999685287476,4.2855544090271,113.52027681499288,138.9737528218179
2011-05-09 00:00:00-04:00,1.8606669902801514,4.288921356201172,116.82712139038622,139.0829375945857
2011-05-10 00:00:00-04:00,1.8886669874191284,4.339418411254883,118.5851786256539,140.72047723997719
2011-05-11 00:00:00-04:00,1.8046669960021973,4.3427863121032715,113.31100691985088,140.82969293889502
2011-05-12 00:00:00-04:00,1.8446669578552246,4.364668369293213,115.82251511740903,141.539293451898
2011-05-13 00:00:00-04:00,1.8366669416427612,4.497644901275635,115.32021198092043,145.85151211091232
2011-05-16 00:00:00-04:00,1.773332953453064,4.45724630355835,111.34361242547767,144.54144946844906
2011-05-17 00:00:00-04:00,1.730666995048523,4.435365200042725,108.66471226343741,143.83187988159614
2011-05-18 00:00:00-04:00,1.7566670179367065,4.49091100692749,110.29719558580413,145.63314256537672
2011-05-19 00:00:00-04:00,1.8799999952316284,4.598639011383057,118.04099755850541,149.1265914016953
2011-05-20 00:00:00-04:00,1.8646670579910278,4.692901611328125,117.07827670107294,152.1833784623178
2011-05-23 00:00:00-04:00,1.7879999876022339,4.655869483947754,112.2645227162138,150.98248512954734
2011-05-24 00:00:00-04:00,1.7813329696655273,4.649137020111084,111.84591556196628,150.7641619732368
2011-05-25 00:00:00-04:00,1.9320000410079956,4.671018600463867,121.30596420323887,151.47374702316478
2011-05-26 00:00:00-04:00,1.9653329849243164,4.671018600463867,123.39886524654948,151.47374702316478
2011-05-27 00:00:00-04:00,1.9700000286102295,4.748449325561523,123.69189848789608,153.9847029983985
2011-05-31 00:00:00-04:00,2.0093328952789307,4.709733963012695,126.16152126990951,152.72922501078165
2011-06-01 00:00:00-04:00,1.901332974433899,4.623889446258545,119.38044763952556,149.94542307669113
2011-06-02 00:00:00-04:00,1.9173330068588257,4.588540554046631,120.38505391250274,148.79911439876702
2011-06-03 00:00:00-04:00,2.0086669921875,4.499328136444092,126.11971070321317,145.9060967657587
2011-06-06 00:00:00-04:00,1.9133330583572388,4.472395896911621,120.13390608670088,145.03272682514154
2011-06-07 00:00:00-04:00,1.891332983970642,4.406749725341797,118.75257059013602,142.90392528613262
2011-06-08 00:00:00-04:00,1.8079999685287476,4.421898365020752,113.52027681499288,143.395171716675
2011-06-09 00:00:00-04:00,1.841333031654358,4.460613250732422,115.61318534318833,144.65063424121684
2011-06-10 00:00:00-04:00,1.8573329448699951,4.420215129852295,116.6177841312807,143.34058706182864
2011-06-13 00:00:00-04:00,1.8953330516815186,4.418532848358154,119.00372590082273,143.2860333331323
2011-06-14 00:00:00-04:00,1.9066669940948486,4.448831558227539,119.71535881153201,144.26857258344222
2011-06-15 00:00:00-04:00,1.8213330507278442,4.396650314331055,114.35743124440927,142.5764173570543
2011-06-16 00:00:00-04:00,1.7666670083999634,4.4101152420043945,110.92507263519367,143.01306366967532
2011-06-17 00:00:00-04:00,1.7666670083999634,4.45051383972168,110.92507263519367,144.32312631213856
2011-06-20 00:00:00-04:00,1.7339999675750732,4.511111259460449,108.87398215857942,146.28820481275838
2011-06-21 00:00:00-04:00,1.835332989692688,4.630621433258057,115.23645611960067,150.16373076992662
2011-06-22 00:00:00-04:00,1.8140000104904175,4.46734619140625,113.89700603858056,144.86897286060238
2011-06-23 00:00:00-04:00,1.8473329544067383,4.420215129852295,115.98990708189115,143.34058706182864
2011-06-24 00:00:00-04:00,1.8380000591278076,4.396650314331055,115.40391544804633,142.5764173570543
2011-06-27 00:00:00-04:00,1.8306670188903809,4.341103553771973,114.94349024221762,140.77512374712367
2011-06-28 00:00:00-04:00,1.8739999532699585,4.435365200042725,117.66426833491776,143.83187988159614
2011-06-29 00:00:00-04:00,1.8860000371932983,4.374768257141113,118.41772678209308,141.86681684405133
2011-06-30 00:00:00-04:00,1.9420000314712524,4.489229202270508,121.93384125262841,145.57860429975543
2011-07-01 00:00:00-04:00,1.9346669912338257,4.532993316650391,121.47341604679968,146.99780532576136
2011-07-05 00:00:00-04:00,1.942667007446289,4.612107276916504,121.97571918328829,149.5633459558415
2011-07-06 00:00:00-04:00,1.9306670427322388,4.596957206726074,121.22226822099782,149.07205313607398
2011-07-07 00:00:00-04:00,1.9819999933242798,4.581806659698486,124.44534945018655,148.58074485323144
2011-07-08 00:00:00-04:00,1.920667052268982,4.519526958465576,120.59439117160828,146.56111262391528
2011-07-11 00:00:00-04:00,1.8899999856948853,4.3680338859558105,118.66887460789495,141.6484318354407
2011-07-12 00:00:00-04:00,1.878000020980835,4.176144599914551,117.91542364560448,135.42576571987806
2011-07-13 00:00:00-04:00,1.9093329906463623,4.078516483306885,119.88275077601416,132.2598402757128
2011-07-14 00:00:00-04:00,1.8406670093536377,4.0111846923828125,115.57136729160715,130.07637676648235
2011-07-15 00:00:00-04:00,1.8386670351028442,3.9707882404327393,115.4457933787062,128.76638370785673
2011-07-18 00:00:00-04:00,1.8153330087661743,3.9421725273132324,113.9807020208216,127.83842138085568
2011-07-19 00:00:00-04:00,1.8593330383300781,3.990985870361328,116.74336552906645,129.42136090832577
2011-07-20 00:00:00-04:00,1.9126670360565186,3.9186065196990967,120.09208803511969,127.07421301839379
2011-07-21 00:00:00-04:00,1.9133330583572388,3.9253406524658203,120.13390608670088,127.2925902954669
2011-07-22 00:00:00-04:00,1.952666997909546,3.950587749481201,122.60359623267783,128.11131372893755
2011-07-25 00:00:00-04:00,1.8993330001831055,3.9775197505950928,119.25487372662462,128.98467593801718
2011-07-26 00:00:00-04:00,1.8666670322418213,3.9994025230407715,117.20385061397387,129.6942996456327
2011-07-27 00:00:00-04:00,1.8426669836044312,3.955636739730835,115.69694120450808,128.27504449886416
2011-07-28 00:00:00-04:00,1.878000020980835,3.9657387733459473,117.91542364560448,128.6026374748551
2011-07-29 00:00:00-04:00,1.878000020980835,3.969104290008545,117.91542364560448,128.7117758583978
2011-08-01 00:00:00-04:00,1.9179999828338623,3.889991521835327,120.42693184316262,126.14627388600528
2011-08-02 00:00:00-04:00,1.8226670026779175,3.8563263416290283,114.44118710572901,125.0545653260026
2011-08-03 00:00:00-04:00,1.8133330345153809,3.8462283611297607,113.85512810792066,124.72710378614937
2011-08-04 00:00:00-04:00,1.649999976158142,3.6829521656036377,103.5998104527764,119.4323149506751
2011-08-05 00:00:00-04:00,1.6160000562667847,3.7250335216522217,101.46503147880593,120.79694678490971
2011-08-08 00:00:00-04:00,1.5759999752044678,3.4607625007629395,98.95351579636294,112.22705546403992
2011-08-09 00:00:00-04:00,1.670667052268982,3.595423698425293,104.8974499671002,116.59390516712568
2011-08-10 00:00:00-04:00,1.5880000591278076,3.4573962688446045,99.70697424353824,112.11789388588467
2011-08-11 00:00:00-04:00,1.6866669654846191,3.608889102935791,105.90204875519254,117.03056694282172
2011-08-12 00:00:00-04:00,1.753999948501587,3.487694263458252,110.12973625735849,113.10040994158206
2011-08-15 00:00:00-04:00,1.7486670017242432,3.52640962600708,109.79489244931555,114.3558879291989
2011-08-16 00:00:00-04:00,1.7400000095367432,3.600473642349243,109.25071138216707,116.75766686320235
2011-08-17 00:00:00-04:00,1.722000002861023,3.4439291954040527,108.12053119628892,111.68117798942605
2011-08-18 00:00:00-04:00,1.6173330545425415,3.607205390930176,101.54872746104698,116.97596682490033
2011-08-19 00:00:00-04:00,1.4866670370101929,3.630770444869995,93.34450028251698,117.74014426121215
2011-08-22 00:00:00-04:00,1.463333010673523,3.6375033855438232,91.87940892463237,117.9584828805977
2011-08-23 00:00:00-04:00,1.5306669473648071,3.800778388977051,96.10715630587701,123.25323305838441
2011-08-24 00:00:00-04:00,1.591333031654358,3.9303903579711914,99.91624413868024,127.45634426000605
2011-08-25 00:00:00-04:00,1.5406670570373535,3.78731369972229,96.73504084015137,122.81659447730091
2011-08-26 00:00:00-04:00,1.5820000171661377,3.834444284439087,99.3302450199506,124.34496481299962
2011-08-29 00:00:00-04:00,1.647333025932312,3.88830828666687,103.43235860921558,126.0916892311589
2011-08-30 00:00:00-04:00,1.6419999599456787,3.932072162628174,103.09750731628779,127.51088252562735
2011-08-31 00:00:00-04:00,1.6493330001831055,4.028018951416016,103.55793252211653,130.6222851672463
2011-09-01 00:00:00-04:00,1.600000023841858,3.878208637237549,100.46042520582871,125.76417357054308
2011-09-02 00:00:00-04:00,1.5379999876022339,3.728400230407715,96.56758151170573,120.90612382613999
2011-09-06 00:00:00-04:00,1.5293329954147339,3.839493989944458,96.02340044455725,124.50871877753877
2011-09-07 00:00:00-04:00,1.5893330574035645,3.9085071086883545,99.79067022577931,126.7467050893155
2011-09-08 00:00:00-04:00,1.5740000009536743,3.8563263416290283,98.82794188346199,125.0545653260026
2011-09-09 00:00:00-04:00,1.5313329696655273,3.893357276916504,96.1489743574582,126.25542000108551
2011-09-12 00:00:00-04:00,1.525333046913147,3.9085071086883545,95.77225261875537,126.7467050893155
2011-09-13 00:00:00-04:00,1.6053329706192017,3.9000909328460693,100.79526901387166,126.47378181508357
2011-09-14 00:00:00-04:00,1.6226669549942017,4.024651527404785,101.8836311481686,130.51308493140348
2011-09-15 00:00:00-04:00,1.6546670198440552,4.147528171539307,103.89284369412299,134.49778019826445
2011-09-16 00:00:00-04:00,1.7200000286102295,4.189610004425049,107.99495728338799,135.86242749557408
2011-09-19 00:00:00-04:00,1.718000054359436,4.078516483306885,107.86938337048706,132.2598402757128
2011-09-20 00:00:00-04:00,1.7339999675750732,4.03643274307251,108.87398215857942,130.89513112610308
2011-09-21 00:00:00-04:00,1.7233330011367798,3.945539712905884,108.20422717853,127.947613885161
2011-09-22 00:00:00-04:00,1.7086670398712158,3.805828094482422,107.28338425175738,123.41698702292354
2011-09-23 00:00:00-04:00,1.7586669921875,3.7889955043792725,110.4227694987051,122.87113274292221
2011-09-26 00:00:00-04:00,1.7013330459594727,3.9741549491882324,106.82289916685,128.87556074908701
2011-09-27 00:00:00-04:00,1.746000051498413,4.019601345062256,109.62744060575473,130.34931550378928
2011-09-28 00:00:00-04:00,1.6393330097198486,3.9590039253234863,102.93005547272698,128.3842370031695
2011-09-29 00:00:00-04:00,1.6080000400543213,4.038117408752441,100.96272834231732,130.94976217017452
2011-09-30 00:00:00-04:00,1.6260000467300415,3.88830828666687,102.09290852819547,126.0916892311589
2011-10-03 00:00:00-04:00,1.5820000171661377,3.8664252758026123,99.3302450199506,125.38205779200587
2011-10-04 00:00:00-04:00,1.5773329734802246,4.004452228546143,99.03721177860399,129.85805361017185
2011-10-05 00:00:00-04:00,1.6913330554962158,4.017918586730957,106.19502211746045,130.29474631201793
2011-10-06 00:00:00-04:00,1.797333002090454,4.049900531768799,112.85052183494346,131.33187021717424
2011-10-07 00:00:00-04:00,1.7993329763412476,4.095348358154297,112.97609574784443,132.80567136110162
2011-10-10 00:00:00-04:00,1.858667016029358,4.137428283691406,116.70154747748529,134.17025680611113
2011-10-11 00:00:00-04:00,1.8406670093536377,4.19465970993042,115.57136729160715,136.02618146011324
2011-10-12 00:00:00-04:00,1.8533329963684082,4.3175368309021,116.3666363054788,140.01089219004922
2011-10-13 00:00:00-04:00,1.8626669645309448,4.245156764984131,116.95269530328716,137.66372110550472
2011-10-14 00:00:00-04:00,1.8700000047683716,4.235058784484863,117.41312050911587,137.3362595656515
2011-10-17 00:00:00-04:00,1.8279999494552612,4.080198287963867,114.77603091377195,132.31437854133412
2011-10-18 00:00:00-04:00,1.8893330097198486,4.2047576904296875,118.62699667723507,136.35364299996644
2011-10-19 00:00:00-04:00,1.8380000591278076,4.186244964599609,115.40391544804633,135.7533045751064
2011-10-20 00:00:00-04:00,1.8226670026779175,4.21822452545166,114.44118710572901,136.79035116488757
2011-10-21 00:00:00-04:00,1.8686670064926147,4.2148590087890625,117.32942452687483,136.68121278134484
2011-10-24 00:00:00-04:00,1.9033329486846924,4.3057541847229,119.50602155242649,139.62879960612455
2011-10-25 00:00:00-04:00,1.8833329677581787,4.3091206550598145,118.25026745364741,139.7379689158173
2011-10-26 00:00:00-04:00,1.8653329610824585,4.2148590087890625,117.12008726776928,136.68121278134484
2011-10-27 00:00:00-04:00,1.9173330068588257,4.361299991607666,120.38505391250274,141.43006228990512
2011-10-28 00:00:00-04:00,1.9913330078125,4.4101152420043945,125.03134856891623,143.01306366967532
2011-10-31 00:00:00-04:00,1.9579999446868896,4.304070949554443,122.93844004072076,139.57421495127818
2011-11-01 00:00:00-04:00,1.925333023071289,4.2148590087890625,120.88735704899133,136.68121278134484
2011-11-02 00:00:00-04:00,1.9140000343322754,4.224958419799805,120.17578401736073,137.00872071042315
2011-11-03 00:00:00-04:00,2.1640000343322754,4.347836017608643,135.87272522186882,140.99344690343418
2011-11-04 00:00:00-04:00,2.1540000438690186,4.324269771575928,135.2448481724793,140.22923080943477
2011-11-07 00:00:00-05:00,2.0846669673919678,4.283871650695801,130.89157927252757,138.91918363004655
2011-11-08 00:00:00-05:00,2.122667074203491,4.315853595733643,133.27752104206962,139.95630753520285
2011-11-09 00:00:00-05:00,2.058666944503784,4.19465970993042,129.25909595016086,136.02618146011324
2011-11-10 00:00:00-05:00,2.0886669158935547,4.140796661376953,131.14272709832946,134.279487968104
2011-11-11 00:00:00-05:00,2.2426669597625732,4.236741065979004,140.81204563474407,137.39081329434782
2011-11-14 00:00:00-05:00,2.2146670818328857,4.147528171539307,139.05399588436123,134.49778019826445
2011-11-15 00:00:00-05:00,2.26200008392334,3.9657387733459473,142.02592928774808,128.6026374748551
2011-11-16 00:00:00-05:00,2.3293330669403076,3.790679454803467,146.25361678991402,122.92574059238113
2011-11-17 00:00:00-05:00,2.245332956314087,3.6913678646087646,140.97943759922617,119.705222761832
2011-11-18 00:00:00-05:00,2.173332929611206,3.7805802822113037,136.45871685571365,122.59824039484035
2011-11-21 00:00:00-05:00,2.117332935333252,3.8243439197540283,132.94260238517833,124.01742595777128
2011-11-22 00:00:00-05:00,2.138000011444092,3.7755300998687744,134.2402418995021,122.43447096722618
2011-11-23 00:00:00-05:00,2.0966670513153076,3.721665620803833,131.64503771970288,120.68773108599187
2011-11-25 00:00:00-05:00,2.1106669902801514,3.620671272277832,132.5240625948943,117.41264406367138
2011-11-28 00:00:00-05:00,2.1706669330596924,3.7637481689453125,136.2913248912315,122.05240157791404
2011-11-29 00:00:00-05:00,2.1166670322418213,3.8293936252593994,132.90079181848196,124.18117992231042
2011-11-30 00:00:00-05:00,2.1826670169830322,3.8916759490966797,137.04478333840683,126.20089719853924
2011-12-01 00:00:00-05:00,2.173332929611206,3.932072162628174,136.45871685571365,127.51088252562735
2011-12-02 00:00:00-05:00,2.2200000286102295,3.9085071086883545,139.38883969240416,126.7467050893155
2011-12-05 00:00:00-05:00,2.2946670055389404,3.9859373569488525,144.07701227947751,129.2576456014742
2011-12-06 00:00:00-05:00,2.324666976928711,3.928705930709839,145.96064342764612,127.40172094747209
2011-12-07 00:00:00-05:00,2.2793331146240234,3.9876210689544678,143.11423154296634,129.3122457193956
2011-12-08 00:00:00-05:00,2.059333086013794,3.967421054840088,129.30092148662686,128.65719120355143
2011-12-09 00:00:00-05:00,2.069333076477051,4.0734663009643555,129.9287985360164,132.09607084809863
2011-12-12 00:00:00-05:00,2.0273330211639404,4.159311294555664,127.29170894067248,134.87988824526417
2011-12-13 00:00:00-05:00,1.963333010673523,4.051584720611572,123.27329133364854,131.3864857981707
2011-12-14 00:00:00-05:00,1.9019999504089355,3.953955888748169,119.42232557018544,128.22053715939293
2011-12-15 00:00:00-05:00,1.9079999923706055,3.9893031120300293,119.79905479377308,129.36679171655442
2011-12-16 00:00:00-05:00,1.8666670322418213,3.928705930709839,117.20385061397387,127.40172094747209
2011-12-19 00:00:00-05:00,1.850000023841858,3.815927028656006,116.1573664103368,123.74447948892681
2011-12-20 00:00:00-05:00,1.8600000143051147,3.950587749481201,116.78524345972635,128.11131372893755
2011-12-21 00:00:00-05:00,1.8380000591278076,3.962369680404663,115.40391544804633,128.49338311824968
2011-12-22 00:00:00-05:00,1.8513330221176147,4.004452228546143,116.24106239257787,129.85805361017185
2011-12-23 00:00:00-05:00,1.8600000143051147,4.026333808898926,116.78524345972635,130.56763866009982
2011-12-27 00:00:00-05:00,1.9046670198440552,4.026333808898926,119.58978489863108,130.56763866009982
2011-12-28 00:00:00-05:00,1.9006669521331787,4.051584720611572,119.33862958794437,131.3864857981707
2011-12-29 00:00:00-05:00,1.9153330326080322,4.098714828491211,120.25947999960181,132.91484067079438
2011-12-30 00:00:00-05:00,1.9040000438690186,4.061683654785156,119.5479069679712,131.71397826417396
2012-01-03 00:00:00-05:00,1.871999979019165,4.004452228546143,117.5386944220168,129.85805361017185
2012-01-04 00:00:00-05:00,1.8473329544067383,4.061683654785156,115.98990708189115,131.71397826417396
2012-01-05 00:00:00-05:00,1.8079999685287476,4.251889705657959,113.52027681499288,137.88205972489024
2012-01-06 00:00:00-05:00,1.7940000295639038,4.186244964599609,112.64125193980146,135.7533045751064
2012-01-09 00:00:00-05:00,1.8166669607162476,4.038117408752441,114.06445788214134,130.94976217017452
2012-01-10 00:00:00-05:00,1.841333031654358,4.078516483306885,115.61318534318833,132.2598402757128
2012-01-11 00:00:00-05:00,1.8819999694824219,4.103764533996582,118.16657147140634,133.07859463533353
2012-01-12 00:00:00-05:00,1.8833329677581787,4.070098876953125,118.25026745364741,131.9868706122558
2012-01-13 00:00:00-05:00,1.519333004951477,3.9573211669921875,95.39552339516771,128.3296678113981
2012-01-17 00:00:00-05:00,1.773332953453064,3.910189151763916,111.34361242547767,126.80125108647431
2012-01-18 00:00:00-05:00,1.7873330116271973,4.043167591094971,112.22264478555392,131.11353159778872
2012-01-19 00:00:00-05:00,1.784000039100647,4.181193828582764,112.01337489041192,135.58950422134217
2012-01-20 00:00:00-05:00,1.773332953453064,4.132379531860352,111.34361242547767,134.00653376772203
2012-01-23 00:00:00-05:00,1.7846670150756836,4.167727947235107,112.0552528210718,135.1528269825711
2012-01-24 00:00:00-05:00,1.8279999494552612,4.166043758392334,114.77603091377195,135.09821140157467
2012-01-25 00:00:00-05:00,1.8646670579910278,4.208126544952393,117.07827670107294,136.46288962503434
2012-01-26 00:00:00-05:00,1.929332971572876,4.157628059387207,121.13850487479323,134.82530359041778
2012-01-27 00:00:00-05:00,1.9553329944610596,4.09366512298584,122.77098819715995,132.75108670625525
2012-01-30 00:00:00-05:00,1.9713330268859863,3.9960362911224365,123.77559447013715,129.58513806747746
2012-01-31 00:00:00-05:00,1.937999963760376,3.932072162628174,121.6826859419417,127.51088252562735
2012-02-01 00:00:00-05:00,1.972000002861023,3.9236557483673096,123.81747240079702,127.2379515198579
2012-02-02 00:00:00-05:00,2.016666889190674,3.916923999786377,126.62200635481693,127.01965155815995
2012-02-03 00:00:00-05:00,2.076667070388794,3.97920298576355,130.3892836209238,129.03926059286357
2012-02-06 00:00:00-05:00,2.119999885559082,3.9404892921447754,133.11005422873913,127.7838367260093
2012-02-07 00:00:00-05:00,2.1066670417785645,3.9943535327911377,132.2729147690924,129.5305688757061
2012-02-08 00:00:00-05:00,2.128667116165161,4.122280120849609,133.65425026565728,133.67902583864375
2012-02-09 00:00:00-05:00,2.171999931335449,4.053267002105713,136.3750208734726,131.441039526867
2012-02-10 00:00:00-05:00,2.0733330249786377,3.851275682449341,130.17994636181828,124.89078043531339
2012-02-13 00:00:00-05:00,2.0993330478668213,3.8613765239715576,131.81242968418502,125.21833475361677
2012-02-14 00:00:00-05:00,2.2113330364227295,3.868110179901123,138.8446586252557,125.43669656761485
2012-02-15 00:00:00-05:00,2.240000009536743,3.839493989944458,140.64459379118324,124.50871877753877
2012-02-16 00:00:00-05:00,2.2786669731140137,3.9038808345794678,143.07240600650033,126.5966823354006
2012-02-17 00:00:00-05:00,2.3313329219818115,3.927602529525757,146.37918321793012,127.36593939185892
2012-02-21 00:00:00-05:00,2.299999952316284,3.9479358196258545,144.41185608752045,128.0253158371732
2012-02-22 00:00:00-05:00,2.2813329696655273,3.892019510269165,143.23979797098247,126.2120383440964
2012-02-23 00:00:00-05:00,2.302000045776367,3.9462411403656006,144.53743748530624,127.97036006852616
2012-02-24 00:00:00-05:00,2.25,3.8513550758361816,141.27247084057277,124.89335503730543
2012-02-27 00:00:00-05:00,2.2413330078125,3.8971035480499268,140.7282897734243,126.37690565003751
2012-02-28 00:00:00-05:00,2.253999948501587,3.953019380569458,141.52361866637466,128.19016768003928
2012-02-29 00:00:00-05:00,2.2273330688476562,3.8598268032073975,139.8492648982329,125.16807975977804
2012-03-01 00:00:00-05:00,2.2939999103546143,4.039431571960449,144.03512686393282,130.9923784049498
2012-03-02 00:00:00-05:00,2.2693328857421875,4.044515609741211,142.48633952380715,131.15724571089092
2012-03-05 00:00:00-05:00,2.251332998275757,4.093652725219727,141.35616682281383,132.75068466630452
2012-03-06 00:00:00-05:00,2.2073330879211426,4.0309600830078125,138.5935107994538,130.7176614140147
2012-03-07 00:00:00-05:00,2.2079999446868896,4.0495991706848145,138.63538124522884,131.32209755375698
2012-03-08 00:00:00-05:00,2.204667091369629,4.1021246910095215,138.4261188349717,133.02541712031464
2012-03-09 00:00:00-05:00,2.315999984741211,4.0495991706848145,145.41646236049766,131.32209755375698
2012-03-12 00:00:00-04:00,2.4006669521331787,4.027571201324463,150.73251199696054,130.60776533979566
2012-03-13 00:00:00-04:00,2.4059998989105225,4.0309600830078125,151.06735580500347,130.7176614140147
2012-03-14 00:00:00-04:00,2.3526670932769775,3.9818215370178223,147.71870814779865,129.124176069376
2012-03-15 00:00:00-04:00,2.3333330154418945,4.034348487854004,146.5047646157159,130.82754202515875
2012-03-16 00:00:00-04:00,2.3546669483184814,3.991990327835083,147.84427457581472,129.45393387587077
2012-03-19 00:00:00-04:00,2.3320000171661377,4.058070659637451,146.42106863347485,131.59681454469208
2012-03-20 00:00:00-04:00,2.330667018890381,4.0682373046875,146.33737265123378,131.92650276734923
2012-03-21 00:00:00-04:00,2.3433330059051514,4.180067539215088,147.13264166510544,135.55298043812766
2012-03-22 00:00:00-04:00,2.293333053588867,3.924213409423828,143.99325641815776,127.25603558610234
2012-03-23 00:00:00-04:00,2.2720000743865967,4.002155780792236,142.6538063371376,129.78358344084035
2012-03-26 00:00:00-04:00,2.493333101272583,4.03265380859375,156.55081237571818,130.7725862565117
2012-03-27 00:00:00-04:00,2.5293331146240234,4.025876522064209,158.81117274747442,130.55280957114863
2012-03-28 00:00:00-04:00,2.5233330726623535,3.9801294803619385,158.43444352388678,129.06930534764163
2012-03-29 00:00:00-04:00,2.4886670112609863,3.827634334564209,156.25783901345028,124.12412890699717
2012-03-30 00:00:00-04:00,2.4826669692993164,3.700554370880127,155.8811097898626,120.00312663377053
2012-04-02 00:00:00-04:00,2.438667058944702,3.8056063652038574,153.11845376650257,123.40979669303584
2012-04-03 00:00:00-04:00,2.5339999198913574,3.7344415187835693,159.10419101905134,121.10203325519842
2012-04-04 00:00:00-04:00,2.3333330154418945,3.7191927433013916,146.5047646157159,120.60753957890027
2012-04-05 00:00:00-04:00,2.2986669540405273,3.681915760040283,144.3281601052794,119.39870595710327
2012-04-09 00:00:00-04:00,2.2100000381469727,3.7022483348846436,138.76096264301464,120.05805920780502
2012-04-10 00:00:00-04:00,2.1640000343322754,3.6293892860412598,135.87272522186882,117.69535546439558
2012-04-11 00:00:00-04:00,2.2060000896453857,3.6039741039276123,138.50981481721274,116.87118129697778
2012-04-12 00:00:00-04:00,2.22933292388916,3.6531102657318115,139.974831326249,118.46458932624135
2012-04-13 00:00:00-04:00,2.239332914352417,3.5971951484680176,140.60270837563854,116.65135049085211
2012-04-16 00:00:00-04:00,2.1500000953674316,3.676832675933838,134.99370034667743,119.23386957731222
2012-04-17 00:00:00-04:00,2.1493330001831055,3.7530806064605713,134.9518149311327,121.7064693949407
2012-04-18 00:00:00-04:00,2.177333116531372,3.776801586151123,136.7098796512852,122.47570325678647
2012-04-19 00:00:00-04:00,2.2106668949127197,3.776801586151123,138.80283308878967,122.47570325678647
2012-04-20 00:00:00-04:00,2.2106668949127197,3.792051076889038,138.80283308878967,122.97022012769716
2012-04-23 00:00:00-04:00,2.129333019256592,3.790358066558838,133.69606083235362,122.91531847981273
2012-04-24 00:00:00-04:00,2.121332883834839,3.7751071453094482,133.1937502109802,122.42075521967695
2012-04-25 00:00:00-04:00,2.194000005722046,3.8259379863739014,137.75635637003745,124.06911901758755
2012-04-26 00:00:00-04:00,2.2326669692993164,3.8259379863739014,140.1841685853545,124.06911901758755
2012-04-27 00:00:00-04:00,2.2226669788360596,3.8428821563720703,139.556291535965,124.61859165714529
2012-04-30 00:00:00-04:00,2.208667039871216,3.856437921524048,138.67726666077357,125.05818368555899
2012-05-01 00:00:00-04:00,2.252000093460083,3.873382091522217,141.39805223835856,125.60765632511672
2012-05-02 00:00:00-04:00,2.262666940689087,3.8581323623657227,142.06779973352312,125.11313172266851
2012-05-03 00:00:00-04:00,2.1640000343322754,3.8089945316314697,135.87272522186882,123.51966957264236
2012-05-04 00:00:00-04:00,2.121999979019165,3.6988587379455566,133.2356356265249,119.94813993897341
2012-05-07 00:00:00-04:00,2.1646668910980225,3.573474645614624,135.91459566764388,115.88213209208138
2012-05-08 00:00:00-04:00,2.012666940689087,3.5768625736236572,126.37085852901504,115.99199724015037
2012-05-09 00:00:00-04:00,2.003999948501587,3.5429744720458984,125.82667746186658,114.89305969257242
2012-05-10 00:00:00-04:00,2.1973330974578857,3.5700857639312744,137.96563375006428,115.77223601786233
2012-05-11 00:00:00-04:00,2.1500000953674316,3.444700241088867,134.99370034667743,111.70618178174519
2012-05-14 00:00:00-04:00,2.003999948501587,3.5378925800323486,125.82667746186658,114.72826197046892
2012-05-15 00:00:00-04:00,1.9620000123977661,3.4938366413116455,123.18959535140748,113.29959754254627
2012-05-16 00:00:00-04:00,1.9453330039978027,3.5311150550842285,122.14311114777041,114.50847755356834
2012-05-17 00:00:00-04:00,1.9046670198440552,3.1380157470703125,119.58978489863108,101.76088859488428
2012-05-18 00:00:00-04:00,1.8373329639434814,3.2312071323394775,115.36203003250161,104.78293785745798
2012-05-21 00:00:00-04:00,1.9179999828338623,3.2159576416015625,120.42693184316262,104.28842098654727
2012-05-22 00:00:00-04:00,2.053333044052124,3.226123809814453,128.92419226303923,104.6180937461294
2012-05-23 00:00:00-04:00,2.068000078201294,3.2329018115997314,129.84510255377535,104.837893626105
2012-05-24 00:00:00-04:00,2.018666982650757,3.2738890647888184,126.74758775260271,106.16704543468947
2012-05-25 00:00:00-04:00,1.987333059310913,3.3336634635925293,124.78020074311434,108.10543466781218
2012-05-29 00:00:00-04:00,2.1126670837402344,3.3661110401153564,132.6496439926801,109.15765826573262
2012-05-30 00:00:00-04:00,2.0273330211639404,3.357571601867676,127.29170894067248,108.88073778660616
2012-05-31 00:00:00-04:00,1.9666670560836792,3.2755966186523438,123.48262859275407,106.22241870636225
2012-06-01 00:00:00-04:00,1.8766670227050781,3.279012680053711,117.83172766336341,106.33319617585784
2012-06-04 00:00:00-04:00,1.858667016029358,3.279012680053711,116.70154747748529,106.33319617585784
2012-06-05 00:00:00-04:00,1.8606669902801514,3.3370778560638428,116.82712139038622,108.21615801654518
2012-06-06 00:00:00-04:00,1.9479999542236328,3.304629325866699,122.31056299133122,107.16390349247466
2012-06-07 00:00:00-04:00,1.9286669492721558,3.2106995582580566,121.09668682321204,104.11790965822121
2012-06-08 00:00:00-04:00,2.0053329467773438,3.2499802112579346,125.91037344410762,105.39171912128293
2012-06-11 00:00:00-04:00,1.9413330554962158,3.1218929290771484,121.89196332196855,101.23805110206109
2012-06-12 00:00:00-04:00,1.9773329496383667,3.1714184284210205,124.15231620883995,102.84408473208444
2012-06-13 00:00:00-04:00,1.9846669435501099,3.092859983444214,124.61280129374737,100.29655858441116
2012-06-14 00:00:00-04:00,1.9593329429626465,3.0296709537506104,123.02213602296183,98.24743827101791
2012-06-15 00:00:00-04:00,1.99399995803833,3.04504132270813,125.19880041247704,98.74587503144802
2012-06-18 00:00:00-04:00,2.122667074203491,3.1116464138031006,133.27752104206962,100.90577281433686
2012-06-19 00:00:00-04:00,2.1393330097198486,3.137263774871826,134.32393788174318,101.73650332556623
2012-06-20 00:00:00-04:00,2.252000093460083,3.0979835987091064,141.39805223835856,100.46270932557952
2012-06-21 00:00:00-04:00,2.1459999084472656,2.998929738998413,134.74253755110587,97.25054928708265
2012-06-22 00:00:00-04:00,2.25266695022583,3.021131753921509,141.4399226841336,97.97052552342895
2012-06-25 00:00:00-04:00,2.2073330879211426,2.9357404708862305,138.5935107994538,95.20142124215191
2012-06-26 00:00:00-04:00,2.107332944869995,2.985267400741577,132.31472533578878,96.80750126140035
2012-06-27 00:00:00-04:00,2.130666971206665,3.0433340072631836,133.77981669367338,98.69050949131277
2012-06-28 00:00:00-04:00,2.0940001010894775,3.041626453399658,131.47758587614206,98.63513621964
2012-06-29 00:00:00-04:00,2.0859999656677246,3.1355559825897217,130.97527525476863,101.68112232235593
2012-07-02 00:00:00-04:00,2.0266671180725098,3.0706582069396973,127.24989837397614,99.57659007960237
2012-07-03 00:00:00-04:00,2.0439999103546143,3.137263774871826,128.3381856594247,101.73650332556623
2012-07-05 00:00:00-04:00,2.0820000171661377,3.120185375213623,130.72412742896674,101.18267783038833
2012-07-06 00:00:00-04:00,2.065999984741211,3.096276044845581,129.71952115598958,100.40733605390675
2012-07-09 00:00:00-04:00,2.0993330478668213,2.992098569869995,131.81242968418502,97.0290252742415
2012-07-10 00:00:00-04:00,2.0846669673919678,2.9972221851348877,130.89157927252757,97.19517601540988
2012-07-11 00:00:00-04:00,2.1006669998168945,2.9391560554504395,131.89618554550478,95.3121832485725
2012-07-12 00:00:00-04:00,2.180000066757202,2.920370101928711,136.87733149484603,94.7029844817218
2012-07-13 00:00:00-04:00,2.2833330631256104,2.8742592334747314,143.36537936876823,93.20768193196896
2012-07-16 00:00:00-04:00,2.3973329067230225,2.8298559188842773,150.52317473785502,91.7677526538889
2012-07-17 00:00:00-04:00,2.2233328819274902,2.858889102935791,139.59810210266133,92.70925290307636
2012-07-18 00:00:00-04:00,2.1433329582214355,2.886214256286621,134.57508570754504,93.59536441751601
2012-07-19 00:00:00-04:00,2.1513330936431885,2.8691346645355225,135.07739632891847,93.04150026465054
2012-07-20 00:00:00-04:00,2.119333028793335,2.783745050430298,133.06818378296407,90.27245010413608
2012-07-23 00:00:00-04:00,2.0439999103546143,2.7564196586608887,128.3381856594247,89.38633085815891
2012-07-24 00:00:00-04:00,1.9893330335617065,2.6863999366760254,124.90577465601527,87.11570199499955
2012-07-25 00:00:00-04:00,1.9299999475479126,2.693230390548706,121.18038280545309,87.33720281322816
2012-07-26 00:00:00-04:00,1.8753329515457153,2.7273876667022705,117.74796431715882,88.44486926665903
2012-07-27 00:00:00-04:00,1.9673329591751099,2.7564196586608887,123.52443915945042,89.38633085815891
2012-07-30 00:00:00-04:00,1.8233330249786377,2.735926389694214,114.4830051573102,88.72176655117296
2012-07-31 00:00:00-04:00,1.8279999494552612,2.735926389694214,114.77603091377195,88.72176655117296
2012-08-01 00:00:00-04:00,1.75,2.7444651126861572,109.87858843155661,88.99866383568688
2012-08-02 00:00:00-04:00,1.7400000095367432,2.689815044403076,109.25071138216707,87.2264485383451
2012-08-03 00:00:00-04:00,1.8179999589920044,2.7154316902160645,114.14815386438242,88.05715585496192
2012-08-06 00:00:00-04:00,1.8846670389175415,2.7342185974121094,118.334030799852,88.66638554796266
2012-08-07 00:00:00-04:00,2.016666889190674,2.8708436489105225,126.62200635481693,93.09691992554838
2012-08-08 00:00:00-04:00,1.9393329620361328,2.8571813106536865,121.76638192418277,92.65387189986608
2012-08-09 00:00:00-04:00,1.9606670141220093,2.8742592334747314,123.10589936916642,93.20768193196896
2012-08-10 00:00:00-04:00,1.996000051498413,3.0296709537506104,125.32438181026282,98.24743827101791
2012-08-13 00:00:00-04:00,2.078000068664551,3.0552878379821777,130.47297960316487,99.07815331917224
2012-08-14 00:00:00-04:00,1.9613330364227295,2.951111078262329,123.14771742074761,95.69986573411954
2012-08-15 00:00:00-04:00,1.9600000381469727,2.9118311405181885,123.06402143850654,94.42607946567036
2012-08-16 00:00:00-04:00,2.0199999809265137,3.0706582069396973,126.83128373484377,99.57659007960237
2012-08-17 00:00:00-04:00,2.000667095184326,3.1714184284210205,125.6174150516094,102.84408473208444
2012-08-20 00:00:00-04:00,1.9673329591751099,3.3285391330718994,123.52443915945042,107.93926073203124
2012-08-21 00:00:00-04:00,1.9406670331954956,3.3285391330718994,121.85014527038736,107.93926073203124
2012-08-22 00:00:00-04:00,1.9966670274734497,3.2089922428131104,125.36625974092269,104.06254411808592
2012-08-23 00:00:00-04:00,2.0486669540405273,3.2277772426605225,128.63121890077133,104.67171195878657
2012-08-24 00:00:00-04:00,1.9666670560836792,3.1879711151123047,123.48262859275407,103.38086218704477
2012-08-27 00:00:00-04:00,1.8880000114440918,3.141242265701294,118.54330069499402,101.86551949205654
2012-08-28 00:00:00-04:00,1.9126670360565186,3.139511823654175,120.09208803511969,101.80940399278246
2012-08-29 00:00:00-04:00,1.8940000534057617,3.220855712890625,118.92002991858166,104.44725769322774
2012-08-30 00:00:00-04:00,1.8940000534057617,3.3160438537597656,118.92002991858166,107.53405858247827
2012-08-31 00:00:00-04:00,1.901332974433899,3.302198648452759,119.38044763952556,107.08508046752299
2012-09-04 00:00:00-04:00,1.8760000467300415,3.5323832035064697,117.78984973270354,114.54960160160346
2012-09-05 00:00:00-04:00,1.8626669645309448,3.5566136837005615,116.95269530328716,115.3353577591159
2012-09-06 00:00:00-04:00,1.9033329486846924,3.644878625869751,119.50602155242649,118.197650262045
2012-09-07 00:00:00-04:00,1.9566669464111328,3.7487223148345947,122.85474405847971,121.56513688919115
2012-09-10 00:00:00-04:00,1.824666976928711,3.736607313156128,114.56676101862995,121.17226654197243
2012-09-11 00:00:00-04:00,1.8533329963684082,3.7677600383758545,116.3666363054788,122.18250015965626
2012-09-12 00:00:00-04:00,1.8853329420089722,3.8196823596954346,118.37584136654836,123.86625893630435
2012-09-13 00:00:00-04:00,1.9653329849243164,3.8733325004577637,123.39886524654948,125.6060481653139
2012-09-14 00:00:00-04:00,2.0260000228881836,4.006598949432373,127.20801295843142,129.92766837394478
2012-09-17 00:00:00-04:00,2.169332981109619,3.8577585220336914,136.20756902991178,125.1010086718471
2012-09-18 00:00:00-04:00,2.0893330574035645,3.881985902786255,131.18455263479547,125.88666431937187
2012-09-19 00:00:00-04:00,2.069999933242798,3.951216220855713,129.97066898179145,128.13169406182354
2012-09-20 00:00:00-04:00,2.059999942779541,3.935638904571533,129.3427919324019,127.62654632683157
2012-09-21 00:00:00-04:00,2.001332998275757,3.859487533569336,125.65922561830575,125.1570777818961
2012-09-24 00:00:00-04:00,2.0439999103546143,3.8300650119781494,128.3381856594247,124.20295193194886
2012-09-25 00:00:00-04:00,1.843999981880188,3.613727331161499,115.78063718674916,117.18746303358627
2012-09-26 00:00:00-04:00,1.8359999656677246,3.6552634239196777,115.27833405026055,118.53441284152714
2012-09-27 00:00:00-04:00,1.8993330001831055,3.620649814605713,119.25487372662462,117.41194822529515
2012-09-28 00:00:00-04:00,1.9520000219345093,3.634495735168457,122.56171830201794,117.86094953486297
2012-10-01 00:00:00-04:00,1.944000005722046,3.676032543182373,122.05941516552936,119.2079225374164
2012-10-02 00:00:00-04:00,1.9866670370101929,3.6916089057922363,124.73838269153315,119.7130393462583
2012-10-03 00:00:00-04:00,1.9533330202102661,3.6864163875579834,122.64541428425902,119.54465419074847
2012-10-04 00:00:00-04:00,1.9600000381469727,3.8716022968292236,123.06402143850654,125.5499403975773
2012-10-05 00:00:00-04:00,1.9259999990463257,3.9944841861724854,120.92923497965123,129.5348057582636
2012-10-08 00:00:00-04:00,1.9500000476837158,4.0239057540893555,122.436144389117,130.48890068206077
2012-10-09 00:00:00-04:00,1.891332983970642,4.151978015899658,118.75257059013602,134.64208161441925
2012-10-10 00:00:00-04:00,1.8933329582214355,3.973715305328369,118.87814450303695,128.86130379391184
2012-10-11 00:00:00-04:00,1.8880000114440918,3.9564082622528076,118.54330069499402,128.30006375425833
2012-10-12 00:00:00-04:00,1.8426669836044312,3.940831184387207,115.69694120450808,127.79492375080387
2012-10-15 00:00:00-04:00,1.8220000267028809,3.9425625801086426,114.39930917506913,127.85107017622803
2012-10-16 00:00:00-04:00,1.8706669807434082,3.971982955932617,117.45499843977576,128.80512644233767
2012-10-17 00:00:00-04:00,1.9213329553604126,3.9702539443969727,120.63620173830462,128.74905733228866
2012-10-18 00:00:00-04:00,1.869333028793335,4.056788444519043,117.37124257845599,131.55523433594365
2012-10-19 00:00:00-04:00,1.8493330478668213,4.001405239105225,116.11548847967693,129.7592445607474
2012-10-22 00:00:00-04:00,1.8566670417785645,4.015252590179443,116.57597356458433,130.2082922595403
2012-10-23 00:00:00-04:00,1.8926670551300049,3.9979453086853027,118.83633393634061,129.64704448834928
2012-10-24 00:00:00-04:00,1.8279999494552612,4.029096603393555,114.77603091377195,130.657231716808
2012-10-25 00:00:00-04:00,1.8346669673919678,4.10524845123291,115.19463806801949,133.1267157248185
2012-10-26 00:00:00-04:00,1.8253329992294312,3.980638265609741,114.60857907021114,129.08580444869574
2012-10-31 00:00:00-04:00,1.8753329515457153,3.951216220855713,117.74796431715882,128.13169406182354
2012-11-01 00:00:00-04:00,1.9500000476837158,4.0844807624816895,122.436144389117,132.45325241815434
2012-11-02 00:00:00-04:00,1.9279999732971191,4.120825290679932,121.05480889255216,133.63184799673544
2012-11-05 00:00:00-05:00,2.0999999046325684,4.10524845123291,131.85430012996005,133.1267157248185
2012-11-06 00:00:00-05:00,2.076667070388794,4.139864444732666,130.3892836209238,134.24925765642564
2012-11-07 00:00:00-05:00,2.1026670932769775,4.049866676330566,132.02176694329054,131.3307723388473
2012-11-08 00:00:00-05:00,2.0873329639434814,3.8975629806518555,131.0589712370097,126.39180432282633
2012-11-09 00:00:00-05:00,2.0213329792022705,3.8266048431396484,126.91497971708483,124.09074412801324
2012-11-12 00:00:00-05:00,2.0713329315185547,3.996213674545288,130.05436496403252,129.5908903313876
2012-11-13 00:00:00-05:00,2.107332944869995,4.025635242462158,132.31472533578878,130.5449852551848
2012-11-14 00:00:00-05:00,2.0920000076293945,4.063711166381836,131.3520044783563,131.77972725919005
2012-11-15 00:00:00-05:00,2.0546669960021973,4.2402448654174805,129.00794812435896,137.50443596964845
2012-11-16 00:00:00-05:00,2.122667074203491,4.421969890594482,133.27752104206962,143.3974911779291
2012-11-19 00:00:00-05:00,2.194667100906372,4.486005783081055,137.79824178558215,145.47407391257084
2012-11-20 00:00:00-05:00,2.200000047683716,4.581194877624512,138.13308559362508,148.56090572797143
2012-11-21 00:00:00-05:00,2.1646668910980225,4.686768531799316,135.91459566764388,151.98449239131662
2012-11-23 00:00:00-05:00,2.1419999599456787,4.685037612915039,134.49138972530397,151.92836142896752
2012-11-26 00:00:00-05:00,2.1513330936431885,4.685037612915039,135.07739632891847,151.92836142896752
2012-11-27 00:00:00-05:00,2.1433329582214355,4.660581588745117,134.57508570754504,151.13529123696713
2012-11-28 00:00:00-05:00,2.2153329849243164,4.61865758895874,139.09580645105757,149.77576221749155
2012-11-29 00:00:00-05:00,2.246000051498413,4.578479766845703,141.0213230147709,148.47285897876594
2012-11-30 00:00:00-05:00,2.254667043685913,4.585466384887695,141.56550408191936,148.69942395406602
2012-12-03 00:00:00-05:00,2.308000087738037,4.5121002197265625,144.9141667088939,146.320275230365
2012-12-04 00:00:00-05:00,2.259999990463257,4.520834445953369,141.90034788996232,146.60351237564015
2012-12-05 00:00:00-05:00,2.24733304977417,4.536556243896484,141.10501899701197,147.11334542236537
2012-12-06 00:00:00-05:00,2.259999990463257,4.653594970703125,141.90034788996232,150.90872626166708
2012-12-07 00:00:00-05:00,2.2780001163482666,4.768885135650635,143.0305355607253,154.64740400484365
2012-12-10 00:00:00-05:00,2.3046669960021973,4.7933430671691895,144.70488932886704,155.44053604914413
2012-12-11 00:00:00-05:00,2.3519999980926514,4.840506553649902,147.6768227322539,156.96997333701975
2012-12-12 00:00:00-05:00,2.3506669998168945,4.861468315124512,147.59312675001286,157.64973011522002
2012-12-13 00:00:00-05:00,2.2406671047210693,4.823038101196289,140.68647920672794,156.40349904646948
2012-12-14 00:00:00-05:00,2.253999948501587,4.805570602416992,141.52361866637466,155.8370556820693
2012-12-17 00:00:00-05:00,2.293333053588867,4.807315826416016,143.99325641815776,155.8936505366692
2012-12-18 00:00:00-05:00,2.305999994277954,4.842252254486084,144.7885853111081,157.0265836546947
2012-12-19 00:00:00-05:00,2.307332992553711,4.812556266784668,144.87228129334918,156.06358973121928
2012-12-20 00:00:00-05:00,2.295332908630371,4.564504146575928,144.11882284617386,148.0196517127907
2012-12-21 00:00:00-05:00,2.266666889190674,4.466681480407715,142.318947559325,144.84741733401432
2012-12-24 00:00:00-05:00,2.2853329181671143,4.468427658081055,143.49094579678433,144.90404311476433
2012-12-26 00:00:00-05:00,2.239332914352417,4.347896575927734,140.60270837563854,140.99541071396266
2012-12-27 00:00:00-05:00,2.246000051498413,4.30946683883667,141.0213230147709,139.74919510828713
2012-12-28 00:00:00-05:00,2.2146670818328857,4.285009860992432,139.05399588436123,138.95609399013674
2012-12-31 00:00:00-05:00,2.257999897003174,4.3828325271606445,141.77476649217652,142.1283283689131
2013-01-02 00:00:00-05:00,2.357332944869995,4.482404708862305,148.01166654029686,145.35729676996465
2013-01-03 00:00:00-05:00,2.318000078201294,4.255313873291016,145.54204375828343,137.99310006666133
2013-01-04 00:00:00-05:00,2.293333053588867,4.332174777984619,143.99325641815776,140.4855776672374
2013-01-07 00:00:00-05:00,2.2893331050872803,4.323441028594971,143.7421085923559,140.20235598503731
2013-01-08 00:00:00-05:00,2.245332956314087,4.050932884216309,140.97943759922617,131.36534777460835
2013-01-09 00:00:00-05:00,2.2426669597625732,3.9496166706085205,140.81204563474407,128.07982317664445
2013-01-10 00:00:00-05:00,2.23533296585083,3.9810593128204346,140.35156054983665,129.09945834394486
2013-01-11 00:00:00-05:00,2.194000005722046,4.06141471862793,137.75635637003745,131.70525708985855
2013-01-14 00:00:00-05:00,2.2173330783843994,4.01948881149292,139.22138784884334,130.34566621808287
2013-01-15 00:00:00-05:00,2.259999990463257,4.045691967010498,141.90034788996232,131.19539311698327
2013-01-16 00:00:00-05:00,2.2733330726623535,4.029970169067383,142.7375023193787,130.68556007025802
2013-01-17 00:00:00-05:00,2.2920000553131104,4.10333776473999,143.9095604359167,133.0647551831841
2013-01-18 00:00:00-05:00,2.301332950592041,4.066653728485107,144.49555206976152,131.87514989518354
2013-01-22 00:00:00-05:00,2.3459999561309814,4.073642253875732,147.30009350866627,132.1017767227837
2013-01-23 00:00:00-05:00,2.4000000953674316,4.043945789337158,150.6906415511855,131.1387673362333
2013-01-24 00:00:00-05:00,2.4660000801086426,4.099843502044678,154.83463307111037,132.95144176938402
2013-01-25 00:00:00-05:00,2.4653329849243164,4.141768455505371,154.79274765556565,134.31100171500964
2013-01-28 00:00:00-05:00,2.5353329181671143,4.153995990753174,159.1878870012924,134.7075213479348
2013-01-29 00:00:00-05:00,2.5299999713897705,4.195920944213867,158.85304319324948,136.06708129356045
2013-01-30 00:00:00-05:00,2.501332998275757,4.129541873931885,157.05310802732194,133.91451300823456
2013-01-31 00:00:00-05:00,2.500667095184326,4.052680015563965,157.01129746062557,131.4220044815084
2013-02-01 00:00:00-05:00,2.553333044052124,4.31295919418335,160.3180746720554,139.86244666978712
2013-02-04 00:00:00-05:00,2.5160000324249268,4.410782337188721,157.97401831805806,143.03469651163851
2013-02-05 00:00:00-05:00,2.5420000553131104,4.683290481567383,159.60650164042477,151.87170472206745
2013-02-06 00:00:00-05:00,2.611332893371582,4.402048587799072,163.95975557060683,142.75147482943842
2013-02-07 00:00:00-05:00,2.631999969482422,4.438733100891113,165.25739508493064,143.941095580514
2013-02-08 00:00:00-05:00,2.615999937057495,4.552276134490967,164.25278881195342,147.62311661679053
2013-02-11 00:00:00-05:00,2.561332941055298,4.576733589172363,160.82037032365915,148.41623319801596
2013-02-12 00:00:00-05:00,2.5260000228881836,4.515593528747559,158.6018953674476,146.43355771801504
2013-02-13 00:00:00-05:00,2.563333034515381,4.547037601470947,160.9459517214449,147.45323927454055
2013-02-14 00:00:00-05:00,2.551332950592041,4.498125076293945,160.19249327426962,145.8670834274648
2013-02-15 00:00:00-05:00,2.4693329334259033,4.431745529174805,155.04389548136754,143.71449967906386
2013-02-19 00:00:00-05:00,2.618666887283325,4.454453468322754,164.42024065551425,144.45088223801415
2013-02-20 00:00:00-05:00,2.569333076477051,4.424757957458496,161.32268094503257,143.48790377761375
2013-02-21 00:00:00-05:00,2.3440001010894775,4.319946765899658,147.17452708065017,140.08904257123723
2013-02-22 00:00:00-05:00,2.4073328971862793,4.335669040679932,151.15105178724454,140.5988910810375
2013-02-25 00:00:00-05:00,2.2920000553131104,4.298985004425049,143.9095604359167,139.40928579303696
2013-02-26 00:00:00-05:00,2.295332908630371,4.330427169799805,144.11882284617386,140.42890549726235
2013-02-27 00:00:00-05:00,2.3399999141693115,4.409035682678223,146.9233642850786,142.97805526781352
2013-02-28 00:00:00-05:00,2.322000026702881,4.37759256362915,145.7931915840853,141.95840463743806
2013-03-01 00:00:00-05:00,2.309999942779541,4.247775077819824,145.03973313691,137.74862885047966
2013-03-04 00:00:00-05:00,2.371999979019165,4.157697677612305,148.93257683103297,134.82756119937176
2013-03-05 00:00:00-05:00,2.4433329105377197,4.291930675506592,153.4114121590008,139.18052506108302
2013-03-06 00:00:00-05:00,2.512666940689087,4.311359405517578,157.76474093803122,139.8105680530705
2013-03-07 00:00:00-05:00,2.5486669540405273,4.334320068359375,160.0251013097875,140.55514604178526
2013-03-08 00:00:00-05:00,2.564666986465454,4.357281684875488,161.02970758276467,141.29975495665005
2013-03-11 00:00:00-04:00,2.6066670417785645,4.461489200592041,163.6667971781086,144.679039910042
2013-03-12 00:00:00-04:00,2.6080000400543213,4.500345706939697,163.75049316034966,145.93909496786696
2013-03-13 00:00:00-04:00,2.5986669063568115,4.53037166595459,163.16448655673517,146.91278933926125
2013-03-14 00:00:00-04:00,2.456666946411133,4.487982273101807,154.24862646749588,145.538168358559
2013-03-15 00:00:00-04:00,2.3526670932769775,4.4950480461120605,147.71870814779865,145.7673002043136
2013-03-18 00:00:00-04:00,2.3433330059051514,4.5427350997924805,147.13264166510544,147.31371594856918
2013-03-19 00:00:00-04:00,2.3386669158935547,4.457955837249756,146.83966830283754,144.5644585240897
2013-03-20 00:00:00-04:00,2.396667003631592,4.4950480461120605,150.48136417115865,145.7673002043136
2013-03-21 00:00:00-04:00,2.4006669521331787,4.457955837249756,150.73251199696054,144.5644585240897
2013-03-22 00:00:00-04:00,2.441333055496216,4.532138824462891,153.2858457309847,146.97009549531245
2013-03-25 00:00:00-04:00,2.502000093460083,4.482682704925537,157.09499344286664,145.36631174270556
2013-03-26 00:00:00-04:00,2.5239999294281006,4.655774116516113,158.47631396966182,150.97939251454187
2013-03-27 00:00:00-04:00,2.5439999103546143,4.671669960021973,159.7320680684409,151.49486958365205
2013-03-28 00:00:00-04:00,2.5260000228881836,4.940136909484863,158.6018953674476,160.20082823322463
2013-04-01 00:00:00-04:00,2.9286670684814453,5.256289958953857,183.8844591261292,170.4531717009027
2013-04-02 00:00:00-04:00,2.9560000896453857,5.341070175170898,185.600638430737,173.20246005153223
2013-04-03 00:00:00-04:00,2.740000009536743,5.342835903167725,172.0384762001994,173.25971981835835
2013-04-04 00:00:00-04:00,2.8006670475006104,5.2792510986328125,175.84762391208136,171.19776515269245
2013-04-05 00:00:00-04:00,2.757999897003174,5.291615962982178,173.1686489011927,171.5987381512255
2013-04-08 00:00:00-04:00,2.7886669635772705,5.344602584838867,175.09416546490604,173.3170105113345
2013-04-09 00:00:00-04:00,2.700000047683716,5.277485370635986,169.52696800264127,171.14050538586633
2013-04-10 00:00:00-04:00,2.7906670570373535,5.2827839851379395,175.2197468626918,171.31233107556974
2013-04-11 00:00:00-04:00,2.9059998989105225,5.595406532287598,182.46123821401966,181.45018593574568
2013-04-12 00:00:00-04:00,2.9166669845581055,5.655458927154541,183.13100067895388,183.3975901416093
2013-04-15 00:00:00-04:00,2.886667013168335,5.542418479919434,181.24736953078528,179.73186718641153
2013-04-16 00:00:00-04:00,3.0393331050872803,5.704912185668945,190.83293220588013,185.001281115766
2013-04-17 00:00:00-04:00,3.0299999713897705,5.7879252433776855,190.24692560226563,187.69326331034438
2013-04-18 00:00:00-04:00,3.131333112716675,5.772027969360352,196.60940704817173,187.1777398520091
2013-04-19 00:00:00-04:00,3.188667058944702,5.78085994720459,200.20927738002686,187.4641469276648
2013-04-22 00:00:00-04:00,3.3459999561309814,5.743769645690918,210.0878583266986,186.26136709974102
2013-04-23 00:00:00-04:00,3.4006669521331787,5.862104415893555,213.5202768149929,190.0987765769669
2013-04-24 00:00:00-04:00,3.361999988555908,6.045794486999512,211.09246459967582,196.0555551174351
2013-04-25 00:00:00-04:00,3.4666669368743896,6.0475616455078125,217.66426833491775,196.1128612734863
2013-04-26 00:00:00-04:00,3.413332939147949,6.1146769523620605,214.31554582886454,198.28930454665434
2013-04-29 00:00:00-04:00,3.6626670360565186,6.1058454513549805,229.97067646667628,198.00291293407363
2013-04-30 00:00:00-04:00,3.5993330478668213,6.164130687713623,225.99407691123355,199.8930109838861
2013-05-01 00:00:00-04:00,3.552000045776367,6.135872840881348,223.0221435078467,198.97665369469303
2013-05-02 00:00:00-04:00,3.607332944869995,6.4131693840026855,226.49637256283728,207.96894210454616
2013-05-03 00:00:00-04:00,3.636667013168335,6.561533451080322,228.33819314430954,212.78015419469156
2013-05-06 00:00:00-04:00,3.9666669368743896,6.568596363067627,249.0581507439339,213.00919326199596
2013-05-07 00:00:00-04:00,3.700666904449463,6.586259841918945,232.35660326644867,213.5819919502324
2013-05-08 00:00:00-04:00,3.7193329334259033,6.559765815734863,233.52860150390796,212.72283257556532
2013-05-09 00:00:00-04:00,4.626667022705078,6.550936222076416,290.49808091295233,212.43650281528477
2013-05-10 00:00:00-04:00,5.117332935333252,6.778778553009033,321.3058968392753,219.8250693248311
2013-05-13 00:00:00-04:00,5.853332996368408,6.759349822998047,367.5176955776082,219.1950263328436
2013-05-14 00:00:00-04:00,5.549333095550537,6.824699401855469,348.4302213003505,221.31420983918554
2013-05-15 00:00:00-04:00,5.656000137329102,6.886517524719238,355.1276064333783,223.3188738118753
2013-05-16 00:00:00-04:00,6.150000095367432,6.720495223999023,386.1447596188068,217.93503312731877
2013-05-17 00:00:00-04:00,6.099999904632568,7.022516250610352,383.0053594020894,227.72909744041266
2013-05-20 00:00:00-04:00,5.995999813079834,6.8458943367004395,376.47542611262253,222.00152806107417
2013-05-21 00:00:00-04:00,5.8393330574035645,6.496182441711426,366.6386707024168,210.6609242991245
2013-05-22 00:00:00-04:00,5.815999984741211,6.402570724487305,365.17363922361085,207.6252443359143
2013-05-23 00:00:00-04:00,6.182000160217285,6.360180854797363,388.15397216476117,206.25060789213703
2013-05-24 00:00:00-04:00,6.4720001220703125,5.671353816986084,406.36242156682744,183.91303628456944
2013-05-28 00:00:00-04:00,7.355332851409912,5.602470397949219,461.8249092326728,181.67925592920017
2013-05-29 00:00:00-04:00,6.975333213806152,5.620133399963379,437.9655813558704,182.25203915436154
2013-05-30 00:00:00-04:00,6.99666690826416,5.9168596267700195,439.30507634619954,191.87440148235223
2013-05-31 00:00:00-04:00,6.517333030700684,5.9052839279174805,409.2087735724285,191.49901987298938
2013-06-03 00:00:00-04:00,6.172667026519775,6.126109600067139,387.56796556114665,198.66004723350898
2013-06-04 00:00:00-04:00,6.322667121887207,6.320220947265625,396.9861362717594,204.9547712786989
2013-06-05 00:00:00-04:00,6.357999801635742,6.208028316497803,399.20459625820126,201.3165416708997
2013-06-06 00:00:00-04:00,6.489999771118164,6.165287494659424,407.492579298051,199.93052440390233
2013-06-07 00:00:00-04:00,6.802667140960693,6.544607162475586,427.12426458199644,212.23126142044734
2013-06-10 00:00:00-04:00,6.670000076293945,6.231179237365723,418.794396126602,202.06728942655033
2013-06-11 00:00:00-04:00,6.297999858856201,6.717350482940674,395.43733396186406,217.8330541475137
2013-06-12 00:00:00-04:00,6.51533317565918,6.516113758087158,409.0832071444124,211.3072653721908
2013-06-13 00:00:00-04:00,6.545332908630371,6.683513641357422,410.96682332281136,216.7357788805012
2013-06-14 00:00:00-04:00,6.686666965484619,6.947076320648193,419.8408728453542,225.2826998034179
2013-06-17 00:00:00-04:00,6.813333034515381,6.856255054473877,427.79395219808237,222.33750975526746
2013-06-18 00:00:00-04:00,6.892666816711426,6.849133014678955,432.7751430567327,222.10655326665966
2013-06-19 00:00:00-04:00,6.97866678237915,6.861597537994385,438.1748886754366,222.5107580478734
2013-06-20 00:00:00-04:00,6.710000038146973,7.290782451629639,421.30590432416017,236.42854613539873
2013-06-21 00:00:00-04:00,6.636666774749756,7.262287139892578,416.7014726286369,235.50448823484206
2013-06-24 00:00:00-04:00,6.765999794006348,7.105575084686279,424.8220038249259,230.42256409019365
2013-06-25 00:00:00-04:00,6.826666831970215,7.134066581726074,428.63115153680775,231.34649828615008
2013-06-26 00:00:00-04:00,7.047999858856201,7.19105339050293,442.52815757538826,233.1944903826632
2013-06-27 00:00:00-04:00,7.283332824707031,7.278316020965576,457.30418848916025,236.0242795018849
2013-06-28 00:00:00-04:00,7.157332897186279,7.484893321990967,449.3929346728982,242.72325471751358
2013-07-01 00:00:00-04:00,7.811999797821045,7.5169501304626465,490.498006064104,243.76280632544916
2013-07-02 00:00:00-04:00,7.8546671867370605,7.509825229644775,493.1769960447623,243.5317570583912
2013-07-03 00:00:00-04:00,7.682666778564453,7.54722261428833,482.37747486781507,244.7444951066326
2013-07-05 00:00:00-04:00,8.005999565124512,7.655855655670166,502.6788178283071,248.26729285935295
2013-07-08 00:00:00-04:00,8.107333183288574,7.591745853424072,509.04132921375253,246.188313348082
2013-07-09 00:00:00-04:00,8.229999542236328,7.602428913116455,516.7432757104484,246.53474808099372
2013-07-10 00:00:00-04:00,8.15133285522461,7.554344654083252,511.80397026734283,244.9754515952404
2013-07-11 00:00:00-04:00,8.37399959564209,7.586401462554932,525.7847171974735,246.015003203176
2013-07-12 00:00:00-04:00,8.65999984741211,7.687910556793213,543.7420337435075,249.30678261498844
2013-07-15 00:00:00-04:00,8.484000205993652,7.743115425109863,532.6914096500675,251.0969892001245
2013-07-16 00:00:00-04:00,7.269999980926514,7.8072285652160645,456.46704902951353,253.17607695292062
2013-07-17 00:00:00-04:00,8.016667366027832,7.743115425109863,503.34862520255035,251.0969892001245
2013-07-18 00:00:00-04:00,7.935332775115967,7.769829750061035,498.24180803680525,251.96329251545419
2013-07-19 00:00:00-04:00,7.97866678237915,7.7395548820495605,500.9626534934689,250.9815264188956
2013-07-22 00:00:00-04:00,8.161999702453613,7.661194801330566,512.4737177625075,248.44043291043369
2013-07-23 00:00:00-04:00,8.182666778564453,7.554344654083252,513.7713572768313,244.9754515952404
2013-07-24 00:00:00-04:00,8.113332748413086,7.700376033782959,509.4180284978008,249.71101832235223
2013-07-25 00:00:00-04:00,8.271332740783691,7.908734321594238,519.3384948600174,256.4677481232079
2013-07-26 00:00:00-04:00,8.62600040435791,8.15627384185791,541.6072847090763,264.49506333598214
2013-07-29 00:00:00-04:00,8.974666595458984,8.083260536193848,563.4992555159298,262.1273572878014
2013-07-30 00:00:00-04:00,8.78266716003418,8.353946685791016,551.444040119282,270.905281088551
2013-07-31 00:00:00-04:00,8.95199966430664,8.736827850341797,562.0760495735898,283.32151181247497
2013-08-01 00:00:00-04:00,9.036666870117188,8.900665283203125,567.3921141798223,288.6345006872564
2013-08-02 00:00:00-04:00,9.199999809265137,8.973682403564453,577.6474243500818,291.0023304400374
2013-08-05 00:00:00-04:00,9.645333290100098,8.955870628356934,605.6089182103431,290.42472273546747
2013-08-06 00:00:00-04:00,9.476667404174805,8.724363327026367,595.0187642320407,282.91730703126126
2013-08-07 00:00:00-04:00,8.9486665725708,8.526688575744629,561.866772193563,276.50702742639226
2013-08-08 00:00:00-04:00,10.232000350952148,8.635319709777832,642.4444316536079,280.02976332681254
2013-08-09 00:00:00-04:00,10.199999809265137,8.720799446105957,640.4351891681141,282.80173600850713
2013-08-12 00:00:00-04:00,9.825332641601562,8.811622619628906,616.9106751598154,285.74698790895775
2013-08-13 00:00:00-04:00,9.695332527160645,8.768882751464844,608.7482585479817,284.36100156811045
2013-08-14 00:00:00-04:00,9.290666580200195,8.670937538146973,583.3401882403626,281.18479317905206
2013-08-15 00:00:00-04:00,9.311332702636719,8.492853164672852,584.6377678756079,275.40979854860484
2013-08-16 00:00:00-04:00,9.466667175292969,8.47326374053955,594.3908722128815,274.77454450033315
2013-08-19 00:00:00-04:00,9.65999984741211,8.494634628295898,606.5297985615398,275.46756859690686
2013-08-20 00:00:00-04:00,9.972000122070312,8.590798377990723,626.1195984299407,278.5860069376632
2013-08-21 00:00:00-04:00,9.857333183288574,8.480384826660156,618.9199176453092,275.0054700627909
2013-08-22 00:00:00-04:00,10.473333358764648,9.244367599487305,657.5971917909675,299.78022331463694
2013-08-23 00:00:00-04:00,10.78933334350586,9.192724227905273,677.4381245154004,298.1055104368798
2013-08-26 00:00:00-04:00,10.947999954223633,9.328067779541016,687.4004463536223,302.49448780032964
2013-08-27 00:00:00-04:00,11.133999824523926,8.792037010192871,699.0789624662217,285.1118575652863
2013-08-28 00:00:00-04:00,11.096667289733887,8.8864164352417,696.7349360517636,288.1724330792905
2013-08-29 00:00:00-04:00,11.070667266845703,9.071759223937988,695.102452729397,294.1828066378033
2013-08-30 00:00:00-04:00,11.266667366027832,8.991174697875977,707.4088608611555,291.56957788433897
2013-09-03 00:00:00-04:00,11.262666702270508,8.948199272155762,707.1576681260445,290.1759527844282
2013-09-04 00:00:00-04:00,11.374667167663574,8.889105796813965,714.1899270066546,288.25964482244444
2013-09-05 00:00:00-04:00,11.328666687011719,9.16845989227295,711.3016596459694,297.3186564010404
2013-09-06 00:00:00-04:00,11.131333351135254,8.883732795715332,698.9115405622001,288.0854068930368
2013-09-09 00:00:00-04:00,10.713333129882812,8.971477508544922,672.6662409763164,290.9308291811111
2013-09-10 00:00:00-04:00,11.091333389282227,9.014455795288086,696.400032364642,292.3245470594721
2013-09-11 00:00:00-04:00,10.90133285522461,8.87477970123291,684.4703235169318,287.79507219632416
2013-09-12 00:00:00-04:00,10.995332717895508,8.855081558227539,690.3723647872395,287.15629256694626
2013-09-13 00:00:00-04:00,11.03600025177002,9.392294883728027,692.9257883398817,304.5772712280573
2013-09-16 00:00:00-04:00,11.10533332824707,9.333202362060547,697.2790572398335,302.66099419222365
2013-09-17 00:00:00-04:00,11.081999778747559,9.422738075256348,695.8139958214882,305.5644957901005
2013-09-18 00:00:00-04:00,11.08133316040039,9.200691223144531,695.7721403454829,298.363867494436
2013-09-19 00:00:00-04:00,11.861332893371582,9.283063888549805,744.746580137406,301.03508277925266
2013-09-20 00:00:00-04:00,12.22599983215332,8.851500511169434,767.6432021265456,287.04016487349116
2013-09-23 00:00:00-04:00,12.074000358581543,8.919548034667969,758.0994949274561,289.2468384583376
2013-09-24 00:00:00-04:00,12.155332565307617,9.141594886779785,763.2061623955044,296.4474667540021
2013-09-25 00:00:00-04:00,12.349332809448242,9.096829414367676,775.387004099247,294.9957932704388
2013-09-26 00:00:00-04:00,12.576000213623047,9.030570983886719,789.6189437644883,292.8471371430948
2013-09-27 00:00:00-04:00,12.726667404174805,8.890896797180176,799.0789998906458,288.317724132247
2013-09-30 00:00:00-04:00,12.891332626342773,8.890896797180176,809.4179611338373,288.317724132247
2013-10-01 00:00:00-04:00,12.866666793823242,9.170245170593262,807.86924864256,297.3765501539427
2013-10-02 00:00:00-04:00,12.063332557678223,9.01087474822998,757.429687553213,292.208419366017
2013-10-03 00:00:00-04:00,11.553999900817871,8.921337127685547,725.4498284801216,289.30485591584005
2013-10-04 00:00:00-04:00,12.065333366394043,9.078923225402832,757.5553138603077,294.4151238770135
2013-10-07 00:00:00-04:00,12.204667091369629,8.878360748291016,766.3037670152951,287.9111998897792
2013-10-08 00:00:00-04:00,11.648667335510254,8.831802368164062,731.3937851055133,286.4013852441132
2013-10-09 00:00:00-04:00,11.251999855041504,8.9571533203125,706.48792063088,290.46631840729094
2013-10-10 00:00:00-04:00,11.528667449951172,9.292015075683594,723.8592605128389,301.32535562366525
2013-10-11 00:00:00-04:00,11.91333293914795,9.23292350769043,748.0115467821395,299.40910951398166
2013-10-14 00:00:00-04:00,11.981332778930664,9.272316932678223,752.2811047300805,300.68657599428735
2013-10-15 00:00:00-04:00,12.262666702270508,9.186363220214844,769.9454329440769,297.89923301601556
2013-10-16 00:00:00-04:00,12.237333297729492,9.250828742980957,768.3548050977156,299.9897479812569
2013-10-17 00:00:00-04:00,12.186667442321777,9.431692123413086,765.1736092840715,305.8548614129632
2013-10-18 00:00:00-04:00,12.226667404174805,9.648367881774902,767.6851174816296,312.8813136315202
2013-10-21 00:00:00-04:00,11.506667137145996,9.786253929138184,722.4779100465043,317.35274011101563
2013-10-22 00:00:00-04:00,11.435999870300293,9.805951118469238,718.0408703154632,317.9914888142435
2013-10-23 00:00:00-04:00,10.966667175292969,9.754020690917969,688.57251943993,316.3074671653199
2013-10-24 00:00:00-04:00,11.543333053588867,9.81311321258545,724.780080984957,318.2237442011536
2013-10-25 00:00:00-04:00,11.310667037963867,9.827441215515137,710.1715019147458,318.688378679574
2013-10-28 00:00:00-04:00,10.857333183288574,9.743276596069336,681.7076824633415,315.9590531588047
2013-10-29 00:00:00-04:00,10.964667320251465,9.929510116577148,688.4469530119139,321.9983117414685
2013-10-30 00:00:00-04:00,10.614666938781738,9.888324737548828,666.4712113739712,320.6627350252102
2013-10-31 00:00:00-04:00,10.662667274475098,9.81669807434082,669.4850451626723,318.33999559920886
2013-11-01 00:00:00-04:00,10.811332702636719,9.857881546020508,678.8194151026563,319.67551046316703
2013-11-04 00:00:00-05:00,11.680000305175781,9.902649879455566,733.361112235923,321.1272767251805
2013-11-05 00:00:00-05:00,11.787332534790039,10.128280639648438,740.100263026338,328.4441254927502
2013-11-06 00:00:00-05:00,10.077333450317383,10.036955833435059,632.7332426714182,325.4826064373709
2013-11-07 00:00:00-05:00,9.317999839782715,9.637622833251953,585.0563825147402,312.53286869885494
2013-11-08 00:00:00-05:00,9.196666717529297,9.934883117675781,577.438146970055,322.1725496708762
2013-11-11 00:00:00-05:00,9.646666526794434,9.916975021362305,605.6926291623538,321.5918184251508
2013-11-12 00:00:00-05:00,9.186667442321777,10.199908256530762,576.8103148299745,330.7668958449017
2013-11-13 00:00:00-05:00,9.24666690826416,10.312723159790039,580.5775471867723,334.4253047656115
2013-11-14 00:00:00-05:00,9.173333168029785,10.284072875976562,575.9730855517097,333.496221365671
2013-11-15 00:00:00-05:00,9.029999732971191,10.122906684875488,566.97349954069,328.2698566371925
2013-11-18 00:00:00-05:00,8.10533332824707,9.856090545654297,508.91576278573643,319.61743115336446
2013-11-19 00:00:00-05:00,8.406000137329102,9.524808883666992,527.7939596829672,308.8744907042951
2013-11-20 00:00:00-05:00,8.074000358581543,9.39050579071045,506.9484356553267,304.5192537705549
2013-11-21 00:00:00-05:00,8.140000343322754,8.738686561584473,511.0924271752516,283.3817868789314
2013-11-22 00:00:00-05:00,8.092000007629395,8.928500175476074,508.0785933865504,289.53714222890017
2013-11-25 00:00:00-05:00,8.055999755859375,8.756592750549316,505.8182180450244,283.9624562723567
2013-11-26 00:00:00-05:00,8.033332824707031,8.641985893249512,504.3950121026845,280.2459371156943
2013-11-27 00:00:00-05:00,8.462667465209961,8.554243087768555,531.3519745388169,277.4005766799201
2013-11-29 00:00:00-05:00,8.485333442687988,8.640196800231934,532.7751206020782,280.18791965819184
2013-12-02 00:00:00-05:00,8.277999877929688,8.459197044372559,519.7571094991497,274.3183837870277
2013-12-03 00:00:00-05:00,9.646666526794434,8.275497436523438,605.6926291623538,268.361295985059
2013-12-04 00:00:00-05:00,9.263333320617676,8.243081092834473,581.6239939659853,267.3100852185528
2013-12-05 00:00:00-05:00,9.36533260345459,8.127817153930664,588.0283009483574,263.5722579445027
2013-12-06 00:00:00-05:00,9.157333374023438,8.118812561035156,574.9684942485022,263.2802532356871
2013-12-09 00:00:00-05:00,9.4399995803833,8.208863258361816,592.7164735354307,266.20045495459345
2013-12-10 00:00:00-05:00,9.47933292388916,8.243081092834473,595.1861262569835,267.3100852185528
2013-12-11 00:00:00-05:00,9.3100004196167,8.142226219177246,584.5541168026758,264.0395211456778
2013-12-12 00:00:00-05:00,9.83133316040039,8.214264869689941,617.2874343229423,266.37562066850273
2013-12-13 00:00:00-05:00,9.84333324432373,8.516827583312988,618.0408927701177,276.1872510348276
2013-12-16 00:00:00-05:00,9.862667083740234,8.664510726928711,619.2548213324308,280.976381853834
2013-12-17 00:00:00-05:00,10.163999557495117,8.82119369506836,638.1748138265882,286.0573627509058
2013-12-18 00:00:00-05:00,9.86533260345459,8.992287635803223,619.4221833573736,291.6056687014527
2013-12-19 00:00:00-05:00,9.381333351135254,8.98147964477539,589.0329521306436,291.2551826428838
2013-12-20 00:00:00-05:00,9.549332618713379,8.869821548461914,599.5812506329406,287.63428714219026
2013-12-23 00:00:00-05:00,9.569999694824219,9.098546028137207,600.8788901472643,295.0514603405371
2013-12-24 00:00:00-05:00,10.093999862670898,9.17958927154541,633.7796894506312,297.6795645721777
2013-12-26 00:00:00-05:00,10.366666793823242,9.06972885131836,650.8998365974791,294.11696486433704
2013-12-27 00:00:00-05:00,10.074666976928711,8.831999778747559,632.5658207673968,286.40778695717455
2013-12-30 00:00:00-05:00,10.162667274475098,8.87342357635498,638.0911627536561,287.7510952109465
2013-12-31 00:00:00-05:00,10.028667449951172,8.871623992919922,629.6776132857904,287.69273756579344
2014-01-02 00:00:00-05:00,10.006667137145996,8.94186019897461,628.2962628194558,289.9703866650152
2014-01-03 00:00:00-05:00,9.970666885375977,8.868020057678223,626.0358874779299,287.57586764473706
2014-01-06 00:00:00-05:00,9.800000190734863,8.675315856933594,615.3201071925328,281.32677513395276
2014-01-07 00:00:00-05:00,9.957332611083984,7.949520587921143,625.1986581996651,257.79038224566835
2014-01-08 00:00:00-05:00,10.085332870483398,8.167438507080078,633.2355083834827,264.85711577467146
2014-01-09 00:00:00-05:00,9.835332870483398,8.099000930786133,617.5385671789746,262.6377933944527
2014-01-10 00:00:00-05:00,9.714667320251465,8.198055267333984,609.9622469893735,265.84996889602456
2014-01-13 00:00:00-05:00,9.28933334350586,8.16203498840332,583.2564772883519,264.68188820846206
2014-01-14 00:00:00-05:00,10.751333236694336,6.53935432434082,675.0521827458584,212.06092018594654
2014-01-15 00:00:00-05:00,10.942000389099121,6.658219337463379,687.023747069574,215.91552460260286
2014-01-16 00:00:00-05:00,11.39799976348877,6.798694133758545,715.6549285459212,220.4709001164215
2014-01-17 00:00:00-05:00,11.333999633789062,6.780685901641846,711.6365034540124,219.88692162494036
2014-01-21 00:00:00-05:00,11.778667449951172,6.881540298461914,739.556201717347,223.15747023474032
2014-01-22 00:00:00-05:00,11.904000282287598,7.068842887878418,747.4255701180643,229.23139703161533
2014-01-23 00:00:00-05:00,12.100000381469727,6.888742923736572,759.7319782498229,223.39103998302772
2014-01-24 00:00:00-05:00,11.640000343322754,6.577174186706543,730.8496040383649,213.28735851866213
2014-01-27 00:00:00-05:00,11.307999610900879,6.721252918243408,710.0040201316457,217.95960395353714
2014-01-28 00:00:00-05:00,11.892000198364258,6.492527961730957,746.6721116708891,210.5424152921153
2014-01-29 00:00:00-05:00,11.682000160217285,6.316032409667969,733.4866786639391,204.81894362765905
2014-01-30 00:00:00-05:00,12.189332962036133,6.359257221221924,765.3409713090143,206.22065591580912
2014-01-31 00:00:00-05:00,12.093999862670898,6.316032409667969,759.3552190866958,204.81894362765905
2014-02-03 00:00:00-05:00,11.807332992553711,6.09271240234375,741.3560470646564,197.57702892167163
2014-02-04 00:00:00-05:00,11.915332794189453,6.114323616027832,748.1371132101556,198.2778464080591
2014-02-05 00:00:00-05:00,11.628000259399414,6.260201454162598,730.0961455911895,203.00843402501215
2014-02-06 00:00:00-05:00,11.892000198364258,6.366459369659424,746.6721116708891,206.45421020102154
2014-02-07 00:00:00-05:00,12.435333251953125,6.39347505569458,780.7867796574902,207.33028617976848
2014-02-10 00:00:00-05:00,13.104000091552734,6.559164524078369,822.7708759238874,212.70333363795592
2014-02-11 00:00:00-05:00,13.107999801635742,6.4384989738464355,823.0220087799196,208.79034064999655
2014-02-12 00:00:00-05:00,13.021332740783691,6.57537317276001,817.580377745671,213.22895448428403
2014-02-13 00:00:00-05:00,13.308667182922363,6.458310604095459,835.6214651227945,209.43280049123098
2014-02-14 00:00:00-05:00,13.215332984924316,6.4132866859436035,829.7612194494134,207.97274602100288
2014-02-18 00:00:00-05:00,13.579999923706055,6.508735656738281,852.657841438553,211.06800521229334
2014-02-19 00:00:00-05:00,12.909333229064941,6.411485195159912,810.5481787441397,207.91432652354973
2014-02-20 00:00:00-05:00,13.998000144958496,6.418689250946045,878.9031410244368,208.14794266106222
2014-02-21 00:00:00-05:00,13.973333358764648,6.4042816162109375,877.3543686540806,207.68072584911224
2014-02-24 00:00:00-05:00,14.510000228881836,6.492527961730957,911.0504818806282,210.5424152921153
2014-02-25 00:00:00-05:00,16.53333282470703,6.928365707397461,1038.0910130559596,224.67594420242153
2014-02-26 00:00:00-05:00,16.866666793823242,6.856326103210449,1059.0203079146895,222.33981375344652
2014-02-27 00:00:00-05:00,16.836000442504883,6.708646774291992,1057.094836260285,217.55080663904033
2014-02-28 00:00:00-05:00,16.320667266845703,6.71945333480835,1024.7382180240668,217.90124630838412
2014-03-03 00:00:00-05:00,16.70400047302246,6.697840690612793,1048.8068532204354,217.20038243277156
2014-03-04 00:00:00-05:00,16.98933219909668,6.726654052734375,1066.7221945323065,218.13475420437146
2014-03-05 00:00:00-05:00,16.8439998626709,6.978793144226074,1057.5971019723495,226.31122623885904
2014-03-06 00:00:00-05:00,16.862667083740234,6.967987537384033,1058.7691750586573,225.9608174956653
2014-03-07 00:00:00-05:00,16.413999557495117,6.937371730804443,1030.5983439392903,224.96799530046223
2014-03-10 00:00:00-04:00,15.922666549682617,6.935569763183594,999.7486425974226,224.90956033993407
2014-03-11 00:00:00-04:00,15.62733268737793,6.931967735290527,981.205289508235,224.79275227117782
2014-03-12 00:00:00-04:00,16.099332809448242,6.933769226074219,1010.8411221668682,224.85117176863096
2014-03-13 00:00:00-04:00,15.852666854858398,6.743028163909912,995.3535182214656,218.665740737734
2014-03-14 00:00:00-04:00,15.39799976348877,7.080909729003906,966.8059878180505,229.6227056082563
2014-03-17 00:00:00-04:00,15.59866714477539,7.220782279968262,979.4054441609253,234.15855125831547
2014-03-18 00:00:00-04:00,16.002666473388672,6.973731517791748,1004.771658992539,226.14708569744423
2014-03-19 00:00:00-04:00,15.72266674041748,6.8320417404174805,987.1911016096319,221.552310268456
2014-03-20 00:00:00-04:00,15.660667419433594,6.982814788818359,983.2983028248179,226.44164181363934
2014-03-21 00:00:00-04:00,15.259332656860352,6.870189666748047,958.0993901390684,222.78938719679036
2014-03-24 00:00:00-04:00,14.678000450134277,6.922869682312012,921.5988402620039,224.4977167996568
2014-03-25 00:00:00-04:00,14.696000099182129,6.864740371704102,922.7289979932275,222.61267517537834
2014-03-26 00:00:00-04:00,14.197333335876465,7.066377639770508,891.418826536222,229.1514529337242
2014-03-27 00:00:00-04:00,13.821332931518555,6.781179428100586,867.8106015759125,219.90292590759358
2014-03-28 00:00:00-04:00,14.157999992370605,7.378823280334473,888.9491738146694,239.28357099306496
2014-03-31 00:00:00-04:00,13.896666526794434,7.466017246246338,872.5406296389913,242.11113342948272
2014-04-01 00:00:00-04:00,14.464667320251465,7.734867095947266,908.2041298750271,250.82950892830223
2014-04-02 00:00:00-04:00,15.352666854858398,7.878375053405762,963.9596358124495,255.48324506236955
2014-04-03 00:00:00-04:00,15.026666641235352,8.063661575317383,943.4908110688573,261.49179397802914
2014-04-04 00:00:00-04:00,14.148667335510254,7.7820963859558105,888.3631971505941,252.36108012053157
2014-04-07 00:00:00-04:00,13.834667205810547,7.9056220054626465,868.6478308541773,256.3668206325047
2014-04-08 00:00:00-04:00,14.36400032043457,7.945586681365967,901.8834739655871,257.6628118766931
2014-04-09 00:00:00-04:00,14.461999893188477,7.843859672546387,908.0366480919271,254.36396583959316
2014-04-10 00:00:00-04:00,13.612667083740234,7.485999584197998,854.708939400052,242.75912905157693
2014-04-11 00:00:00-04:00,13.585332870483398,7.360656261444092,852.9926852465959,238.6944432975997
2014-04-14 00:00:00-04:00,13.206000328063965,7.478733539581299,829.1752427853382,242.5235027143109
2014-04-15 00:00:00-04:00,12.927332878112793,7.529597282409668,811.6783364753632,244.17293346439837
2014-04-16 00:00:00-04:00,13.27400016784668,7.400622844696045,833.4448007332792,239.9904963940882
2014-04-17 00:00:00-04:00,13.208000183105469,7.533231735229492,829.3008092133543,244.29079302225648
2014-04-21 00:00:00-04:00,13.625332832336426,7.442401885986328,855.504193444154,241.3453246387555
2014-04-22 00:00:00-04:00,14.576000213623047,7.678553581237793,915.1944734005531,249.00335069372767
2014-04-23 00:00:00-04:00,13.866000175476074,7.249848365783691,870.615157984587,235.1011184596798
2014-04-24 00:00:00-04:00,13.857333183288574,7.304344654083252,870.0709769174384,236.8683469153253
2014-04-25 00:00:00-04:00,13.323332786560059,7.151752948760986,836.5422855949125,231.92003920198783
2014-04-28 00:00:00-04:00,13.234000205993652,7.3279595375061035,830.9332925357211,237.63414024297748
2014-04-29 00:00:00-04:00,13.79466724395752,7.329776287078857,866.1363226566191,237.6930545588315
2014-04-30 00:00:00-04:00,13.859333038330078,7.208067893981934,870.1965433454546,233.74624382578745
2014-05-01 00:00:00-04:00,13.84866714477539,7.131772994995117,869.5268557293687,231.27212089526873
2014-05-02 00:00:00-04:00,14.060667037963867,7.251663684844971,882.8378551643347,235.15998638630876
2014-05-05 00:00:00-04:00,14.440667152404785,6.9301347732543945,906.6972129806765,224.73331221077285
2014-05-06 00:00:00-04:00,13.8186674118042,6.841124057769775,867.6432395509698,221.84683545850103
2014-05-07 00:00:00-04:00,13.423333168029785,6.510512828826904,842.8210860283473,211.12563609292008
2014-05-08 00:00:00-04:00,11.906000137329102,6.543212890625,747.5511365460804,212.1860473890675
2014-05-09 00:00:00-04:00,12.150667190551758,6.641304016113281,762.9132339425456,215.36698747908426
2014-05-12 00:00:00-04:00,12.311332702636719,6.688535690307617,773.0010623297048,216.89863598668876
2014-05-13 00:00:00-04:00,12.677332878112793,6.875638484954834,795.9813952708552,222.96608375512736
2014-05-14 00:00:00-04:00,12.708000183105469,6.623137950897217,797.9069268043381,214.77789070976905
2014-05-15 00:00:00-04:00,12.572667121887207,6.515961170196533,789.4096663844616,211.3023171881821
2014-05-16 00:00:00-04:00,12.77066707611084,6.579541206359863,801.8416409442361,213.3641172230977
2014-05-19 00:00:00-04:00,13.072667121887207,6.717598915100098,820.8035487934777,217.84111040960292
2014-05-20 00:00:00-04:00,13.020000457763672,6.617689609527588,817.4967266727389,214.60120961450707
2014-05-21 00:00:00-04:00,13.296667098999023,6.710333824157715,834.8680066756192,217.60551499848694
2014-05-22 00:00:00-04:00,13.658666610717773,6.699433326721191,857.5971468816584,217.2520291033628
2014-05-23 00:00:00-04:00,13.819999694824219,6.9809980392456055,867.7268906239018,226.3827274977853
2014-05-27 00:00:00-04:00,14.104000091552734,6.773911476135254,885.5586407419198,219.66723771802742
2014-05-28 00:00:00-04:00,14.015999794006348,6.941035270690918,880.0332987556603,225.086798105897
2014-05-29 00:00:00-04:00,14.015999794006348,6.933768272399902,880.0332987556603,224.85114084248093
2014-05-30 00:00:00-04:00,13.851332664489746,6.875638484954834,869.6942177543115,222.96608375512736
2014-06-02 00:00:00-04:00,13.646666526794434,6.699716567993164,856.8436884344832,217.26121416992902
2014-06-03 00:00:00-04:00,13.662667274475098,6.701550006866455,857.8483396167694,217.32066969340895
2014-06-04 00:00:00-04:00,13.599332809448242,6.827994346618652,853.8717101217874,221.42105968762422
2014-06-05 00:00:00-04:00,13.793333053588867,6.723537921905518,866.0525518255298,218.033703009068
2014-06-06 00:00:00-04:00,13.878000259399414,6.831657886505127,871.3686164317623,221.539862493059
2014-06-09 00:00:00-04:00,13.687333106994629,6.692387104034424,859.3970521080466,217.0235312436843
2014-06-10 00:00:00-04:00,13.486666679382324,6.833490371704102,846.7976556442507,221.59928709038894
2014-06-11 00:00:00-04:00,13.631333351135254,6.915955066680908,855.8809526072811,224.2734867486859
2014-06-12 00:00:00-04:00,13.567999839782715,6.652071475982666,851.9043829913777,215.71615917627582
2014-06-13 00:00:00-04:00,13.761333465576172,6.778515338897705,864.0433692191147,219.81653370741606
2014-06-16 00:00:00-04:00,14.973999977111816,6.912291049957275,940.1839889481184,224.1546684801761
2014-06-17 00:00:00-04:00,15.444666862487793,7.383248329162598,969.736110654741,239.42706832931836
2014-06-18 00:00:00-04:00,15.141332626342773,7.330105304718018,950.69043197441,237.70372408060035
2014-06-19 00:00:00-04:00,15.185999870300293,7.322776794433594,953.4949883830844,237.46607208050568
2014-06-20 00:00:00-04:00,15.305999755859375,7.350264549255371,961.0295129757588,238.35745650352968
2014-06-23 00:00:00-04:00,15.814666748046875,7.403408527374268,992.9675764519235,240.08083167839774
2014-06-24 00:00:00-04:00,15.5,7.374087333679199,973.2103546795013,239.12999173189377
2014-06-25 00:00:00-04:00,15.792667388916016,7.368588447570801,991.5862858646678,238.95167155067892
2014-06-26 00:00:00-04:00,15.706666946411133,7.434558391571045,986.1865103064245,241.09097251763137
2014-06-27 00:00:00-04:00,15.937333106994629,7.394243240356445,1000.6695229486194,239.78361591329792
2014-06-30 00:00:00-04:00,16.003999710083008,7.416234493255615,1004.8553699445497,240.49675747048215
2014-07-01 00:00:00-04:00,15.981332778930664,7.421731948852539,1003.4321640022098,240.67503126247192
2014-07-02 00:00:00-04:00,15.295332908630371,7.489534854888916,960.3597654805943,242.87377228982936
2014-07-03 00:00:00-04:00,15.283332824707031,7.652631759643555,959.6063070334191,248.16274700909338
2014-07-07 00:00:00-04:00,14.843999862670898,7.621478080749512,932.0215723362847,247.1524824652595
2014-07-08 00:00:00-04:00,14.604666709899902,7.63063907623291,916.9943786269412,247.44955906268405
2014-07-09 00:00:00-04:00,14.870667457580566,7.658127784729004,933.6959710137355,248.3409744118581
2014-07-10 00:00:00-04:00,14.630666732788086,7.6562957763671875,918.6268619493081,248.2815652776032
2014-07-11 00:00:00-04:00,14.541999816894531,7.557336807250977,913.0596644870433,245.07248239103671
2014-07-14 00:00:00-04:00,15.113332748413086,7.6562957763671875,948.9323822240273,248.2815652776032
2014-07-15 00:00:00-04:00,14.638667106628418,7.517024993896484,919.1291875404511,243.76523402822846
2014-07-16 00:00:00-04:00,14.477333068847656,7.612313747406006,908.9993839191291,246.85529762630972
2014-07-17 00:00:00-04:00,14.359999656677246,7.559171199798584,901.6322812304761,245.1319688406668
2014-07-18 00:00:00-04:00,14.668000221252441,7.8487114906311035,920.9709482428448,254.521302627996
2014-07-21 00:00:00-04:00,14.702667236328125,7.852375030517578,923.1476126323599,254.64010543343076
2014-07-22 00:00:00-04:00,14.638667106628418,8.079608917236328,919.1291875404511,262.00894105924226
2014-07-23 00:00:00-04:00,14.832667350769043,8.195058822631836,931.3100292441936,265.752798932553
2014-07-24 00:00:00-04:00,14.902667045593262,8.447944641113281,935.7051536201507,273.9534861425334
2014-07-25 00:00:00-04:00,14.904666900634766,8.370980262756348,935.8307200481667,271.45765305467637
2014-07-28 00:00:00-04:00,14.98799991607666,8.44428539276123,941.0630138233099,273.83482250477385
2014-07-29 00:00:00-04:00,15.000666618347168,7.9586615562438965,941.8583277464907,258.0868093939418
2014-07-30 00:00:00-04:00,15.261333465576172,7.905517578125,958.2250164461632,256.3634342190737
2014-07-31 00:00:00-04:00,14.886667251586914,7.6911139488220215,934.7005623169432,249.41066355302186
2014-08-01 00:00:00-04:00,15.5513334274292,7.553673267364502,976.4334658482294,244.95367958560195
2014-08-04 00:00:00-04:00,15.90133285522461,7.639801502227783,998.4091476070935,247.74668204933369
2014-08-05 00:00:00-04:00,15.899333000183105,7.5738325119018555,998.2835811790775,245.6074120085313
2014-08-06 00:00:00-04:00,16.595333099365234,7.604984283447266,1041.9838717198522,246.61761470006508
2014-08-07 00:00:00-04:00,16.826000213623047,7.489534854888916,1056.466944241126,242.87377228982936
2014-08-08 00:00:00-04:00,16.54199981689453,7.458383560180664,1038.635194123108,241.86358506137063
2014-08-11 00:00:00-04:00,17.288000106811523,7.63063907623291,1085.4748848806,247.44955906268405
2014-08-12 00:00:00-04:00,17.33066749572754,7.500532150268555,1088.1538748612581,243.2303971891841
2014-08-13 00:00:00-04:00,17.354000091552734,7.57566499710083,1089.6188764005249,245.66683660586125
2014-08-14 00:00:00-04:00,17.42533302307129,7.6654582023620605,1094.0977117284926,248.5786882642528
2014-08-15 00:00:00-04:00,17.46733283996582,7.264134407043457,1096.734786354067,235.56439218749782
2014-08-18 00:00:00-04:00,17.32933235168457,7.449218273162842,1088.07004415109,241.5663692962708
2014-08-19 00:00:00-04:00,17.117332458496094,7.491368293762207,1074.7590447161242,242.93322781330934
2014-08-20 00:00:00-04:00,17.047332763671875,7.5738325119018555,1070.3639203401672,245.6074120085313
2014-08-21 00:00:00-04:00,16.95599937438965,7.419898509979248,1064.6293009738808,240.61557573899196
2014-08-22 00:00:00-04:00,17.118667602539062,7.8615403175354,1074.8428754262923,254.93732119853058
2014-08-25 00:00:00-04:00,17.503332138061523,7.7717437744140625,1098.995101816514,252.02536129861377
2014-08-26 00:00:00-04:00,17.44933319091797,7.8377156257629395,1095.6046286228434,254.16472411786634
2014-08-27 00:00:00-04:00,17.549999237060547,7.8780317306518555,1101.9252246532046,255.47211164834985
2014-08-28 00:00:00-04:00,17.590667724609375,7.911016941070557,1104.4787080849255,256.54176986336364
2014-08-29 00:00:00-04:00,17.979999542236328,7.792832851409912,1128.9239826862638,252.70924671784636
2014-09-02 00:00:00-04:00,18.941333770751953,8.079060554504395,1189.2840101378274,261.99115852296086
2014-09-03 00:00:00-04:00,18.746000289916992,8.038434982299805,1177.0194574820741,260.67373545678464
2014-09-04 00:00:00-04:00,19.069332122802734,8.2064790725708,1197.3207405634876,266.12313957945696
2014-09-05 00:00:00-04:00,18.492666244506836,8.35421085357666,1161.1131790184606,270.91384763211613
2014-09-08 00:00:00-04:00,18.80733299255371,8.176931381225586,1180.8704007908827,265.16495467231505
2014-09-09 00:00:00-04:00,18.565332412719727,7.9701080322265625,1165.6757252984391,258.45800050997224
2014-09-10 00:00:00-04:00,18.739999771118164,7.9664154052734375,1176.6426983189472,258.3382544569608
2014-09-11 00:00:00-04:00,18.687332153320312,8.117839813232422,1173.3358163191297,263.2487085626314
2014-09-12 00:00:00-04:00,18.613332748413086,8.053206443786621,1168.6895590871404,261.1527505949805
2014-09-15 00:00:00-04:00,16.923999786376953,8.034741401672363,1062.6201183674657,260.55395847762315
2014-09-16 00:00:00-04:00,17.382667541503906,8.282191276550293,1091.4188415059918,268.5783666322922
2014-09-17 00:00:00-04:00,17.42533302307129,8.128920555114746,1094.0977117284926,263.6080395001159
2014-09-18 00:00:00-04:00,17.58799934387207,8.167698860168457,1104.3111664227467,264.8655586136364
2014-09-19 00:00:00-04:00,17.288000106811523,8.010734558105469,1085.4748848806,259.7754545022985
2014-09-22 00:00:00-04:00,16.66866683959961,8.010734558105469,1046.5883333549148,259.7754545022985
2014-09-23 00:00:00-04:00,16.694000244140625,7.826070785522461,1048.1789612012763,253.78710036262456
2014-09-24 00:00:00-04:00,16.80933380126953,7.9719557762146,1055.4204974619129,258.517919925703
2014-09-25 00:00:00-04:00,16.463333129882812,7.766978740692139,1033.6958886800026,251.8708387898659
2014-09-26 00:00:00-04:00,16.440000534057617,7.7632856369018555,1032.2308871407358,251.7510772737795
2014-09-29 00:00:00-04:00,16.35066795349121,7.766978740692139,1026.6218940815443,251.8708387898659
2014-09-30 00:00:00-04:00,16.178667068481445,7.608166217803955,1015.8223429650578,246.72079979972224
2014-10-01 00:00:00-04:00,16.016000747680664,7.456742286682129,1005.6088882708037,241.81036115712664
2014-10-02 00:00:00-04:00,16.761333465576172,7.549073696136475,1052.4066636732118,244.8045227638886
2014-10-03 00:00:00-04:00,17.013999938964844,7.4715166091918945,1068.2710267817413,242.28946907377264
2014-10-06 00:00:00-04:00,17.374666213989258,7.305318832397461,1090.9164560357701,236.89993797760604
2014-10-07 00:00:00-04:00,17.30466651916504,7.203752517700195,1086.5213316598129,233.60630299679036
2014-10-08 00:00:00-04:00,17.28533363342285,7.3200907707214355,1085.3074629765786,237.37896857887694
2014-10-09 00:00:00-04:00,17.134000778198242,7.0726399421691895,1075.8056112534946,229.35452949805776
2014-10-10 00:00:00-04:00,15.793999671936035,7.07448673248291,991.6699369375998,229.4144179876385
2014-10-13 00:00:00-04:00,14.97266674041748,6.869508266448975,940.1002779961077,222.76729046257634
2014-10-14 00:00:00-04:00,15.137332916259766,6.869508266448975,950.4392991183778,222.76729046257634
2014-10-15 00:00:00-04:00,15.313332557678223,7.1021857261657715,961.489923211818,230.31265255289958
2014-10-16 00:00:00-04:00,15.09000015258789,7.244378566741943,947.4673806847607,234.9237415260416
2014-10-17 00:00:00-04:00,15.165332794189453,7.360716819763184,952.1973488687606,238.69640710812817
2014-10-20 00:00:00-04:00,15.364666938781738,7.508449077606201,964.7130942596247,243.4871306238624
2014-10-21 00:00:00-04:00,15.689332962036133,7.517682075500488,985.0981481721275,243.7865421456161
2014-10-22 00:00:00-04:00,15.40666675567627,7.497367858886719,967.3501688851991,243.12778422330288
2014-10-23 00:00:00-04:00,15.685999870300293,7.6192474365234375,984.8888707921005,247.08014620028175
2014-10-24 00:00:00-04:00,15.682666778564453,7.761438369750977,984.6795934120738,251.6911733211237
2014-10-27 00:00:00-04:00,14.777999877929688,7.72081184387207,927.8775808163599,250.37371932879736
2014-10-28 00:00:00-04:00,16.184667587280273,7.576773166656494,1016.1991021281848,245.70277279222466
2014-10-29 00:00:00-04:00,15.873332977294922,7.6691060066223145,996.6510978567107,248.6969807882117
2014-10-30 00:00:00-04:00,15.910667419433594,7.77067232131958,998.995244029326,251.99061576902744
2014-10-31 00:00:00-04:00,16.113332748413086,7.896243095397949,1011.7201470420596,256.0626774097927
2014-11-03 00:00:00-05:00,16.172666549682617,7.887011528015137,1015.4455838019308,255.76331227726405
2014-11-04 00:00:00-05:00,15.928667068481445,7.890702247619629,1000.1254017605497,255.8829964779754
2014-11-05 00:00:00-05:00,15.39799976348877,7.947950839996338,966.8059878180505,257.7394778026785
2014-11-06 00:00:00-05:00,16.08133316040039,8.260030746459961,1009.7109644356445,267.85973568347333
2014-11-07 00:00:00-05:00,16.01333236694336,8.067981719970703,1005.4413466086249,261.63188943777647
2014-11-10 00:00:00-05:00,16.1286678314209,7.892549991607666,1012.6830026274192,255.94291589370619
2014-11-11 00:00:00-05:00,16.738666534423828,7.848230838775635,1050.9834577308718,254.50571584836848
2014-11-12 00:00:00-05:00,16.606666564941406,8.016275405883789,1042.6954746910221,259.9551354341158
2014-11-13 00:00:00-05:00,16.780000686645508,8.21017074584961,1053.5787367595194,266.2428547063183
2014-11-14 00:00:00-05:00,17.245332717895508,8.199092864990234,1082.7958948999417,265.88361654728396
2014-11-17 00:00:00-05:00,16.93199920654297,8.143692970275879,1063.1223840795303,264.0870855644618
2014-11-18 00:00:00-05:00,17.18000030517578,8.128920555114746,1078.6938187351009,263.6080395001159
2014-11-19 00:00:00-05:00,16.516000747680664,8.053206443786621,1037.0027706798198,261.1527505949805
2014-11-20 00:00:00-05:00,16.58066749572754,8.10122013092041,1041.063051247734,262.70975854562977
2014-11-21 00:00:00-05:00,16.185333251953125,7.044377326965332,1016.2408977251115,228.43801757811443
2014-11-24 00:00:00-05:00,16.447999954223633,7.025771141052246,1032.7331528528002,227.83464839054903
2014-11-25 00:00:00-05:00,16.53933334350586,6.95878791809082,1038.4677722190866,225.66248838916354
2014-11-26 00:00:00-05:00,16.562667846679688,6.921573638916016,1039.9328935165106,224.45568816173264
2014-11-28 00:00:00-05:00,16.301332473754883,7.0350751876831055,1023.5242295826749,228.13636391048178
2014-12-01 00:00:00-05:00,15.442667007446289,6.666669845581055,969.610544226725,216.18956121823675
2014-12-02 00:00:00-05:00,15.428667068481445,6.612709045410156,968.7315193515335,214.43969779584688
2014-12-03 00:00:00-05:00,15.286666870117188,6.811797618865967,959.8156442925247,220.8958254181718
2014-12-04 00:00:00-05:00,15.218667030334473,6.8973870277404785,955.5460863445836,223.67135460712268
2014-12-05 00:00:00-05:00,14.913999557495117,6.962508678436279,936.4166967122419,225.7831467636016
2014-12-08 00:00:00-05:00,14.290666580200195,6.5475873947143555,897.2790123305244,212.327905639368
2014-12-09 00:00:00-05:00,14.459333419799805,6.61829137802124,907.8692261879055,214.6207240151915
2014-12-10 00:00:00-05:00,13.989333152770996,6.201508045196533,878.3589599572883,201.10509958297632
2014-12-11 00:00:00-05:00,13.925333023071289,6.3094258308410645,874.3405348653795,204.60470272315575
2014-12-12 00:00:00-05:00,13.800000190734863,6.009862899780273,866.4711664646621,194.89035056182763
2014-12-15 00:00:00-05:00,13.602666854858398,6.1270833015441895,854.0810473808929,198.69162283271473
2014-12-16 00:00:00-05:00,13.187333106994629,5.9391584396362305,828.0031696990304,192.59751672292907
2014-12-17 00:00:00-05:00,13.721332550048828,6.082427501678467,861.5318011424778,197.24350585640772
2014-12-18 00:00:00-05:00,14.550666809082031,6.158712863922119,913.6038455541918,199.71731952542586
2014-12-19 00:00:00-05:00,14.619333267211914,6.419203281402588,917.9152589781381,208.16461185594167
2014-12-22 00:00:00-05:00,14.84000015258789,6.3484978675842285,931.7704394802525,205.87174709089302
2014-12-23 00:00:00-05:00,14.731332778930664,6.443391799926758,924.9474579796694,208.9490072628517
2014-12-24 00:00:00-05:00,14.817333221435547,6.212672233581543,930.3472335379126,201.4671365585906
2014-12-26 00:00:00-05:00,15.187999725341797,6.261048793792725,953.6205548111006,203.03591190933568
2014-12-29 00:00:00-05:00,15.047332763671875,6.261048793792725,944.7883907041024,203.03591190933568
2014-12-30 00:00:00-05:00,14.815333366394043,6.294540882110596,930.2216671098967,204.12200737310343
2014-12-31 00:00:00-05:00,14.827333450317383,6.28895902633667,930.9751255570719,203.94099661683381
2015-01-02 00:00:00-05:00,14.620667457580566,6.28895902633667,917.9990298092274,203.94099661683381
2015-01-05 00:00:00-05:00,14.005999565124512,6.460136890411377,879.4054067365013,209.49202406858552
2015-01-06 00:00:00-05:00,14.085332870483398,6.268490791320801,884.386567655612,203.2772441212868
2015-01-07 00:00:00-05:00,14.063332557678223,6.195926666259766,883.0052171892776,200.92410428978175
2015-01-08 00:00:00-05:00,14.041333198547363,6.268490791320801,881.6239266020217,203.2772441212868
2015-01-09 00:00:00-05:00,13.77733325958252,6.0042805671691895,865.0479605223221,194.70932434248297
2015-01-12 00:00:00-05:00,13.480667114257812,6.283376693725586,846.4209563602022,203.75997039748918
2015-01-13 00:00:00-05:00,13.616666793823242,6.0973124504089355,854.9600722560843,197.72620120646005
2015-01-14 00:00:00-05:00,12.845999717712402,6.737372398376465,806.5716091282361,218.48233320483516
2015-01-15 00:00:00-05:00,12.791333198547363,6.411761283874512,803.1392205794813,207.92327964399053
2015-01-16 00:00:00-05:00,12.871333122253418,6.763421535491943,808.1622369745976,219.32706553050178
2015-01-20 00:00:00-05:00,12.795332908630371,6.711324214935303,803.3903534355135,217.63763180531862
2015-01-21 00:00:00-05:00,13.104666709899902,6.8545918464660645,822.8127313998928,222.28357454957225
2015-01-22 00:00:00-05:00,13.441332817077637,6.906689643859863,843.9512437595707,223.97302373783035
2015-01-23 00:00:00-05:00,13.419333457946777,6.95878791809082,842.5699531723151,225.66248838916354
2015-01-26 00:00:00-05:00,13.770000457763672,7.100194931030273,864.5875502862632,230.24809421466057
2015-01-27 00:00:00-05:00,13.732000350952148,7.122523784637451,862.2016085167211,230.97218362896413
2015-01-28 00:00:00-05:00,13.291333198547363,6.997861862182617,834.5331029884974,226.92959460920093
2015-01-29 00:00:00-05:00,13.680000305175781,6.748536586761475,858.9366418719876,218.84437018044943
2015-01-30 00:00:00-05:00,13.573332786560059,6.558752059936523,852.2392267994206,212.6899580780573
2015-02-02 00:00:00-05:00,14.062666893005371,6.852732181549072,882.9634215923509,222.22326855696573
2015-02-03 00:00:00-05:00,14.557332992553711,6.9773945808410645,914.0224003142454,226.26587303980395
2015-02-04 00:00:00-05:00,14.569999694824219,6.8155198097229,914.817714237426,221.01653018183492
2015-02-05 00:00:00-05:00,14.732666969299316,6.828544616699219,925.0312288107589,221.43890407620574
2015-02-06 00:00:00-05:00,14.490667343139648,6.839706897735596,909.8366131973938,221.8008791995199
2015-02-09 00:00:00-05:00,14.498666763305664,6.9178547859191895,910.3388789094582,224.3350916395947
2015-02-10 00:00:00-05:00,14.419333457946777,7.077868461608887,905.3577179903474,229.52408211573214
2015-02-11 00:00:00-05:00,14.186667442321777,6.981114864349365,890.7491389201361,226.386515951167
2015-02-12 00:00:00-05:00,13.525333404541016,6.930878162384033,849.225452889798,224.75741914474042
2015-02-13 00:00:00-05:00,13.584667205810547,6.949483871459961,852.9508896496692,225.3607728692308
2015-02-17 00:00:00-05:00,13.623332977294922,6.951345443725586,855.378627016138,225.42114071413738
2015-02-18 00:00:00-05:00,13.630666732788086,6.9773945808410645,855.8390971312757,226.26587303980395
2015-02-19 00:00:00-05:00,14.11400032043457,6.982977390289307,886.186532761079,226.44691472222362
2015-02-20 00:00:00-05:00,14.473999977111816,6.975533485412598,908.7901065391022,226.20552065797241
2015-02-23 00:00:00-05:00,13.822667121887207,6.949483871459961,867.894372407002,225.3607728692308
2015-02-24 00:00:00-05:00,13.607333183288574,6.910412311553955,854.3740357129303,224.09374396456855
2015-02-25 00:00:00-05:00,13.583999633789062,6.936460494995117,852.9089742945852,224.93844536408508
2015-02-26 00:00:00-05:00,13.812666893005371,6.889944553375244,867.2664803878428,223.43000693209652
2015-02-27 00:00:00-05:00,13.555999755859375,6.878780841827393,851.1509245442022,223.0679854195573
2015-03-02 00:00:00-05:00,13.155332565307617,7.195088863372803,825.9939272135367,233.32535438661927
2015-03-03 00:00:00-05:00,13.303999900817871,7.196949481964111,835.3284169116781,233.3856913053758
2015-03-04 00:00:00-05:00,13.496000289916992,7.448136806488037,847.3836921874044,241.53129904210888
2015-03-05 00:00:00-05:00,13.375332832336426,7.442553520202637,839.8072522396459,241.3502418966142
2015-03-06 00:00:00-05:00,12.925333023071289,7.472323417663574,811.5527700473472,242.31563259671884
2015-03-09 00:00:00-04:00,12.725333213806152,7.596986293792725,798.9952290595564,246.35825254263207
2015-03-10 00:00:00-04:00,12.687999725341797,7.563495635986328,796.6511427660198,245.27220346808937
2015-03-11 00:00:00-04:00,12.916000366210938,7.345801830291748,810.9667933832719,238.21273758434916
2015-03-12 00:00:00-04:00,12.73799991607666,7.383014678955078,799.7905429827372,239.41949142255496
2015-03-13 00:00:00-04:00,12.578666687011719,7.642135143280029,789.7863656685098,247.82235833851735
2015-03-16 00:00:00-04:00,13.046667098999023,7.715363025665283,819.1710654711111,250.19702277046042
2015-03-17 00:00:00-04:00,12.982000350952148,7.681563377380371,815.1107849031968,249.10095362330003
2015-03-18 00:00:00-04:00,13.380666732788086,7.720996379852295,840.1421559267677,250.37970353883296
2015-03-19 00:00:00-04:00,13.043333053588867,7.659032344818115,818.9617282120056,248.37030786518488
2015-03-20 00:00:00-04:00,13.20533275604248,7.683442115783691,829.1333274302541,249.1618781389076
2015-03-23 00:00:00-04:00,13.308667182922363,7.762302875518799,835.6214651227945,251.71920787614818
2015-03-24 00:00:00-04:00,13.447999954223633,7.681563377380371,844.3698583987033,249.10095362330003
2015-03-25 00:00:00-04:00,12.953332901000977,7.475020408630371,813.31081979773,242.40309174907324
2015-03-26 00:00:00-04:00,12.694000244140625,7.283497333526611,797.0279019291468,236.19230127513157
2015-03-27 00:00:00-04:00,12.333333015441895,7.202756881713867,774.3824127960394,233.5740160961333
2015-03-30 00:00:00-04:00,12.704667091369629,7.076953887939453,797.6976494243113,229.49442393782977
2015-03-31 00:00:00-04:00,12.584667205810547,7.127649307250977,790.1631248316369,231.13839622243262
2015-04-01 00:00:00-04:00,12.505999565124512,7.093851566314697,785.2237595094526,230.04238892757235
2015-04-02 00:00:00-04:00,12.733332633972168,7.172713756561279,799.4974947716207,232.59976505403804
2015-04-06 00:00:00-04:00,13.539999961853027,7.204635143280029,850.1463332409947,233.63492514866587
2015-04-07 00:00:00-04:00,13.550000190734863,7.131406784057617,850.774225260154,231.26024525364778
2015-04-08 00:00:00-04:00,13.844667434692383,7.268474578857422,869.2757228733365,235.70513709639633
2015-04-09 00:00:00-04:00,14.005999565124512,7.50881814956665,879.4054067365013,243.49909904393354
2015-04-10 00:00:00-04:00,14.0600004196167,7.585803031921387,882.7959996883294,245.99559704401673
2015-04-13 00:00:00-04:00,13.985333442687988,7.589559078216553,878.1078271012561,246.1173996860068
2015-04-14 00:00:00-04:00,13.830666542053223,7.585803031921387,868.3966381190664,245.99559704401673
2015-04-15 00:00:00-04:00,13.85533332824707,7.6778082847595215,869.9454104894224,248.97918190746
2015-04-16 00:00:00-04:00,13.779999732971191,7.687197208404541,865.2153824263437,249.28364985474764
2015-04-17 00:00:00-04:00,13.78600025177002,7.446855068206787,865.5921415894707,241.4897342964355
2015-04-20 00:00:00-04:00,13.684666633605957,7.5707807540893555,859.2296302040252,245.50844832835654
2015-04-21 00:00:00-04:00,13.96066665649414,7.525717735290527,876.5590547309001,244.04712588597621
2015-04-22 00:00:00-04:00,14.629332542419434,7.55576229095459,918.5430911182186,245.02142331729658
2015-04-23 00:00:00-04:00,14.573332786560059,7.5707807540893555,915.026991617453,245.50844832835654
2015-04-24 00:00:00-04:00,14.562000274658203,7.644011497497559,914.3154485253616,247.8832055387498
2015-04-27 00:00:00-04:00,15.436667442321777,7.56326961517334,969.2338449426766,245.26487397052645
2015-04-28 00:00:00-04:00,15.36533260345459,7.583924770355225,964.7548898565514,245.9346879914842
2015-04-29 00:00:00-04:00,15.49666690826416,7.384891986846924,973.0010772994746,239.48036954893746
2015-04-30 00:00:00-04:00,15.069999694824219,7.236556053161621,946.2115966464422,234.67006978021868
2015-05-01 00:00:00-04:00,15.0686674118042,7.354847431182861,946.1279455735103,238.5060721176171
2015-05-04 00:00:00-04:00,15.36733341217041,7.53322696685791,964.8805161636462,244.29063839150618
2015-05-05 00:00:00-04:00,15.529999732971191,7.5144500732421875,975.0939708579002,243.68173342308103
2015-05-06 00:00:00-04:00,15.362000465393066,7.34733772277832,964.5456723556032,238.2625441490121
2015-05-07 00:00:00-04:00,15.786666870117188,7.418690204620361,991.2095267015408,240.57639230687275
2015-05-08 00:00:00-04:00,15.77400016784668,7.546370983123779,990.41421277836,244.7168780546338
2015-05-11 00:00:00-04:00,15.965999603271484,7.465631484985352,1002.4694281750078,242.09862380178566
2015-05-12 00:00:00-04:00,16.31599998474121,7.332316875457764,1024.4451698129503,237.775441822577
2015-05-13 00:00:00-04:00,16.211999893188477,7.360483169555664,1017.9152365234836,238.68883020136482
2015-05-14 00:00:00-04:00,16.273332595825195,7.354847431182861,1021.7661798322922,238.5060721176171
2015-05-15 00:00:00-04:00,16.589332580566406,7.521963119506836,1041.607112556725,243.92536963321123
2015-05-18 00:00:00-04:00,16.583332061767578,7.55576229095459,1041.230353393598,245.02142331729658
2015-05-19 00:00:00-04:00,16.47599983215332,7.568903923034668,1034.491202603183,245.4475856650491
2015-05-20 00:00:00-04:00,16.290000915527344,7.536983489990234,1022.8127463696625,244.41245649657128
2015-05-21 00:00:00-04:00,16.374666213989258,7.65527868270874,1028.1286912177377,248.24858253856993
2015-05-22 00:00:00-04:00,16.51533317565918,7.660909175872803,1036.9608553247358,248.43117052849232
2015-05-26 00:00:00-04:00,16.497333526611328,7.544495582580566,1035.8306975935122,244.65606178055145
2015-05-27 00:00:00-04:00,16.495332717895508,7.4111809730529785,1035.7050712864175,240.33287980134278
2015-05-28 00:00:00-04:00,16.76333236694336,7.683442115783691,1052.5321702221493,249.1618781389076
2015-05-29 00:00:00-04:00,16.719999313354492,8.150982856750488,1049.811384644564,264.3234850554792
2015-06-01 00:00:00-04:00,16.6299991607666,8.162249565124512,1044.1604762302886,264.6888465922243
2015-06-02 00:00:00-04:00,16.55666732788086,8.256131172180176,1039.5561343533834,267.73327865590005
2015-06-03 00:00:00-04:00,16.599332809448242,8.20919132232666,1042.2350045758844,266.21109355021224
2015-06-04 00:00:00-04:00,16.39466667175293,8.265522003173828,1029.384475256056,268.0378084554877
2015-06-05 00:00:00-04:00,16.609333038330078,8.28805160522461,1042.8628965950436,268.7684078243778
2015-06-08 00:00:00-04:00,17.086000442504883,8.149855613708496,1072.791777464793,264.2869303461147
2015-06-09 00:00:00-04:00,17.066667556762695,8.121458053588867,1071.5779087815588,263.36604237593855
2015-06-10 00:00:00-04:00,16.713333129882812,8.111993789672852,1049.3928298845105,263.05913126279665
2015-06-11 00:00:00-04:00,16.76066780090332,8.140390396118164,1052.3648680762851,263.97998830682263
2015-06-12 00:00:00-04:00,16.71266746520996,8.132819175720215,1049.3510342875838,263.73446560153917
2015-06-15 00:00:00-04:00,16.691999435424805,8.049522399902344,1048.0533348941813,261.0332828773195
2015-06-16 00:00:00-04:00,16.874666213989258,8.047627449035645,1059.522573626754,260.971832617161
2015-06-17 00:00:00-04:00,17.360666275024414,8.146069526672363,1090.0374311605785,264.1641535303978
2015-06-18 00:00:00-04:00,17.459333419799805,8.176358222961426,1096.2325206420026,265.1463680561322
2015-06-19 00:00:00-04:00,17.500667572021484,8.157427787780762,1098.8277996706502,264.5324839775482
2015-06-22 00:00:00-04:00,17.319332122802734,8.308878898620605,1087.442152131931,269.44380401542037
2015-06-23 00:00:00-04:00,17.844667434692383,8.397852897644043,1120.426782145466,272.3290901109151
2015-06-24 00:00:00-04:00,17.67799949645996,8.433821678161621,1109.9620748370223,273.4955007863747
2015-06-25 00:00:00-04:00,17.91933250427246,8.265337944030762,1125.114834974382,268.03183970852723
2015-06-26 00:00:00-04:00,17.805999755859375,8.337272644042969,1117.9989250208398,270.3645682809962
2015-06-29 00:00:00-04:00,17.468000411987305,8.096847534179688,1096.776701709151,262.5679621476294
2015-06-30 00:00:00-04:00,17.884000778198242,8.132819175720215,1122.8964348670188,263.73446560153917
2015-07-01 00:00:00-04:00,17.94333267211914,8.352418899536133,1126.6217518687324,270.85573739616353
2015-07-02 00:00:00-04:00,18.667999267578125,8.246402740478516,1172.1219476358954,267.417800999193
2015-07-06 00:00:00-04:00,18.648000717163086,8.390281677246094,1170.8662833557344,272.0835674056316
2015-07-07 00:00:00-04:00,17.858667373657227,8.714004516601562,1121.3058070206573,282.5813871893681
2015-07-08 00:00:00-04:00,16.997333526611328,8.659104347229004,1067.2245800025285,280.8010615091745
2015-07-09 00:00:00-04:00,17.19466781616211,8.878705978393555,1079.6147589653763,287.92239515609896
2015-07-10 00:00:00-04:00,17.27666664123535,8.89006233215332,1084.7632819094301,288.29066375094925
2015-07-13 00:00:00-04:00,17.477333068847656,8.96389389038086,1097.3626783732261,290.6849044358769
2015-07-14 00:00:00-04:00,17.709999084472656,8.846522331237793,1111.9712574434375,286.8787303702061
2015-07-15 00:00:00-04:00,17.542667388916016,8.787834167480469,1101.4648742962245,284.97556602199563
2015-07-16 00:00:00-04:00,17.778667449951172,8.941177368164062,1116.282790625541,289.9482435415761
2015-07-17 00:00:00-04:00,18.310667037963867,8.835162162780762,1149.6858556409722,286.5103380707556
2015-07-20 00:00:00-04:00,18.817333221435547,8.865452766418457,1181.4982928100421,287.49261444879005
2015-07-21 00:00:00-04:00,17.784666061401367,8.886276245117188,1116.6594300305107,288.16788693523245
2015-07-22 00:00:00-04:00,17.857999801635742,8.935498237609863,1121.2638916655733,289.76407831800094
2015-07-23 00:00:00-04:00,17.81333351135254,8.886276245117188,1118.4593951359775,288.16788693523245
2015-07-24 00:00:00-04:00,17.694000244140625,8.611776351928711,1110.9667260193085,279.26628946041444
2015-07-27 00:00:00-04:00,16.867332458496094,8.579590797424316,1059.0621035116162,278.2225628222215
2015-07-28 00:00:00-04:00,17.654666900634766,8.57201862335205,1108.4970732977556,277.9770091907879
2015-07-29 00:00:00-04:00,17.58799934387207,8.683712005615234,1104.3111664227467,281.5990489590335
2015-07-30 00:00:00-04:00,17.785999298095703,8.73861312866211,1116.7431409825215,283.37940556537717
2015-07-31 00:00:00-04:00,17.74333381652832,8.67992877960205,1114.0642707600205,281.4763649217669
2015-08-03 00:00:00-04:00,17.332666397094727,8.509547233581543,1088.2793814101956,275.9511608053108
2015-08-04 00:00:00-04:00,17.75200080871582,8.626920700073242,1114.608451827169,279.75739672328166
2015-08-05 00:00:00-04:00,18.0086669921875,8.782155990600586,1130.7239477917306,284.7914317245705
2015-08-06 00:00:00-04:00,16.408666610717773,8.585271835327148,1030.2635001312474,278.40678989809675
2015-08-07 00:00:00-04:00,16.167333602905273,8.551196098327637,1015.1107399938878,277.3017676304956
2015-08-10 00:00:00-04:00,16.076000213623047,8.672355651855469,1009.3761206276016,281.2307803641832
2015-08-11 00:00:00-04:00,15.824666976928711,8.655317306518555,993.5954684710828,280.67825376730764
2015-08-12 00:00:00-04:00,15.878000259399414,8.636385917663574,996.9441460678271,280.0643387625736
2015-08-13 00:00:00-04:00,16.167333602905273,8.727253913879395,1015.1107399938878,283.0110441920767
2015-08-14 00:00:00-04:00,16.209999084472656,8.98093318939209,1017.7896102163888,291.23746195890254
2015-08-17 00:00:00-04:00,16.999332427978516,8.888171195983887,1067.350086551466,288.22933719539094
2015-08-18 00:00:00-04:00,17.381332397460938,8.895743370056152,1091.3350107958236,288.47489082682455
2015-08-19 00:00:00-04:00,17.016666412353516,8.793514251708984,1068.4384486857628,285.15976217172084
2015-08-20 00:00:00-04:00,16.14533233642578,8.562554359436035,1013.7293296484746,277.67009807764595
2015-08-21 00:00:00-04:00,15.38466739654541,8.486830711364746,965.9688782979432,275.21449991100997
2015-08-24 00:00:00-04:00,14.591333389282227,8.132819175720215,916.1572092277552,263.73446560153917
2015-08-25 00:00:00-04:00,14.66866683959961,8.308878898620605,921.01280371885,269.44380401542037
2015-08-26 00:00:00-04:00,14.989333152770996,8.587163925170898,941.1467247753206,278.46814737980515
2015-08-27 00:00:00-04:00,16.19933319091797,8.746187210083008,1017.119922600303,283.62502104911084
2015-08-28 00:00:00-04:00,16.565332412719727,8.043841361999512,1040.1001956623745,260.84905580144425
2015-08-31 00:00:00-04:00,16.604000091552734,8.041948318481445,1042.5280527870007,260.7876673935858
2015-09-01 00:00:00-04:00,15.908666610717773,7.795843601226807,998.8696177222313,252.80688057356878
2015-09-02 00:00:00-04:00,16.512666702270508,7.915108680725098,1036.7934334207143,256.67445851017294
2015-09-03 00:00:00-04:00,16.3713321685791,7.896177291870117,1027.9193539586322,256.06054350543894
2015-09-04 00:00:00-04:00,16.1286678314209,7.8770833015441895,1012.6830026274192,255.44135559212057
2015-09-08 00:00:00-04:00,16.544666290283203,7.98020076751709,1038.8026160271295,258.78529195600015
2015-09-09 00:00:00-04:00,16.5939998626709,7.98020076751709,1041.9001607678415,258.78529195600015
2015-09-10 00:00:00-04:00,16.565332412719727,8.087136268615723,1040.1001956623745,262.2530411616233
2015-09-11 00:00:00-04:00,16.682666778564453,8.169251441955566,1047.4673582301061,264.91590638592527
2015-09-14 00:00:00-04:00,16.87933349609375,8.243724822998047,1059.8156218378701,267.33096036983966
2015-09-15 00:00:00-04:00,16.904666900634766,8.211262702941895,1061.4062496842314,266.27826514813086
2015-09-16 00:00:00-04:00,17.483333587646484,8.39840316772461,1097.739437536353,272.3469344994966
2015-09-17 00:00:00-04:00,17.471332550048828,8.32774829864502,1096.9859192100992,270.05570882040087
2015-09-18 00:00:00-04:00,17.374666213989258,8.07186222076416,1090.9164560357701,261.7577279423487
2015-09-21 00:00:00-04:00,17.613332748413086,7.966834545135498,1105.9017942691082,258.35184649990975
2015-09-22 00:00:00-04:00,17.395999908447266,7.896177291870117,1092.255951026099,256.06054350543894
2015-09-23 00:00:00-04:00,17.40399932861328,7.844620227813721,1092.7582167381636,254.3886294442617
2015-09-24 00:00:00-04:00,17.541332244873047,7.86753511428833,1101.3810435860564,255.13172297777382
2015-09-25 00:00:00-04:00,17.12733268737793,7.829342365264893,1075.3869367352834,253.8931925203869
2015-09-28 00:00:00-04:00,16.562000274658203,7.695671081542969,1039.8909781614263,249.55844416105782
2015-09-29 00:00:00-04:00,16.44333267211914,7.72049617767334,1032.440104641684,250.3634827731293
2015-09-30 00:00:00-04:00,16.559999465942383,7.869443893432617,1039.7653518543316,255.19362166710815
2015-10-01 00:00:00-04:00,15.991999626159668,7.737682819366455,1004.1019114973744,250.92081838633842
2015-10-02 00:00:00-04:00,16.504667282104492,7.924820899963379,1036.29116770865,256.98941042232906
2015-10-05 00:00:00-04:00,16.40999984741211,8.11196231842041,1030.3472110832581,263.05811069984486
2015-10-06 00:00:00-04:00,16.097333908081055,8.276190757751465,1010.7156156179308,268.38377929614865
2015-10-07 00:00:00-04:00,15.46399974822998,8.295284271240234,970.9499793379754,269.002951746392
2015-10-08 00:00:00-04:00,15.114666938781738,8.39840316772461,949.0161530551167,272.3469344994966
2015-10-09 00:00:00-04:00,14.712667465209961,8.480515480041504,923.7755046515192,275.0097069453484
2015-10-12 00:00:00-04:00,14.371999740600586,8.390766143798828,902.3857396776515,272.0992778898593
2015-10-13 00:00:00-04:00,14.616666793823242,8.310562133789062,917.7478370741167,269.49838867026676
2015-10-14 00:00:00-04:00,14.458666801452637,8.220809936523438,907.8273707119001,266.5878668363275
2015-10-15 00:00:00-04:00,14.753999710083008,8.388855934143066,926.3706639220093,272.03733281129996
2015-10-16 00:00:00-04:00,15.133999824523926,8.49006175994873,950.2300217383511,275.319277707395
2015-10-19 00:00:00-04:00,15.206666946411133,8.539712905883789,954.7926278974084,276.92938585768803
2015-10-20 00:00:00-04:00,14.20199966430664,8.612277030944824,891.7118148682597,279.28252568919316
2015-10-21 00:00:00-04:00,14.005999565124512,8.791778564453125,879.4054067365013,285.1034765786215
2015-10-22 00:00:00-04:00,14.114666938781738,8.971280097961426,886.2283882370842,290.9244274680498
2015-10-23 00:00:00-04:00,13.939332962036133,8.660017013549805,875.219559740571,280.83065783477673
2015-10-26 00:00:00-04:00,14.350666999816895,8.53016471862793,901.0463045664009,276.61975324334134
2015-10-27 00:00:00-04:00,14.023332595825195,8.449962615966797,880.4937089917195,274.0189258760489
2015-10-28 00:00:00-04:00,14.197333335876465,8.69820785522461,891.418826536222,282.06912643986357
2015-10-29 00:00:00-04:00,14.108667373657227,8.728761672973633,885.851688953036,283.0599384353131
2015-10-30 00:00:00-04:00,13.795332908630371,8.797507286071777,866.1781182535458,285.2892499619995
2015-11-02 00:00:00-05:00,14.252667427062988,8.818512916564941,894.8931304400611,285.9704293431023
2015-11-03 00:00:00-05:00,13.890000343322754,8.927359580993652,872.1220748789376,289.50015455343487
2015-11-04 00:00:00-05:00,15.442000389099121,8.946455955505371,969.5686887507195,290.1194197821284
2015-11-05 00:00:00-05:00,15.451333045959473,8.963642120361328,970.1546654147946,290.6767399322625
2015-11-06 00:00:00-05:00,15.490667343139648,8.940730094909668,972.6243780154261,289.9337391772005
2015-11-09 00:00:00-05:00,15.022000312805176,8.68865966796875,943.1978227368196,281.7594938255168
2015-11-10 00:00:00-05:00,14.433333396911621,8.772684097290039,906.2367428655386,284.4842732022281
2015-11-11 00:00:00-05:00,14.60533332824707,8.512979507446289,917.0362341029467,276.06246401935726
2015-11-12 00:00:00-05:00,14.196000099182129,8.503430366516113,891.3351155842113,275.75280047886054
2015-11-13 00:00:00-05:00,13.812666893005371,7.099878311157227,867.2664803878428,230.23782673284242
2015-11-16 00:00:00-05:00,14.287332534790039,7.273651123046875,897.0696750714189,235.87300423889275
2015-11-17 00:00:00-05:00,14.266667366027832,7.096057891845703,895.7721553152526,230.1139365757237
2015-11-18 00:00:00-05:00,14.73799991607666,7.220181465148926,925.3660726188018,234.13906778378103
2015-11-19 00:00:00-05:00,14.786666870117188,7.344305515289307,928.4217618835085,238.16421445491346
2015-11-20 00:00:00-05:00,14.667332649230957,7.497072696685791,920.9290328877607,243.118212579861
2015-11-23 00:00:00-05:00,14.516667366027832,7.181990623474121,911.4690965197607,232.90059917869422
2015-11-24 00:00:00-05:00,14.550000190734863,7.239276885986328,913.5619900781863,234.75830208632448
2015-11-25 00:00:00-05:00,15.309332847595215,6.99675989151001,961.2387903557858,226.89385944281284
2015-11-27 00:00:00-05:00,15.440667152404785,6.876453399658203,969.4849777987088,222.99251015034903
2015-11-30 00:00:00-05:00,15.350666999816895,6.689313888549805,963.8340693844333,216.92387172513335
2015-12-01 00:00:00-05:00,15.812666893005371,6.695103645324707,992.8420100239075,217.11162438211485
2015-12-02 00:00:00-05:00,15.465999603271484,6.53495979309082,971.0755457659916,211.91841248649493
2015-12-03 00:00:00-05:00,15.513999938964844,6.324652194976807,974.0893795546928,205.09846963492762
2015-12-04 00:00:00-05:00,15.358667373657227,6.424983024597168,964.3363949755765,208.3520397883476
2015-12-07 00:00:00-05:00,15.408666610717773,6.380606651306152,967.4757353132151,206.9129841740066
2015-12-08 00:00:00-05:00,15.114666938781738,6.509878635406494,949.0161530551167,211.10507020313375
2015-12-09 00:00:00-05:00,14.968000411987305,6.259052753448486,939.8072896640703,202.97118347727138
2015-12-10 00:00:00-05:00,15.137999534606934,6.176086902618408,950.4811545943833,200.28073212712073
2015-12-11 00:00:00-05:00,14.468000411987305,5.788272857666016,908.413407255054,187.70453589203927
2015-12-14 00:00:00-05:00,14.571999549865723,5.840367794036865,914.9432806654422,189.39389230184727
2015-12-15 00:00:00-05:00,14.739333152770996,5.892462253570557,925.4497835708125,191.0832332485802
2015-12-16 00:00:00-05:00,15.633999824523926,5.8963212966918945,981.6239041473672,191.20837591477618
2015-12-17 00:00:00-05:00,15.559332847595215,5.604977607727051,976.9357315602939,181.7605607776937
2015-12-18 00:00:00-05:00,15.36400032043457,5.549025058746338,964.6712387836194,179.94610809091483
2015-12-21 00:00:00-05:00,15.503999710083008,5.54709529876709,973.4614875355336,179.88352902627932
2015-12-22 00:00:00-05:00,15.329999923706055,5.518153190612793,962.5364298701095,178.9449822244221
2015-12-23 00:00:00-05:00,15.313332557678223,5.54709529876709,961.489923211818,179.88352902627932
2015-12-24 00:00:00-05:00,15.371333122253418,5.4737772941589355,965.1316490196784,177.50594207315612
2015-12-28 00:00:00-05:00,15.263333320617676,5.493071556091309,958.3505828741793,178.13162447798592
2015-12-29 00:00:00-05:00,15.812666893005371,5.485354423522949,992.8420100239075,177.88137007174402
2015-12-30 00:00:00-05:00,15.87266731262207,5.49500036239624,996.609302259784,178.19417261647138
2015-12-31 00:00:00-05:00,16.000667572021484,5.4101057052612305,1004.6461524436015,175.44117312783524
2016-01-04 00:00:00-05:00,14.894000053405762,5.462199687957764,935.1609725530021,177.13049861149318
2016-01-05 00:00:00-05:00,14.895333290100098,5.550954341888428,935.2446835050129,180.00867169247533
2016-01-06 00:00:00-05:00,14.602666854858398,5.4737772941589355,916.8688121989252,177.50594207315612
2016-01-07 00:00:00-05:00,14.376667022705078,5.489212512969971,902.6787878887678,178.00648181178994
2016-01-08 00:00:00-05:00,14.066666603088379,5.4737772941589355,883.2145544483831,177.50594207315612
2016-01-11 00:00:00-05:00,13.856666564941406,5.6686482429504395,870.0291214414332,183.8252987968645
2016-01-12 00:00:00-05:00,13.998000144958496,5.379234790802002,878.9031410244368,174.44007818749256
2016-01-13 00:00:00-05:00,13.354000091552734,5.197869300842285,838.4678171283955,168.55868213778248
2016-01-14 00:00:00-05:00,13.745332717895508,4.93546724319458,863.0387180368284,160.04939833948222
2016-01-15 00:00:00-05:00,13.666000366210938,4.947042465209961,858.0576169967962,160.42476448577003
2016-01-19 00:00:00-05:00,13.64799976348877,4.921961784362793,856.927399386494,159.6114376654839
2016-01-20 00:00:00-05:00,13.24666690826416,4.860220432281494,831.7286064589018,157.60926324787357
2016-01-21 00:00:00-05:00,13.33133316040039,4.879515171051025,837.0446111860556,158.23496111577836
2016-01-22 00:00:00-05:00,13.50333309173584,4.952831745147705,847.8441024234636,160.61250167967654
2016-01-25 00:00:00-05:00,13.092000007629395,4.835136413574219,822.0174174767121,156.79582818606224
2016-01-26 00:00:00-05:00,12.904000282287598,5.028079509735107,810.2133349360967,163.05266769743525
2016-01-27 00:00:00-05:00,12.538000106811523,5.045444011688232,787.2330019949463,163.61577103762954
2016-01-28 00:00:00-05:00,12.646666526794434,4.960549831390381,794.0559236164509,160.86278701206845
2016-01-29 00:00:00-05:00,12.74666690826416,5.05702018737793,800.3347240498856,163.9911681100674
2016-02-01 00:00:00-05:00,13.129332542419434,5.172786235809326,824.3614438911701,167.7452780021212
2016-02-02 00:00:00-05:00,12.185333251953125,5.001068115234375,765.0898384529821,162.17673088636354
2016-02-03 00:00:00-05:00,11.565333366394043,5.049304008483887,726.1614314512915,163.74094462997556
2016-02-04 00:00:00-05:00,11.688667297363281,5.211375713348389,733.9052933030714,168.99667373793088
2016-02-05 00:00:00-05:00,10.84000015258789,5.176645278930664,680.6193802081232,167.8704206683172
2016-02-08 00:00:00-05:00,9.866000175476074,5.381164073944092,619.4640987124576,174.50264178905303
2016-02-09 00:00:00-05:00,9.883333206176758,5.232599258422852,620.5524009676759,169.68491974432115
2016-02-10 00:00:00-05:00,9.57800006866455,5.141915798187256,601.3812157384075,166.74419852485357
2016-02-11 00:00:00-05:00,10.031332969665527,5.145774841308594,629.844975310733,166.86934119104956
2016-02-12 00:00:00-05:00,10.06933307647705,5.205586910247803,632.2309170802752,168.8089520070994
2016-02-16 00:00:00-05:00,10.344667434692383,5.402388572692871,649.5185460102233,175.19091872159336
2016-02-17 00:00:00-05:00,11.245332717895508,5.545166015625,706.0693059917476,179.82096542471885
2016-02-18 00:00:00-05:00,11.118000030517578,5.641636848449707,698.0743711630141,182.94936198579285
2016-02-19 00:00:00-05:00,11.10533332824707,5.439047336578369,697.2790572398335,176.37970446661745
2016-02-22 00:00:00-05:00,11.849332809448242,5.635848522186279,743.9931216902307,182.7616557180364
2016-02-23 00:00:00-05:00,11.814000129699707,5.680225849151611,741.7746617037889,184.20074225852744
2016-02-24 00:00:00-05:00,11.933333396911621,5.7670488357543945,749.2673308204579,187.01627442257399
2016-02-25 00:00:00-05:00,12.495332717895508,5.780555248260498,784.554012014288,187.45426602272238
2016-02-26 00:00:00-05:00,12.689332962036133,5.892462253570557,796.7348537180305,191.0832332485802
2016-02-29 00:00:00-05:00,12.795332908630371,5.9464850425720215,803.3903534355135,192.8351068707236
2016-03-01 00:00:00-05:00,12.423333168029785,5.969638824462891,780.0333212103149,193.58594740482437
2016-03-02 00:00:00-05:00,12.555999755859375,6.037168502807617,788.36315972617,195.77582809019117
2016-03-03 00:00:00-05:00,13.049332618713379,6.3111467361450195,819.3384274960538,204.6605089609293
2016-03-04 00:00:00-05:00,13.402667045593262,6.0945305824279785,841.5235063931021,197.63598962675076
2016-03-07 00:00:00-05:00,13.685999870300293,5.998908042907715,859.3133411560359,194.53510187615035
2016-03-08 00:00:00-05:00,13.506667137145996,5.877913951873779,848.0534396825691,190.61145482949718
2016-03-09 00:00:00-05:00,13.914667129516602,6.106239318847656,873.6708472492935,198.0156854340462
2016-03-10 00:00:00-05:00,13.678667068481445,5.940361976623535,858.8529309199769,192.636545524298
2016-03-11 00:00:00-05:00,13.833333015441895,6.000858783721924,868.5640600230879,194.59836131608705
2016-03-14 00:00:00-04:00,14.34333324432373,6.178444862365723,900.5858344512634,200.35719703313072
2016-03-15 00:00:00-04:00,14.555999755859375,6.0067138671875,913.9386893622346,194.78823241434733
2016-03-16 00:00:00-04:00,14.795332908630371,6.227231979370117,928.9658830715782,201.9392860914743
2016-03-17 00:00:00-04:00,15.092000007629395,6.119900703430176,947.5929471127769,198.45870253357845
2016-03-18 00:00:00-04:00,15.515999794006348,6.016470432281494,974.2149459827087,195.104622392481
2016-03-21 00:00:00-04:00,15.887999534606934,6.020373821258545,997.5719782079075,195.23120312465448
2016-03-22 00:00:00-04:00,15.616000175476074,5.889624118804932,980.4937464161435,190.9911970260177
2016-03-23 00:00:00-04:00,14.838666915893555,5.92670202255249,931.6867285282418,192.1935748139908
2016-03-24 00:00:00-04:00,15.183333396911621,5.907186985015869,953.327566479063,191.56073300542334
2016-03-28 00:00:00-04:00,15.350666999816895,5.8720598220825195,963.8340693844333,190.42161465738695
2016-03-29 00:00:00-04:00,15.342000007629395,6.149172306060791,963.289888317285,199.40793432027957
2016-03-30 00:00:00-04:00,15.12600040435791,6.197960376739502,949.7277560262866,200.99005430477317
2016-03-31 00:00:00-04:00,15.317999839782715,6.192105770111084,961.7829714229342,200.80019866958793
2016-04-01 00:00:00-04:00,15.839332580566406,6.115996837615967,994.5162889432008,198.3321063383299
2016-04-04 00:00:00-04:00,16.465999603271484,6.035985946655273,1033.863310584024,195.73747966412344
2016-04-05 00:00:00-04:00,17.031333923339844,5.911090850830078,1069.3593889160384,191.6873292006719
2016-04-06 00:00:00-04:00,17.69466781616211,5.8720598220825195,1111.0086413743925,190.42161465738695
2016-04-07 00:00:00-04:00,17.14666748046875,5.682765007019043,1076.600925176675,184.28308313304785
2016-04-08 00:00:00-04:00,16.67133331298828,5.754970073699951,1046.7557552589362,186.62457926905736
2016-04-11 00:00:00-04:00,16.661333084106445,5.83107852935791,1046.127863239777,189.09265613724037
2016-04-12 00:00:00-04:00,16.521333694458008,5.8720598220825195,1037.3376144878628,190.42161465738695
2016-04-13 00:00:00-04:00,16.968666076660156,6.1413655281066895,1065.4246148970615,199.15477285593255
2016-04-14 00:00:00-04:00,16.790666580200195,6.176494121551514,1054.2484243756053,200.29393759319402
2016-04-15 00:00:00-04:00,16.96733283996582,6.203814506530762,1065.3409039450507,201.1798944768834
2016-04-18 00:00:00-04:00,16.92533302307129,6.2857770919799805,1062.7038293194764,203.83781151717662
2016-04-19 00:00:00-04:00,16.4913330078125,6.332613945007324,1035.4539384303853,205.3566565986585
2016-04-20 00:00:00-04:00,16.6646671295166,6.418478965759277,1046.3372004988826,208.14112344497516
2016-04-21 00:00:00-04:00,16.55266761779785,6.30529260635376,1039.3050014973512,204.4706687888191
2016-04-22 00:00:00-04:00,16.916667938232422,6.40091609954834,1062.1597680104853,207.5715874655695
2016-04-25 00:00:00-04:00,16.788000106811523,6.40091609954834,1054.0810024715838,207.5715874655695
2016-04-26 00:00:00-04:00,16.916000366210938,6.502394199371338,1062.1178526554013,210.8623617775052
2016-04-27 00:00:00-04:00,16.764667510986328,6.514102935791016,1052.6160009323173,211.24205758480068
2016-04-28 00:00:00-04:00,16.513999938964844,6.420430660247803,1036.877144372725,208.20441381106195
2016-04-29 00:00:00-04:00,16.05066680908203,6.40091609954834,1007.7854927812404,207.5715874655695
2016-05-02 00:00:00-04:00,16.1200008392334,6.31505012512207,1012.1388215602707,204.7870896931028
2016-05-03 00:00:00-04:00,15.48799991607666,6.10819149017334,972.456896232326,198.07899126320797
2016-05-04 00:00:00-04:00,14.837332725524902,5.998908042907715,931.6029576971525,194.53510187615035
2016-05-05 00:00:00-04:00,14.10200023651123,5.8759636878967285,885.4330743139036,190.54821085263552
2016-05-06 00:00:00-04:00,14.328666687011719,5.8720598220825195,899.6649541000664,190.42161465738695
2016-05-09 00:00:00-04:00,13.928000450134277,5.891575336456299,874.5080166484797,191.05447192902943
2016-05-10 00:00:00-04:00,13.912667274475098,5.955974102020264,873.5452808212775,193.14282206376694
2016-05-11 00:00:00-04:00,13.93066692352295,5.6983771324157715,874.6754385525011,184.7893596725168
2016-05-12 00:00:00-04:00,13.8186674118042,5.678861141204834,867.6432395509698,184.15648693779931
2016-05-13 00:00:00-04:00,13.840666770935059,5.606656074523926,869.0245301382257,181.81499080178983
2016-05-16 00:00:00-04:00,13.88599967956543,5.663249492645264,871.8708821438266,183.65022586140537
2016-05-17 00:00:00-04:00,13.644000053405762,5.553964614868164,856.6762665304617,180.10629008512268
2016-05-18 00:00:00-04:00,14.07800006866455,5.470050811767578,883.9261574195531,177.38509814181774
2016-05-19 00:00:00-04:00,14.347332954406738,5.571528911590576,900.8369673072954,180.6758724537534
2016-05-20 00:00:00-04:00,14.685333251953125,5.557868480682373,922.059250498063,180.23288628037122
2016-05-23 00:00:00-04:00,14.414667129516602,5.555917263031006,905.0647296583097,180.1696113773595
2016-05-24 00:00:00-04:00,14.52733325958252,5.60080099105835,912.1387841358464,181.62511970352955
2016-05-25 00:00:00-04:00,14.638667106628418,5.80180549621582,919.1291875404511,188.14337796131417
2016-05-26 00:00:00-04:00,15.008000373840332,5.850593566894531,942.3187978616284,189.7254979458078
2016-05-27 00:00:00-04:00,14.869333267211914,5.620316982269287,933.6122001826462,182.25799243824704
2016-05-31 00:00:00-04:00,14.881999969482422,5.678861141204834,934.407514105827,184.15648693779931
2016-06-01 00:00:00-04:00,14.637332916259766,5.6495890617370605,919.0454167093616,183.2072396880232
2016-06-02 00:00:00-04:00,14.597332954406738,5.637879848480225,916.5339085118035,182.8275284176527
2016-06-03 00:00:00-04:00,14.599332809448242,5.5871405601501465,916.6594749398197,181.18213353014735
2016-06-06 00:00:00-04:00,14.711999893188477,5.628659248352051,923.7335892964351,182.52851893584975
2016-06-07 00:00:00-04:00,15.489333152770996,5.626681327819824,972.5406071843369,182.46437810063648
2016-06-08 00:00:00-04:00,15.701333045959473,5.5812087059021,985.8516066193027,180.98977287680768
2016-06-09 00:00:00-04:00,15.290666580200195,5.39141321182251,960.0667771485569,174.8350051236899
2016-06-10 00:00:00-04:00,14.586000442504883,5.245111465454102,915.8223654197122,170.0906708330376
2016-06-13 00:00:00-04:00,14.524666786193848,5.146259784698486,911.971362231825,166.88506713835233
2016-06-14 00:00:00-04:00,14.330666542053223,5.086946964263916,899.7905205280827,164.96164616185604
2016-06-15 00:00:00-04:00,14.513333320617676,5.16602897644043,911.259759260655,167.5261507659093
2016-06-16 00:00:00-04:00,14.528667449951172,5.12648868560791,912.222554966936,166.2439216584952
2016-06-17 00:00:00-04:00,14.364666938781738,5.169983386993408,901.9253294415923,167.65438604711073
2016-06-20 00:00:00-04:00,14.646666526794434,5.219408988952637,919.6314532525156,169.25718016291586
2016-06-21 00:00:00-04:00,14.640666961669922,5.1086955070495605,919.2547539684672,165.66691701385136
2016-06-22 00:00:00-04:00,13.11066722869873,5.1403279304504395,823.1894905630197,166.69270648501265
2016-06-23 00:00:00-04:00,13.09333324432373,5.205569744110107,822.1011284287227,168.80839533639843
2016-06-24 00:00:00-04:00,12.876667022705078,5.009842872619629,808.4971406617193,162.461282393016
2016-06-27 00:00:00-04:00,13.236666679382324,5.041476249694824,831.1007144397425,163.48710279032736
2016-06-28 00:00:00-04:00,13.452667236328125,5.150212287902832,844.6629066098195,167.01324056725363
2016-06-29 00:00:00-04:00,14.012666702270508,5.221386909484863,879.8240213756335,169.32132099812912
2016-06-30 00:00:00-04:00,14.152000427246094,5.254996299743652,888.572474530621,170.41122037835362
2016-07-01 00:00:00-04:00,14.433333396911621,5.349895000457764,906.2367428655386,173.48863518106256
2016-07-05 00:00:00-04:00,14.26533317565918,5.199638366699219,895.6883844841631,168.6160501461338
2016-07-06 00:00:00-04:00,14.295999526977539,5.233249187469482,897.6138561385675,169.70599591558334
2016-07-07 00:00:00-04:00,14.395999908447266,5.205569744110107,903.892656572002,168.80839533639843
2016-07-08 00:00:00-04:00,14.45199966430664,5.4111833572387695,907.4087560727678,175.47611967739695
2016-07-11 00:00:00-04:00,14.985333442687988,5.624704837799072,940.8955919192884,182.40028365464832
2016-07-12 00:00:00-04:00,14.976667404174805,5.682039737701416,940.3514707312187,184.2595637959313
2016-07-13 00:00:00-04:00,14.835332870483398,5.703786849975586,931.4773912691363,184.96478825870156
2016-07-14 00:00:00-04:00,14.768667221069336,5.658315181732178,927.2916041522848,183.49021396102285
2016-07-15 00:00:00-04:00,14.69333267211914,5.533761024475098,922.5615162101274,179.45111959621582
2016-07-18 00:00:00-04:00,15.083333015441895,5.968710899353027,947.0487660456283,193.55585626082126
2016-07-19 00:00:00-04:00,15.017333030700684,5.968710899353027,942.9047745257034,193.55585626082126
2016-07-20 00:00:00-04:00,15.223999977111816,6.152576923370361,955.8809301526265,199.5183406759745
2016-07-21 00:00:00-04:00,14.699999809265137,6.130829811096191,922.9801308492597,198.81311621320427
2016-07-22 00:00:00-04:00,14.817999839782715,6.091289043426514,930.3890890139181,197.53087164271514
2016-07-25 00:00:00-04:00,15.333999633789062,6.105126857757568,962.7875627261417,197.97961008000752
2016-07-26 00:00:00-04:00,15.300666809082031,6.17827844619751,960.694669167716,200.3518004199462
2016-07-27 00:00:00-04:00,15.232666969299316,6.192117691040039,956.425111219775,200.80058524646364
2016-07-28 00:00:00-04:00,15.37399959564209,6.16246223449707,965.2990709236999,199.83890568436556
2016-07-29 00:00:00-04:00,15.652667045593262,6.118967533111572,982.7959772336749,198.42844129575002
2016-08-01 00:00:00-04:00,15.333999633789062,6.000345230102539,962.7875627261417,194.58170758428267
2016-08-02 00:00:00-04:00,15.146666526794434,5.780891418457031,951.0253356615317,187.4651674906166
2016-08-03 00:00:00-04:00,15.052666664123535,5.859973907470703,945.123294391224,190.02968755774492
2016-08-04 00:00:00-04:00,15.37399959564209,5.863927841186523,965.2990709236999,190.15790737587133
2016-08-05 00:00:00-04:00,15.335332870483398,5.939055919647217,962.8712736781525,192.59419216179822
2016-08-08 00:00:00-04:00,15.077333450317383,5.88962984085083,946.6720667615799,190.99138258291802
2016-08-09 00:00:00-04:00,15.272000312805176,5.857996463775635,958.8947639413277,189.9655621856067
2016-08-10 00:00:00-04:00,15.043333053588867,5.960803508758545,944.5372578480702,193.29943208764345
2016-08-11 00:00:00-04:00,14.994000434875488,6.150600433349609,941.4397729864369,199.45424622998632
2016-08-12 00:00:00-04:00,15.040666580200195,6.1980485916137695,944.3698359440488,200.99291497365326
2016-08-15 00:00:00-04:00,15.03933334350586,6.2731757164001465,944.286124992038,203.42916883343008
2016-08-16 00:00:00-04:00,14.907333374023438,6.16246223449707,935.9981419521881,199.83890568436556
2016-08-17 00:00:00-04:00,14.88266658782959,6.093265533447266,934.4493695818322,197.5949660887033
2016-08-18 00:00:00-04:00,14.900667190551758,6.16246223449707,935.5795871921345,199.83890568436556
2016-08-19 00:00:00-04:00,15.0,6.2711992263793945,941.8164722704852,203.36507438744187
2016-08-22 00:00:00-04:00,14.862000465393066,6.219797134399414,933.1517899465871,201.69818582564858
2016-08-23 00:00:00-04:00,14.989333152770996,6.344350814819336,941.1467247753206,205.73726472738056
2016-08-24 00:00:00-04:00,14.841333389282227,6.269223213195801,931.8541504322633,203.30099540452875
2016-08-25 00:00:00-04:00,14.730667114257812,6.358190059661865,924.9056623827427,206.18604955389804
2016-08-26 00:00:00-04:00,14.666000366210938,5.682039737701416,920.8453818148286,184.2595637959313
2016-08-29 00:00:00-04:00,14.346667289733887,5.727510929107666,900.7951717103689,185.73412263053504
2016-08-30 00:00:00-04:00,14.089332580566406,5.632612705230713,884.6377005116443,182.6567232909011
2016-08-31 00:00:00-04:00,14.133999824523926,5.612842559814453,887.4422569203186,182.01560873719407
2016-09-01 00:00:00-04:00,13.38466739654541,5.541667938232422,840.3933486618785,179.70752830631858
2016-09-02 00:00:00-04:00,13.185333251953125,5.612842559814453,827.8776032710144,182.01560873719407
2016-09-06 00:00:00-04:00,13.522000312805176,5.608889102935791,849.0161755097711,181.88740438214268
2016-09-07 00:00:00-04:00,13.447333335876465,5.63493013381958,844.3280029226978,182.7318738355338
2016-09-08 00:00:00-04:00,13.157333374023438,5.564819812774658,826.1195535206316,180.45830698811926
2016-09-09 00:00:00-04:00,12.964667320251465,5.4446282386779785,814.0224826479786,176.56068429673704
2016-09-12 00:00:00-04:00,13.220000267028809,5.416584014892578,830.0542676605296,175.6512544651562
2016-09-13 00:00:00-04:00,13.069999694824219,5.4065680503845215,820.6360670103775,175.32645257420768
2016-09-14 00:00:00-04:00,13.093999862670898,5.414581298828125,822.1429839047282,175.58630955004153
2016-09-15 00:00:00-04:00,13.361332893371582,5.4586501121521,838.9282273644545,177.01539148098993
2016-09-16 00:00:00-04:00,13.69333267211914,5.426599502563477,859.773751392095,175.9760408930297
2016-09-19 00:00:00-04:00,13.755999565124512,5.588856220245361,863.7084655319932,181.2377696740956
2016-09-20 00:00:00-04:00,13.642666816711426,5.552799701690674,856.592555578451,180.06851379283097
2016-09-21 00:00:00-04:00,13.6813325881958,5.63493013381958,859.0202929449197,182.7318738355338
2016-09-22 00:00:00-04:00,13.76200008392334,5.6629743576049805,864.08522469512,183.64130366711464
2016-09-23 00:00:00-04:00,13.829999923706055,5.646949291229248,868.354782643061,183.12163610467204
2016-09-26 00:00:00-04:00,13.932666778564453,5.536774635314941,874.8010049805172,179.5488462303884
2016-09-27 00:00:00-04:00,13.720666885375977,5.494708061218262,861.4900055455513,178.18469375147964
2016-09-28 00:00:00-04:00,13.751333236694336,5.5067267417907715,863.4154771999555,178.5744405575428
2016-09-29 00:00:00-04:00,13.380000114440918,5.436614990234375,840.1003004507622,176.30082732090318
2016-09-30 00:00:00-04:00,13.60200023651123,5.526758193969727,854.0391919048874,179.22402887636483
2016-10-03 00:00:00-04:00,14.24666690826416,5.564819812774658,894.5163712769341,180.45830698811926
2016-10-04 00:00:00-04:00,14.093999862670898,5.434612274169922,884.9307487227605,176.23588240578852
2016-10-05 00:00:00-04:00,13.897333145141602,5.448634624481201,872.5824851149966,176.69060505311646
2016-10-06 00:00:00-04:00,13.399999618530273,5.3444695472717285,841.3560246100019,173.3126963134019
2016-10-07 00:00:00-04:00,13.107333183288574,5.3444695472717285,822.9801533039142,173.3126963134019
2016-10-10 00:00:00-04:00,13.396666526794434,5.374517440795898,841.1467472299752,174.28710198624745
2016-10-11 00:00:00-04:00,13.34000015258789,5.2182698249816895,837.588792253204,169.22023887667564
2016-10-12 00:00:00-04:00,13.434000015258789,5.232292175292969,843.4908335235118,169.67496152400358
2016-10-13 00:00:00-04:00,13.349332809448242,5.102085113525391,838.1747689172793,165.45255240474785
2016-10-14 00:00:00-04:00,13.100666999816895,5.084057331085205,822.5615985438604,164.86793992719055
2016-10-17 00:00:00-04:00,12.93066692352295,4.947841167449951,811.8876737344686,160.45066513644076
2016-10-18 00:00:00-04:00,13.273332595825195,4.9718780517578125,833.4028853781952,161.23014328549212
2016-10-19 00:00:00-04:00,13.570667266845703,5.007936477661133,852.0718647744777,162.39946101905684
2016-10-20 00:00:00-04:00,13.273332595825195,5.029971122741699,833.4028853781952,163.11400971606855
2016-10-21 00:00:00-04:00,13.339332580566406,5.009939193725586,837.54687689812,162.46440593417154
2016-10-24 00:00:00-04:00,13.517333030700684,5.035980701446533,848.7231272986548,163.30889085063768
2016-10-25 00:00:00-04:00,13.489333152770996,4.957857131958008,846.9650775482721,160.77546702738928
2016-10-26 00:00:00-04:00,13.482666969299316,4.961863040924072,846.5465227882185,160.90537232069366
2016-10-27 00:00:00-04:00,13.600666999816895,4.805615425109863,853.9554809528767,155.83850921112185
2016-10-28 00:00:00-04:00,13.33133316040039,4.787586688995361,837.0446111860556,155.2538658074145
2016-10-31 00:00:00-04:00,13.182000160217285,4.817634582519531,827.6683258909875,156.22827148026005
2016-11-01 00:00:00-04:00,12.719332695007324,4.719478607177734,798.6184698964294,153.0452284120396
2016-11-02 00:00:00-04:00,12.534667015075684,4.1926445960998535,787.0237246149195,135.96083450504784
2016-11-03 00:00:00-04:00,12.494667053222656,4.17261266708374,784.5122164173613,135.3112307231508
2016-11-04 00:00:00-04:00,12.704000473022461,4.1525797843933105,797.6557939483059,134.66159601510373
2016-11-07 00:00:00-05:00,12.880666732788086,4.254742622375488,808.7482735177515,137.97457530277862
2016-11-08 00:00:00-05:00,12.996000289916992,4.188638210296631,815.9898097783882,135.83091374866845
2016-11-09 00:00:00-05:00,12.670666694641113,4.3128342628479,795.5628405108015,139.85839534412997
2016-11-10 00:00:00-05:00,12.356666564941406,4.3809428215026855,775.8474742143846,142.06704820257988
2016-11-11 00:00:00-05:00,12.570667266845703,4.471086025238037,789.2840999564455,144.99024975804153
2016-11-14 00:00:00-05:00,12.096667289733887,4.605297565460205,759.522700869796,149.34251778137656
2016-11-15 00:00:00-05:00,12.251333236694336,4.537189960479736,769.233829972907,147.13389584907668
2016-11-16 00:00:00-05:00,12.26200008392334,4.619319915771484,769.9035774680715,149.79724042870447
2016-11-17 00:00:00-05:00,12.577333450317383,4.699447154998779,789.7026547164991,152.3956400932176
2016-11-18 00:00:00-05:00,12.334667205810547,4.699447154998779,774.4661836271288,152.3956400932176
2016-11-21 00:00:00-05:00,12.3013334274292,4.699447154998779,772.3732301896243,152.3956400932176
2016-11-22 00:00:00-05:00,12.744667053222656,4.829652786254883,800.2091576218694,156.61800282324825
2016-11-23 00:00:00-05:00,12.87600040435791,5.220272064208984,808.4552851857138,169.2851683287153
2016-11-25 00:00:00-05:00,13.109999656677246,5.172196865081787,823.1475752079357,167.72616564138747
2016-11-28 00:00:00-05:00,13.074666976928711,5.037984371185303,820.9291152214938,163.3738666919024
2016-11-29 00:00:00-05:00,12.637999534606934,4.979024410247803,793.5117425493024,161.46188839092633
2016-11-30 00:00:00-05:00,12.626667022705078,5.019686698913574,792.8001994572111,162.78050211387966
2016-12-01 00:00:00-05:00,12.125332832336426,5.009520053863525,761.3225462171055,162.45081389122254
2016-12-02 00:00:00-05:00,12.097999572753906,4.934296607971191,759.6063519427281,160.01143649029018
2016-12-05 00:00:00-05:00,12.453332901000977,4.9851226806640625,781.9169373887138,161.6596456574505
2016-12-06 00:00:00-05:00,12.390000343322754,5.060347557067871,777.9404276518891,164.09906944760792
2016-12-07 00:00:00-05:00,12.876667022705078,5.273821830749512,808.4971406617193,171.02170258043157
2016-12-08 00:00:00-05:00,12.81933307647705,5.279921054840088,804.8972703298641,171.2194907731058
2016-12-09 00:00:00-05:00,12.812000274658203,5.290086269378662,804.436860093805,171.54913260653788
2016-12-12 00:00:00-05:00,12.828666687011719,5.3714094161987305,805.4833068730179,174.1863136632195
2016-12-13 00:00:00-05:00,13.210000038146973,5.365310192108154,829.4263756413704,173.98852547054526
2016-12-14 00:00:00-05:00,13.246000289916992,5.1396379470825195,831.6867509828963,166.67033141544815
2016-12-15 00:00:00-05:00,13.17199993133545,5.15183687210083,827.0404338718284,167.06592326387167
2016-12-16 00:00:00-05:00,13.499333381652832,5.168100357055664,847.5929695674314,167.59332236382792
2016-12-19 00:00:00-05:00,13.51533317565918,5.265689849853516,848.5975608706389,170.75799529891594
2016-12-20 00:00:00-05:00,13.919333457946777,5.310417652130127,873.9638355813313,172.20844719955207
2016-12-21 00:00:00-05:00,13.846667289733887,5.365310192108154,869.4012893013527,173.98852547054526
2016-12-22 00:00:00-05:00,13.896666526794434,5.094910144805908,872.5406296389913,165.21987951481202
2016-12-23 00:00:00-05:00,14.22266674041748,5.166068077087402,893.0094543825835,167.52741873806153
2016-12-27 00:00:00-05:00,14.635333061218262,5.27585506439209,918.9198502813456,171.087637132348
2016-12-28 00:00:00-05:00,14.649333000183105,5.137604713439941,919.7988751565371,166.60439686353172
2016-12-29 00:00:00-05:00,14.312000274658203,5.15183687210083,898.6185073208535,167.06592326387167
2016-12-30 00:00:00-05:00,14.246000289916992,5.1355719566345215,894.4745158009287,166.5384777746903
2017-01-03 00:00:00-05:00,14.465999603271484,5.157936096191406,908.2877809479593,167.2637114565459
2017-01-04 00:00:00-05:00,15.13266658782959,5.2697553634643555,950.1463107863403,170.8898334765987
2017-01-05 00:00:00-05:00,15.116666793823242,5.082712173461914,949.1417194831329,164.82431859253853
2017-01-06 00:00:00-05:00,15.267333030700684,4.9851226806640625,958.6017157302115,161.6596456574505
2017-01-09 00:00:00-05:00,15.41866683959961,4.979024410247803,968.1036273323743,161.46188839092633
2017-01-10 00:00:00-05:00,15.324666976928711,5.009520053863525,962.2015860620666,162.45081389122254
2017-01-11 00:00:00-05:00,15.315333366394043,5.003421306610107,961.6155495189128,162.25304116162332
2017-01-12 00:00:00-05:00,15.305999755859375,5.025784969329834,961.0295129757588,162.97825938040387
2017-01-13 00:00:00-05:00,15.850000381469727,4.621201515197754,995.1860963174441,149.85825772276223
2017-01-17 00:00:00-05:00,15.70533275604248,4.745220184326172,986.102739475335,153.87998705431357
2017-01-18 00:00:00-05:00,15.890666961669922,4.7757158279418945,997.7394599910076,154.86891255460978
2017-01-19 00:00:00-05:00,16.250667572021484,4.7391204833984375,1020.3430936481096,153.68218339856432
2017-01-20 00:00:00-05:00,16.315332412719727,4.794013500213623,1024.4032544578663,155.46227713263252
2017-01-23 00:00:00-05:00,16.594667434692383,4.865171909332275,1041.9420761229255,157.76983181895707
2017-01-24 00:00:00-05:00,16.974000930786133,4.852973461151123,1065.759578463262,157.3742554336086
2017-01-25 00:00:00-05:00,16.96466636657715,4.913965702056885,1065.1734820410293,159.35213736035104
2017-01-26 00:00:00-05:00,16.833999633789062,4.924130916595459,1056.9692099531903,159.68177919378311
2017-01-27 00:00:00-05:00,16.863332748413086,4.942429065704346,1058.8109706555838,160.27515923488087
2017-01-30 00:00:00-05:00,16.708667755126953,4.915998935699463,1049.0999014315516,159.41807191226746
2017-01-31 00:00:00-05:00,16.795333862304688,4.979024410247803,1054.5414725867215,161.46188839092633
2017-02-01 00:00:00-05:00,16.615999221801758,4.940395355224609,1043.2814513550973,160.2092092198894
2017-02-02 00:00:00-05:00,16.770000457763672,4.956659317016602,1052.9508447403603,160.73662378292067
2017-02-03 00:00:00-05:00,16.755332946777344,5.029851913452148,1052.0299045100846,163.11014394731174
2017-02-06 00:00:00-05:00,17.184667587280273,5.017652988433838,1078.986866946217,162.71455209888822
2017-02-07 00:00:00-05:00,17.165332794189453,5.0074872970581055,1077.7728785048253,162.38489480238113
2017-02-08 00:00:00-05:00,17.472000122070312,5.040017127990723,1097.0278345651832,163.43978578074382
2017-02-09 00:00:00-05:00,17.946666717529297,5.162001609802246,1126.8310891278381,167.3955496342287
2017-02-10 00:00:00-05:00,17.948667526245117,5.21689510345459,1126.956715434933,169.17565883137192
2017-02-13 00:00:00-05:00,18.706666946411133,5.157936096191406,1174.5498047605215,167.2637114565459
2017-02-14 00:00:00-05:00,18.73200035095215,5.233160495758057,1176.1404326068828,169.7031197836283
2017-02-15 00:00:00-05:00,18.650667190551758,5.241292476654053,1171.0337052597558,169.96682706514392
2017-02-16 00:00:00-05:00,17.93000030517578,5.168100357055664,1125.784642348625,167.59332236382792
2017-02-17 00:00:00-05:00,18.148666381835938,5.198597431182861,1139.5141965436449,168.58229425334918
2017-02-21 00:00:00-05:00,18.492666244506836,5.330747604370117,1161.1131790184606,172.86771540334115
2017-02-22 00:00:00-05:00,18.233999252319336,5.33888053894043,1144.872056746804,173.13145361100686
2017-02-23 00:00:00-05:00,17.06599998474121,5.196563720703125,1071.5359934264748,168.51634423835773
2017-02-24 00:00:00-05:00,17.133333206176758,5.342947006225586,1075.7636958984103,173.26332271483972
2017-02-27 00:00:00-05:00,16.415332794189453,5.391740322113037,1030.682054891301,174.84561279315864
2017-02-28 00:00:00-05:00,16.666000366210938,4.96885871887207,1046.4209114508933,161.13223109441924
2017-03-01 00:00:00-05:00,16.667999267578125,4.976991653442383,1046.5464179998307,161.39596930208492
2017-03-02 00:00:00-05:00,16.698667526245117,5.0786452293396,1048.4720094123925,164.69243402563066
2017-03-03 00:00:00-05:00,16.771333694458008,5.1396379470825195,1053.034555692371,166.67033141544815
2017-03-06 00:00:00-05:00,16.747333526611328,5.064414024353027,1051.5276387980202,164.23093855144077
2017-03-07 00:00:00-05:00,16.57266616821289,5.01561975479126,1040.5606657775122,162.6486175469718
2017-03-08 00:00:00-05:00,16.45800018310547,5.082712173461914,1033.3610448719594,164.82431859253853
2017-03-09 00:00:00-05:00,16.32666778564453,5.082712173461914,1025.1149771871937,164.82431859253853
2017-03-10 00:00:00-05:00,16.246000289916992,5.198322296142578,1020.0500454369934,168.5733720590584
2017-03-13 00:00:00-04:00,16.411333084106445,4.993940353393555,1030.4309220352688,161.9455888408554
2017-03-14 00:00:00-04:00,17.200000762939453,5.070324420928955,1079.9496027734194,164.42260336640422
2017-03-15 00:00:00-04:00,17.048667907714844,5.093034744262695,1070.4477510503352,165.1590632407296
2017-03-16 00:00:00-04:00,17.469999313354492,5.008391380310059,1096.9022082580884,162.4142127926329
2017-03-17 00:00:00-04:00,17.433332443237305,5.086841106414795,1094.599977440557,164.95821335919996
2017-03-20 00:00:00-04:00,17.461332321166992,4.929941654205322,1096.35802719094,159.87021222606583
2017-03-21 00:00:00-04:00,16.711999893188477,4.956779479980469,1049.3091189324998,160.74052047782757
2017-03-22 00:00:00-04:00,17.000667572021484,4.97329568862915,1067.433917261634,161.2761150075483
2017-03-23 00:00:00-04:00,16.985332489013672,4.9464569091796875,1066.4710616762743,160.4057758296365
2017-03-24 00:00:00-04:00,17.54400062561035,4.273441791534424,1101.5485852482352,138.58095978997434
2017-03-27 00:00:00-04:00,18.014667510986328,4.304409027099609,1131.1007069548577,139.58517827147253
2017-03-28 00:00:00-04:00,18.496667861938477,4.484017372131348,1161.3644316326502,145.40959288970697
2017-03-29 00:00:00-04:00,18.492000579833984,4.531499862670898,1161.071383421534,146.94937497477585
2017-03-30 00:00:00-04:00,18.527999877929688,4.6367878913879395,1163.3316988839813,150.3636992561797
2017-03-31 00:00:00-04:00,18.553333282470703,4.655367374420166,1164.9223267303428,150.96620251154357
2017-04-03 00:00:00-04:00,19.90133285522461,4.541821479797363,1249.560206879223,147.2840886968169
2017-04-04 00:00:00-04:00,20.246667861938477,4.537693023681641,1271.2430200642068,147.15020939323048
2017-04-05 00:00:00-04:00,19.666667938232422,4.492274284362793,1234.8261212600744,145.6773514968798
2017-04-06 00:00:00-04:00,19.913333892822266,4.508790493011475,1250.3137252054769,146.21294602660052
2017-04-07 00:00:00-04:00,20.16933250427246,4.471630573272705,1266.3873058149545,145.00790858972272
2017-04-10 00:00:00-04:00,20.826000213623047,4.5170488357543945,1307.6180035132552,146.4807510229984
2017-04-11 00:00:00-04:00,20.58066749572754,4.5645318031311035,1292.2141105198634,148.02054857114229
2017-04-12 00:00:00-04:00,19.78933334350586,4.556273460388184,1242.5280078776916,147.75274357474441
2017-04-13 00:00:00-04:00,20.266666412353516,4.620271682739258,1272.4986843443678,149.82810472645897
2017-04-17 00:00:00-04:00,20.09600067138672,4.725559711456299,1261.7829639380493,153.24242900786282
2017-04-18 00:00:00-04:00,20.016666412353516,4.715237140655518,1256.8017431398598,152.90768435967175
2017-04-19 00:00:00-04:00,20.368000030517578,4.702850818634033,1278.8611957298133,152.5060155227625
2017-04-20 00:00:00-04:00,20.167333602905273,4.787493705749512,1266.261799266017,155.2508505077842
2017-04-21 00:00:00-04:00,20.373332977294922,4.787493705749512,1279.1960395378562,155.2508505077842
2017-04-24 00:00:00-04:00,20.53533363342285,4.793686866760254,1289.3676986351836,155.4516849262388
2017-04-25 00:00:00-04:00,20.91933250427246,4.830846786499023,1313.478129428479,156.65672236311661
2017-04-26 00:00:00-04:00,20.67799949645996,4.8824591636657715,1298.3253692911194,158.33043014099695
2017-04-27 00:00:00-04:00,20.575332641601562,4.768913269042969,1291.8791469536632,154.64831632627028
2017-04-28 00:00:00-04:00,20.937999725341797,4.684269905090332,1314.6502025147865,151.90346587817353
2017-05-01 00:00:00-04:00,21.52199935913086,4.702850818634033,1351.3182341749512,152.5060155227625
2017-05-02 00:00:00-04:00,21.25933265686035,4.839105606079102,1334.8259790472625,156.92454282258953
2017-05-03 00:00:00-04:00,20.73466682434082,4.948521137237549,1301.8833841469689,160.4727154814297
2017-05-04 00:00:00-04:00,19.69733238220215,4.86594295501709,1236.7514731563213,157.79483561127623
2017-05-05 00:00:00-04:00,20.55666732788086,4.954715251922607,1290.707193625513,160.67358082603437
2017-05-08 00:00:00-04:00,20.479333877563477,5.0331645011901855,1285.8515991344182,163.21756592952642
2017-05-09 00:00:00-04:00,21.417333602905273,5.055873870849609,1344.7465052885577,163.95399487770177
2017-05-10 00:00:00-04:00,21.681333541870117,5.150839328765869,1361.322471368257,167.03357451091455
2017-05-11 00:00:00-04:00,21.540000915527344,5.026971817016602,1352.4485116643323,163.01674697414683
2017-05-12 00:00:00-04:00,21.65399932861328,4.96090841293335,1359.6062172148008,160.874415244489
2017-05-15 00:00:00-04:00,21.058666229248047,5.029036045074463,1322.2265825834663,163.08368662594
2017-05-16 00:00:00-04:00,21.134000778198242,5.0517449378967285,1326.9566705256238,163.82010011104035
2017-05-17 00:00:00-04:00,20.407333374023438,4.9216837882995605,1281.3308484513661,159.60242269274298
2017-05-18 00:00:00-04:00,20.87066650390625,4.909296989440918,1310.422500042851,159.2007383927587
2017-05-19 00:00:00-04:00,20.722000122070312,5.000133514404297,1301.0880702237885,162.14642325931007
2017-05-22 00:00:00-04:00,20.690000534057617,4.965036869049072,1299.0788876173733,161.00829454807538
2017-05-23 00:00:00-04:00,20.257333755493164,4.678076267242432,1271.9127076802927,151.70261599664389
2017-05-24 00:00:00-04:00,20.681333541870117,4.688398838043213,1298.5347065502249,152.03736064483496
2017-05-25 00:00:00-04:00,21.121999740600586,4.876265525817871,1326.20315219937,158.1295802594673
2017-05-26 00:00:00-04:00,21.676000595092773,4.587239742279053,1360.9876275602142,148.75693113009254
2017-05-30 00:00:00-04:00,22.34000015258789,4.659496784210205,1402.6786756154952,151.10011274128004
2017-05-31 00:00:00-04:00,22.733999252319336,4.570724964141846,1427.4169984279497,148.22138298959692
2017-06-01 00:00:00-04:00,22.691333770751953,4.702850818634033,1424.7381282054487,152.5060155227625
2017-06-02 00:00:00-04:00,22.656667709350586,4.680141448974609,1422.561523695012,151.76958657458715
2017-06-05 00:00:00-04:00,23.154666900634766,4.720034599304199,1453.8297797969335,153.06325835752145
2017-06-06 00:00:00-04:00,23.523332595825195,4.598254680633545,1476.9774747630267,149.11412816322326
2017-06-07 00:00:00-04:00,23.976667404174805,4.627650260925293,1505.4413540935097,150.0673803494315
2017-06-08 00:00:00-04:00,24.666667938232422,4.486972808837891,1548.764945350236,145.50543302872623
2017-06-09 00:00:00-04:00,23.821332931518555,4.6213507652282715,1495.688249756236,149.86309766524576
2017-06-12 00:00:00-04:00,23.93400001525879,4.558361053466797,1502.7623641128514,147.82044091721394
2017-06-13 00:00:00-04:00,25.06333351135254,4.61505126953125,1573.670690066712,149.65881498106006
2017-06-14 00:00:00-04:00,25.37733268737793,4.541563034057617,1593.3859964840503,147.2757077101521
2017-06-15 00:00:00-04:00,25.022666931152344,4.455477237701416,1571.1173263931485,144.48408146009777
2017-06-16 00:00:00-04:00,24.760000228881836,4.3231987953186035,1554.6250712654596,140.19450074292342
2017-06-19 00:00:00-04:00,24.65333366394043,4.367291450500488,1547.9277160719712,141.62435582762322
2017-06-20 00:00:00-04:00,24.81599998474121,4.333697319030762,1558.1411707662253,140.53495126579958
2017-06-21 00:00:00-04:00,25.093332290649414,4.29590368270874,1575.5542463660322,139.30936340221052
2017-06-22 00:00:00-04:00,25.507333755493164,4.31270170211792,1601.5484729749626,139.85409660927237
2017-06-23 00:00:00-04:00,25.56333351135254,4.335797309875488,1605.064572475728,140.60305064821983
2017-06-26 00:00:00-04:00,25.166000366210938,4.436580657958984,1580.1169124041683,143.87129525984074
2017-06-27 00:00:00-04:00,24.158000946044922,4.489071846008301,1516.8268818740714,145.57350148499643
2017-06-28 00:00:00-04:00,24.749332427978516,4.5163679122924805,1553.9552638912164,146.4586697518594
2017-06-29 00:00:00-04:00,24.049999237060547,4.537364482879639,1510.045695970415,147.13955533453665
2017-06-30 00:00:00-04:00,24.107332229614258,4.537364482879639,1513.6455064231914,147.13955533453665
2017-07-03 00:00:00-04:00,23.507999420166016,4.53526496887207,1476.0147389358244,147.07147141519147
2017-07-05 00:00:00-04:00,21.805999755859375,4.5163679122924805,1369.1499842929693,146.4586697518594
2017-07-06 00:00:00-04:00,20.588666915893555,4.434481143951416,1292.7163762319278,143.80321134049552
2017-07-07 00:00:00-04:00,20.881332397460938,4.390388488769531,1311.0921876589368,142.37335625579576
2017-07-10 00:00:00-04:00,21.06999969482422,4.38618803024292,1322.9381855546362,142.23714202788022
2017-07-11 00:00:00-04:00,21.814666748046875,4.400886058807373,1369.6941653601175,142.71377585252185
2017-07-12 00:00:00-04:00,21.968000411987305,4.4071855545043945,1379.3216433902967,142.91805853670755
2017-07-13 00:00:00-04:00,21.560667037963867,4.442880153656006,1353.7460912995775,144.07557794402646
2017-07-14 00:00:00-04:00,21.851999282836914,4.413484573364258,1372.0381917745756,143.12232575781826
2017-07-17 00:00:00-04:00,21.30466651916504,4.468076229095459,1337.6723909319423,144.8926468284692
2017-07-18 00:00:00-04:00,21.882667541503906,4.428182601928711,1373.9637831871373,143.59895958245988
2017-07-19 00:00:00-04:00,21.68400001525879,4.4827728271484375,1361.4898932722786,145.36923426388572
2017-07-20 00:00:00-04:00,21.994667053222656,4.430281639099121,1380.9959821886687,143.66702803873005
2017-07-21 00:00:00-04:00,21.893333435058594,4.363092422485352,1374.6334708032232,141.48818798893276
2017-07-24 00:00:00-04:00,22.834667205810547,4.367291450500488,1433.7377142164682,141.62435582762322
2017-07-25 00:00:00-04:00,22.639999389648438,4.463876724243164,1421.514957157642,144.75646352670373
2017-07-26 00:00:00-04:00,22.92333221435547,4.417684078216553,1439.3047919205758,143.2585090595837
2017-07-27 00:00:00-04:00,22.297332763671875,4.5562615394592285,1399.9996856348369,147.75235699786873
2017-07-28 00:00:00-04:00,22.33799934387207,4.51426887512207,1402.5530493084004,146.3906012955892
2017-07-31 00:00:00-04:00,21.564666748046875,4.554162502288818,1353.9972241556095,147.68428854159853
2017-08-01 00:00:00-04:00,21.30466651916504,4.484873294830322,1337.6723909319423,145.437349109381
2017-08-02 00:00:00-04:00,21.72599983215332,4.489071846008301,1364.1269678978529,145.57350148499643
2017-08-03 00:00:00-04:00,23.139333724975586,4.547863006591797,1452.8670439697314,147.4800058574128
2017-08-04 00:00:00-04:00,23.79400062561035,4.60455322265625,1493.9721153609373,149.31837992125892
2017-08-07 00:00:00-04:00,23.67799949645996,4.654944896697998,1486.6886637452162,150.95250222706937
2017-08-08 00:00:00-04:00,24.347999572753906,4.606653690338135,1528.7564709636242,149.3864947667542
2017-08-09 00:00:00-04:00,24.235332489013672,4.636048316955566,1521.6823566070088,150.33971602681234
2017-08-10 00:00:00-04:00,23.69333267211914,4.507968902587891,1487.6513995724185,146.18630314832845
2017-08-11 00:00:00-04:00,23.857999801635742,4.568859100341797,1497.9904805737674,148.16087597701505
2017-08-14 00:00:00-04:00,24.253332138061523,4.587757110595703,1522.8125143382324,148.7737085664972
2017-08-15 00:00:00-04:00,24.155332565307617,4.394587993621826,1516.6593402118926,142.50953955756123
2017-08-16 00:00:00-04:00,24.194000244140625,4.491171836853027,1519.0871973365188,145.64160086741666
2017-08-17 00:00:00-04:00,23.461332321166992,4.430281639099121,1473.084616099134,143.66702803873005
2017-08-18 00:00:00-04:00,23.163999557495117,4.455477237701416,1454.4157564610086,144.48408146009777
2017-08-21 00:00:00-04:00,22.52400016784668,4.405086517333984,1414.2316253000783,142.84999008043738
2017-08-22 00:00:00-04:00,22.75666618347168,4.543663501739502,1428.8402043702895,147.34382255564736
2017-08-23 00:00:00-04:00,23.51799964904785,4.510068893432617,1476.6426309549838,146.2544025307487
2017-08-24 00:00:00-04:00,23.528667449951172,4.573058605194092,1477.312438329227,148.29705927878055
2017-08-25 00:00:00-04:00,23.203332901000977,4.073339462280273,1456.8854091825615,132.09195767014137
2017-08-28 00:00:00-04:00,23.04400062561035,4.020848274230957,1446.8812917474131,130.3897514449857
2017-08-29 00:00:00-04:00,23.157333374023438,3.936861276626587,1453.997201700955,127.66618591966407
2017-08-30 00:00:00-04:00,23.545333862304688,3.945260524749756,1478.3588851084398,127.93856025473251
2017-08-31 00:00:00-04:00,23.726667404174805,3.8843703269958496,1489.7444128890018,125.9639874260459
2017-09-01 00:00:00-04:00,23.69333267211914,3.920064926147461,1487.6513995724185,127.1215068333648
2017-09-05 00:00:00-04:00,23.305999755859375,3.976755380630493,1463.3316315200177,128.95988862874844
2017-09-06 00:00:00-04:00,22.968666076660156,4.060742378234863,1442.1512038052556,131.68345415407006
2017-09-07 00:00:00-04:00,23.374000549316406,4.037182331085205,1467.6012493470373,130.919439080046
2017-09-08 00:00:00-04:00,22.893333435058594,4.101433753967285,1437.4212356212556,133.00301112460008
2017-09-11 00:00:00-04:00,24.246000289916992,4.1121439933776855,1522.352163981252,133.35032725278836
2017-09-12 00:00:00-04:00,24.183332443237305,4.182821273803711,1518.4173899622754,135.64227969641036
2017-09-13 00:00:00-04:00,24.415332794189453,4.287765979766846,1532.9841734355598,139.04547056379454
2017-09-14 00:00:00-04:00,25.176000595092773,4.300616264343262,1580.7448044233274,139.46218497270536
2017-09-15 00:00:00-04:00,25.320667266845703,4.345593452453613,1589.8281013863577,140.92072406158076
2017-09-18 00:00:00-04:00,25.666667938232422,4.319892406463623,1611.5527101682683,140.08727978068413
2017-09-19 00:00:00-04:00,25.00666618347168,4.324175834655762,1570.1126752108623,140.2261845836544
2017-09-20 00:00:00-04:00,24.92733383178711,4.304900646209717,1565.13157417083,139.6011207018257
2017-09-21 00:00:00-04:00,24.43199920654297,4.259923458099365,1534.0306202147729,138.14258161295027
2017-09-22 00:00:00-04:00,23.4060001373291,4.2856245040893555,1469.6104319534522,138.97602589384692
2017-09-25 00:00:00-04:00,22.999332427978516,4.377719402313232,1444.0766754596598,141.9625178153953
2017-09-26 00:00:00-04:00,23.016666412353516,4.422696113586426,1445.1650375939569,143.42104144119568
2017-09-27 00:00:00-04:00,22.731332778930664,4.465531349182129,1427.249576523928,144.81012039704848
2017-09-28 00:00:00-04:00,22.639999389648438,4.452680587768555,1421.514957157642,144.39339052506264
2017-09-29 00:00:00-04:00,22.739999771118164,4.424837112426758,1427.7937575910767,143.4904706480683
2017-10-02 00:00:00-04:00,22.768667221069336,4.384143829345703,1429.5937226965434,142.17085182523817
2017-10-03 00:00:00-04:00,23.209333419799805,4.3284592628479,1457.2621683456885,140.36508938662467
2017-10-04 00:00:00-04:00,23.667333602905273,4.337026119232178,1486.0189761291304,140.6428989925652
2017-10-05 00:00:00-04:00,23.68866729736328,4.394853115081787,1487.3584711194596,142.5181370272764
2017-10-06 00:00:00-04:00,23.79199981689453,4.287765979766846,1493.8464890538426,139.04547056379454
2017-10-09 00:00:00-04:00,22.862667083740234,4.315608978271484,1435.4957639668512,139.94837497771385
2017-10-10 00:00:00-04:00,23.70599937438965,4.332742691040039,1488.4467134955992,140.50399418959495
2017-10-11 00:00:00-04:00,23.639999389648438,4.195671081542969,1484.302721975674,136.05897864224613
2017-10-12 00:00:00-04:00,23.711999893188477,4.176395893096924,1488.8234726587261,135.43391476041745
2017-10-13 00:00:00-04:00,23.704666137695312,4.221372604370117,1488.3630025435884,136.89243838621783
2017-10-16 00:00:00-04:00,23.373332977294922,4.157120227813721,1467.5593339919533,134.8088354155137
2017-10-17 00:00:00-04:00,23.71666717529297,4.210663318634033,1489.1165208698426,136.5451531841796
2017-10-18 00:00:00-04:00,23.976667404174805,4.294190883636475,1505.4413540935097,139.25382003671243
2017-10-19 00:00:00-04:00,23.45400047302246,4.294190883636475,1472.6242657421537,139.25382003671243
2017-10-20 00:00:00-04:00,23.00666618347168,4.3113250732421875,1444.5371455747977,139.80945471166854
2017-10-23 00:00:00-04:00,22.468000411987305,4.343451976776123,1410.7155257993127,140.85127939163314
2017-10-24 00:00:00-04:00,22.48933219909668,4.2749152183532715,1412.0549010314844,138.6287406918087
2017-10-25 00:00:00-04:00,21.722667694091797,4.199954509735107,1363.9177503969047,136.1978834452164
2017-10-26 00:00:00-04:00,21.744667053222656,4.178537368774414,1365.2990409841605,135.50335943036507
2017-10-27 00:00:00-04:00,21.391332626342773,4.142127990722656,1343.1139620871122,134.32266087358025
2017-10-30 00:00:00-04:00,21.338666915893555,4.020049095153809,1339.807199845452,130.36383533123995
2017-10-31 00:00:00-04:00,22.101999282836914,4.002914905548096,1387.7351329790838,129.80820065628382
2017-11-01 00:00:00-04:00,21.405332565307617,3.9836392402648926,1343.9929869623036,129.1831213113801
2017-11-02 00:00:00-04:00,19.950666427612305,3.9643633365631104,1252.657751619935,128.55803423493884
2017-11-03 00:00:00-04:00,20.4060001373291,3.876552104949951,1281.2471374993554,125.71045484789825
2017-11-06 00:00:00-05:00,20.185333251953125,3.8187246322631836,1267.3919569972409,123.83520135011202
2017-11-07 00:00:00-05:00,20.40333366394043,3.664519786834717,1281.0797155953337,118.83458205395716
2017-11-08 00:00:00-05:00,20.292667388916016,3.6837949752807617,1274.1312275458133,119.45964593578586
2017-11-09 00:00:00-05:00,20.19933319091797,3.760897397994995,1268.2709818724322,121.9599555838633
2017-11-10 00:00:00-05:00,20.19933319091797,3.51888108253479,1268.2709818724322,114.11174916913032
2017-11-13 00:00:00-05:00,21.02666664123535,3.469621181488037,1320.2173999770514,112.51432847189717
2017-11-14 00:00:00-05:00,20.579999923706055,3.4674792289733887,1292.1721951647794,112.44486833887453
2017-11-15 00:00:00-05:00,20.753332138061523,3.426786184310913,1303.0553374751194,111.12525724758193
2017-11-16 00:00:00-05:00,20.833332061767578,3.4653375148773193,1308.0783538702356,112.3754159373894
2017-11-17 00:00:00-05:00,21.003332138061523,3.493180274963379,1318.7522786796274,113.27831261977117
2017-11-20 00:00:00-05:00,20.582666397094727,3.5210230350494385,1292.3396170688009,114.18120930215296
2017-11-21 00:00:00-05:00,21.187332153320312,3.5831332206726074,1330.3052283642107,116.19534440829693
2017-11-22 00:00:00-05:00,20.84000015258789,3.720205068588257,1308.4970283884466,120.64036768718323
2017-11-24 00:00:00-05:00,21.036666870117188,3.7309134006500244,1320.8452919962106,120.9876219630714
2017-11-27 00:00:00-05:00,21.12066650390625,3.8915441036224365,1326.1194412473592,126.19662165829419
2017-11-28 00:00:00-05:00,21.170000076293945,4.073591709136963,1329.216985988071,132.10013763683082
2017-11-29 00:00:00-05:00,20.502666473388672,4.180679798126221,1287.3166006736844,135.57283502646274
2017-11-30 00:00:00-05:00,20.59000015258789,4.095492839813232,1292.8000871839386,132.8103566728349
2017-12-01 00:00:00-05:00,20.435333251953125,4.099862098693848,1283.0888982017489,132.95204482931007
2017-12-04 00:00:00-05:00,20.34666633605957,4.237469673156738,1277.5217007394842,137.41444087298956
2017-12-05 00:00:00-05:00,20.246667861938477,4.209074974060059,1271.2430200642068,136.49364568126364
2017-12-06 00:00:00-05:00,20.884000778198242,4.152283668518066,1311.2597293211159,134.65199344551175
2017-12-07 00:00:00-05:00,20.749332427978516,4.069281578063965,1302.8042046190872,131.96036690165903
2017-12-08 00:00:00-05:00,21.0086669921875,4.193785190582275,1319.0872422458276,135.99782218051314
2017-12-11 00:00:00-05:00,21.92733383178711,4.165389537811279,1376.768279716733,135.07699606263722
2017-12-12 00:00:00-05:00,22.735332489013672,4.174126625061035,1427.5007093799604,135.36032598636248
2017-12-13 00:00:00-05:00,22.601999282836914,4.078019142150879,1419.1290153881,132.24371228845934
2017-12-14 00:00:00-05:00,22.525999069213867,4.014675140380859,1414.3571318490158,130.18956647568223
2017-12-15 00:00:00-05:00,22.89666748046875,4.0059380531311035,1437.6305728803611,129.90623655195694
2017-12-18 00:00:00-05:00,22.591333389282227,4.07583475112915,1418.459327772014,132.17287594175926
2017-12-19 00:00:00-05:00,22.073333740234375,4.016859531402588,1385.9352876317741,130.2604028223823
2017-12-20 00:00:00-05:00,21.93199920654297,3.9862802028656006,1377.061208169692,129.26876355241882
2017-12-21 00:00:00-05:00,22.110666275024414,4.029965400695801,1388.2793140462322,130.68540543950775
2017-12-22 00:00:00-05:00,21.68000030517578,3.995016574859619,1361.2387604162464,129.55207028153157
2017-12-26 00:00:00-05:00,21.152666091918945,4.0430707931518555,1328.1286238537741,131.11039259355817
2017-12-27 00:00:00-05:00,20.775999069213867,3.9862802028656006,1304.4785434174592,129.26876355241882
2017-12-28 00:00:00-05:00,21.02400016784668,3.9688057899475098,1320.04997807303,128.70209597343072
2017-12-29 00:00:00-05:00,20.75666618347168,3.9207520484924316,1303.2646747342249,127.14378912447914
2018-01-02 00:00:00-05:00,21.368667602539062,3.98846435546875,1341.6908759029297,129.33959216758137
2018-01-03 00:00:00-05:00,21.149999618530273,3.9753589630126953,1327.9612019497526,128.91460501353095
2018-01-04 00:00:00-05:00,20.974666595458984,4.0015692710876465,1316.9524333323177,129.76456385855676
2018-01-05 00:00:00-05:00,21.10533332824707,4.080203056335449,1325.1567054201569,132.3145331720844
2018-01-08 00:00:00-05:00,22.42733383178711,4.2003374099731445,1408.162162125749,136.21030029446334
2018-01-09 00:00:00-05:00,22.246000289916992,4.27023458480835,1396.7766343451874,138.47695514734068
2018-01-10 00:00:00-05:00,22.31999969482422,4.2986297607421875,1401.4228915771766,139.3977658021416
2018-01-11 00:00:00-05:00,22.530000686645508,4.359788417816162,1414.6083844632053,141.38104434206858
2018-01-12 00:00:00-05:00,22.4146671295166,3.87925124168396,1407.3668482025685,125.79798358409029
2018-01-16 00:00:00-05:00,22.67066764831543,3.7481954097747803,1423.4405485702036,121.54805019128597
2018-01-17 00:00:00-05:00,23.143999099731445,3.822460174560547,1453.1599724226903,123.9563390798759
2018-01-18 00:00:00-05:00,22.971332550048828,3.9010934829711914,1442.318625709277,126.50629293032848
2018-01-19 00:00:00-05:00,23.334667205810547,3.960068464279175,1465.1315966254845,128.4187583181679
2018-01-22 00:00:00-05:00,23.437332153320312,3.8333816528320312,1471.5776992047834,124.31050535030128
2018-01-23 00:00:00-05:00,23.519332885742188,3.8006174564361572,1476.7263419069945,123.24801427056269
2018-01-24 00:00:00-05:00,23.05933380126953,3.7088780403137207,1447.8440275746152,120.27305007144713
2018-01-25 00:00:00-05:00,22.50933265686035,3.6782987117767334,1413.310685069803,119.28141080148364
2018-01-26 00:00:00-05:00,22.856666564941406,3.7263522148132324,1435.1190048037242,120.83970991889773
2018-01-29 00:00:00-05:00,23.302000045776367,3.746011257171631,1463.0804986639855,121.4772215761234
2018-01-30 00:00:00-05:00,23.05466651916504,3.728536605834961,1447.550979363499,120.9105462655978
2018-01-31 00:00:00-05:00,23.62066650390625,3.671745538711548,1483.08885329244,119.0689017613834
2018-02-01 00:00:00-05:00,23.28333282470703,3.638982057571411,1461.908425577678,118.00643387625736
2018-02-02 00:00:00-05:00,22.916667938232422,3.5450587272644043,1438.8863569186794,114.96064879351677
2018-02-05 00:00:00-05:00,22.208667755126953,3.4183714389801025,1394.4326079307295,110.8523803625751
2018-02-06 00:00:00-05:00,22.264667510986328,3.525400400161743,1397.9487074314952,114.32316033090362
2018-02-07 00:00:00-05:00,23.0,3.5974807739257812,1444.1185908147438,116.66061287279348
2018-02-08 00:00:00-05:00,21.01533317565918,3.457688093185425,1319.5057970058815,112.12735728780139
2018-02-09 00:00:00-05:00,20.69466781616211,3.5319528579711914,1299.3719358284895,114.53564617639131
2018-02-12 00:00:00-05:00,21.048667907714844,3.4511353969573975,1321.5988103224645,111.91486371077617
2018-02-13 00:00:00-05:00,21.577333450317383,3.4030816555023193,1354.7925380787901,110.3565568618246
2018-02-14 00:00:00-05:00,21.487333297729492,3.542874336242676,1349.1416296645148,114.88981244681669
2018-02-15 00:00:00-05:00,22.271333694458008,3.5843756198883057,1398.367262191549,116.23563345028056
2018-02-16 00:00:00-05:00,22.365999221801758,3.582190990447998,1404.3110990587832,116.16478937204297
2018-02-20 00:00:00-05:00,22.31800079345703,3.464240789413452,1401.2973850282392,112.33985086482659
2018-02-21 00:00:00-05:00,22.219999313354492,3.4271085262298584,1395.144091143742,111.13571028630038
2018-02-22 00:00:00-05:00,23.077999114990234,3.411818742752075,1449.0159809027655,110.63988678554988
2018-02-23 00:00:00-05:00,23.469999313354492,3.4882678985595703,1473.6287971662825,113.11901202083989
2018-02-26 00:00:00-05:00,23.827999114990234,3.5122947692871094,1496.1068045162897,113.89816544531568
2018-02-27 00:00:00-05:00,23.39933204650879,3.400897264480591,1469.1917574352412,110.28572051512451
2018-02-28 00:00:00-05:00,22.87066650390625,3.4271085262298584,1435.9980296789156,111.13571028630038
2018-03-01 00:00:00-05:00,22.062000274658203,3.4882678985595703,1385.2236846606042,113.11901202083989
2018-03-02 00:00:00-05:00,22.341333389282227,3.564343214035034,1402.762386567506,115.5860142053085
2018-03-05 00:00:00-05:00,22.22333335876465,3.5911929607391357,1395.3534284028476,116.45670903394594
2018-03-06 00:00:00-05:00,21.8799991607666,3.593430280685425,1373.7962415249585,116.52926178197404
2018-03-07 00:00:00-05:00,22.15333366394043,3.566580295562744,1390.9583040268903,115.65855922179911
2018-03-08 00:00:00-05:00,21.940000534057617,3.499455213546753,1377.5635936399137,113.48179895559298
2018-03-09 00:00:00-05:00,21.81133270263672,3.546442747116089,1369.484828101012,115.00553036878351
2018-03-12 00:00:00-04:00,23.034000396728516,3.4793176651000977,1446.2533997282537,112.8287701025774
2018-03-13 00:00:00-04:00,22.78933334350586,3.4927427768707275,1430.8913023317887,113.26412524843363
2018-03-14 00:00:00-04:00,21.775333404541016,3.4591801166534424,1367.2245126385649,112.17574124956182
2018-03-15 00:00:00-04:00,21.706666946411133,3.4256176948547363,1362.9130992146186,111.08736498222751
2018-03-16 00:00:00-04:00,21.42333221435547,3.450230121612549,1345.1231446935274,111.88550706283684
2018-03-19 00:00:00-04:00,20.90399932861328,3.3137426376342773,1312.5153936012766,107.45943378239649
2018-03-20 00:00:00-04:00,20.703332901000977,3.2376675605773926,1299.9159971374806,104.9924393294654
2018-03-21 00:00:00-04:00,21.101999282836914,3.1369800567626953,1324.9473681610514,101.72730279592498
2018-03-22 00:00:00-04:00,20.606666564941406,3.0944671630859375,1293.8465339631514,100.34867687879068
2018-03-23 00:00:00-04:00,20.1026668548584,3.020629644393921,1262.201518698103,97.9542429054252
2018-03-26 00:00:00-04:00,20.278667449951172,3.1414546966552734,1273.252202670622,101.8724082919812
2018-03-27 00:00:00-04:00,18.61199951171875,3.1056549549102783,1168.6058481351297,100.71147927661879
2018-03-28 00:00:00-04:00,17.185333251953125,3.166067361831665,1079.0286625431438,102.67055810412803
2018-03-29 00:00:00-04:00,17.742000579833984,2.8237292766571045,1113.9805598080097,91.5690753344006
2018-04-02 00:00:00-04:00,16.832000732421875,2.868479013442993,1056.843703404253,93.02023853648798
2018-04-03 00:00:00-04:00,17.8353328704834,2.91099214553833,1119.8406857232333,94.3988721851598
2018-04-04 00:00:00-04:00,19.12933349609375,2.9848296642303467,1201.088092678443,96.79330615852528
2018-04-05 00:00:00-04:00,20.381332397460938,3.034054756164551,1279.6983052499208,98.38959805128144
2018-04-06 00:00:00-04:00,19.953332901000977,3.004967212677002,1252.8251735239564,97.44633501154087
2018-04-09 00:00:00-04:00,19.310667037963867,3.0161542892456055,1212.4736204590045,97.80911421475645
2018-04-10 00:00:00-04:00,20.31333351135254,3.0609045028686523,1275.4288071810583,99.26029287991886
2018-04-11 00:00:00-04:00,20.062000274658203,3.0967047214508057,1259.6481550245394,100.42123735835631
2018-04-12 00:00:00-04:00,19.60533332824707,3.0497171878814697,1230.9750581931085,98.89750594516578
2018-04-13 00:00:00-04:00,20.022666931152344,3.0452418327331543,1257.1785023029868,98.75237725449702
2018-04-16 00:00:00-04:00,19.413999557495117,3.0899922847747803,1218.9616383933874,100.20356365119693
2018-04-17 00:00:00-04:00,19.179332733154297,3.11907958984375,1204.2274330160815,101.14681895939998
2018-04-18 00:00:00-04:00,19.55666732788086,3.056429862976074,1227.9194288074805,99.11518738386265
2018-04-19 00:00:00-04:00,20.005332946777344,3.0251047611236572,1256.09014016869,98.09936386455645
2018-04-20 00:00:00-04:00,19.349332809448242,2.881904363632202,1214.9013578254733,93.45560141388172
2018-04-23 00:00:00-04:00,18.891332626342773,2.9535043239593506,1186.1445500420314,95.77747490768158
2018-04-24 00:00:00-04:00,18.8973331451416,3.0004920959472656,1186.5213092051583,97.30121405240962
2018-04-25 00:00:00-04:00,18.71266746520996,3.011679172515869,1174.9265639236485,97.66399325562519
2018-04-26 00:00:00-04:00,19.031999588012695,3.0586674213409424,1194.9767141490297,99.18774786342827
2018-04-27 00:00:00-04:00,19.60533332824707,3.101179599761963,1230.9750581931085,100.56635058595003
2018-04-30 00:00:00-04:00,19.593332290649414,3.054192066192627,1230.2215398668543,99.0426191727595
2018-05-01 00:00:00-04:00,19.994667053222656,3.098942279815674,1255.4204525526038,100.49379783792192
2018-05-02 00:00:00-04:00,20.07666778564453,3.0094423294067383,1260.569095254815,97.59145597067211
2018-05-03 00:00:00-04:00,18.963333129882812,2.8707168102264404,1190.6653007250834,93.09280674759113
2018-05-04 00:00:00-04:00,19.606000900268555,2.908754587173462,1231.0169735481925,94.3263117055942
2018-05-07 00:00:00-04:00,20.184667587280273,2.8841421604156494,1267.3501614003142,93.52816962498487
2018-05-08 00:00:00-04:00,20.131332397460938,2.861767053604126,1264.0013640454126,92.80258029240366
2018-05-09 00:00:00-04:00,20.456666946411133,2.893092155456543,1284.4283931920781,93.81840381170986
2018-05-10 00:00:00-04:00,20.334667205810547,2.915466547012329,1276.7683021713874,94.54396994967851
2018-05-11 00:00:00-04:00,20.070667266845703,2.8438668251037598,1260.192336091688,92.22210418741618
2018-05-14 00:00:00-04:00,19.46466636657715,2.9669294357299805,1222.1428940861101,96.2128300535378
2018-05-15 00:00:00-04:00,18.94533348083496,3.022867202758789,1189.5351429938596,98.02680338499083
2018-05-16 00:00:00-04:00,19.09866714477539,3.0318171977996826,1199.1626210240386,98.3170375717158
2018-05-17 00:00:00-04:00,18.96933364868164,3.0474796295166016,1191.0420598882104,98.82494546560014
2018-05-18 00:00:00-04:00,18.454666137695312,2.7879292964935303,1158.7272372489188,90.40813858750067
2018-05-21 00:00:00-04:00,18.965999603271484,2.859529495239258,1190.8327226291049,92.73001981283802
2018-05-22 00:00:00-04:00,18.333999633789062,2.834916830062866,1151.1508571802387,91.93187000069119
2018-05-23 00:00:00-04:00,18.60466766357422,2.846104383468628,1168.1454977781493,92.2946646669818
2018-05-24 00:00:00-04:00,18.523332595825195,2.850579261779785,1163.038650672865,92.43977789457554
2018-05-25 00:00:00-04:00,18.59000015258789,2.834916830062866,1167.224557547874,91.93187000069119
2018-05-29 00:00:00-04:00,18.917333602905273,2.9199419021606445,1187.7770932434767,94.68909864034728
2018-05-30 00:00:00-04:00,19.447999954223633,3.0027294158935547,1221.0964473068973,97.37376680043774
2018-05-31 00:00:00-04:00,18.98200035095215,2.9535043239593506,1191.8373738113908,95.77747490768158
2018-06-01 00:00:00-04:00,19.454666137695312,3.069854736328125,1221.515002066951,99.55053479818136
2018-06-04 00:00:00-04:00,19.78266716003418,3.186204671859741,1242.109453117638,103.32357922560611
2018-06-05 00:00:00-04:00,19.408666610717773,3.2667551040649414,1218.6267945853444,105.93570236920597
2018-06-06 00:00:00-04:00,21.299999237060547,3.2264797687530518,1337.3793427208261,104.62963693163726
2018-06-07 00:00:00-04:00,21.07266616821289,3.24214243888855,1323.1056074586577,105.13755255705914
2018-06-08 00:00:00-04:00,21.17733383178711,3.2510924339294434,1329.6774561032087,105.42778674378413
2018-06-11 00:00:00-04:00,22.139999389648438,3.2832586765289307,1390.1210747486257,106.47088712743846
2018-06-12 00:00:00-04:00,22.851333618164062,3.228116512298584,1434.7841609956813,104.6827139366685
2018-06-13 00:00:00-04:00,22.985332489013672,3.062689781188965,1443.1976505844684,99.3181866328211
2018-06-14 00:00:00-04:00,23.847999572753906,2.9524056911468506,1497.362588554608,95.74184798281867
2018-06-15 00:00:00-04:00,23.878000259399414,3.2074382305145264,1499.2462646120857,104.01214995657196
2018-06-18 00:00:00-04:00,24.722000122070312,3.4923393726348877,1552.2391294959177,113.25104348696054
2018-06-19 00:00:00-04:00,23.503332138061523,3.6187071800231934,1475.7216907247082,117.3489516576339
2018-06-20 00:00:00-04:00,24.148000717163086,3.6095168590545654,1516.1989898549123,117.05092408109516
2018-06-21 00:00:00-04:00,23.167333602905273,3.568159818649292,1454.6250937201141,115.70978065782704
2018-06-22 00:00:00-04:00,22.242000579833984,3.5658626556396484,1396.5255014891552,115.63528729388301
2018-06-25 00:00:00-04:00,22.200666427612305,3.47166109085083,1393.9302224605078,112.58047950686398
2018-06-26 00:00:00-04:00,22.799999237060547,3.439495086669922,1431.5609899478745,111.53738685474714
2018-06-27 00:00:00-04:00,22.96666717529297,3.3544843196868896,1442.0256972563182,108.78062210734187
2018-06-28 00:00:00-04:00,23.32866668701172,3.418816566467285,1464.7548374623575,110.86681514311307
2018-06-29 00:00:00-04:00,22.863332748413086,3.3475911617279053,1435.537559563778,108.55708789474718
2018-07-02 00:00:00-04:00,22.33799934387207,3.253389835357666,1402.5530493084004,105.50228783926568
2018-07-03 00:00:00-04:00,20.724000930786133,3.228116512298584,1301.2136965308832,104.6827139366685
2018-07-05 00:00:00-04:00,20.610666275024414,3.361377000808716,1294.0976668191838,109.00414085686157
2018-07-06 00:00:00-04:00,20.593332290649414,3.480851411819458,1293.0093046848867,112.87850708340272
2018-07-09 00:00:00-04:00,21.233999252319336,3.5543744564056396,1333.235351200901,115.26274315878769
2018-07-10 00:00:00-04:00,21.49799919128418,3.4142215251922607,1349.8113172806006,110.71780522061248
2018-07-11 00:00:00-04:00,21.263999938964844,3.377459764480591,1335.1190272583788,109.52567945138247
2018-07-12 00:00:00-04:00,21.11400032043457,3.4670660495758057,1325.7008864873053,112.43146958436337
2018-07-13 00:00:00-04:00,21.257999420166016,3.5107204914093018,1334.7422680952518,113.84711410311303
2018-07-16 00:00:00-04:00,20.67333221435547,3.4969348907470703,1298.032321080003,113.40006887253618
2018-07-17 00:00:00-04:00,21.512666702270508,3.349888801574707,1350.732257510876,108.63159672176623
2018-07-18 00:00:00-04:00,21.59000015258789,3.349888801574707,1355.587852001971,108.63159672176623
2018-07-19 00:00:00-04:00,21.34866714477539,3.428007125854492,1340.4350918646112,111.16485045118934
2018-07-20 00:00:00-04:00,20.905332565307617,3.464768409729004,1312.5991045532874,112.3569607573443
2018-07-23 00:00:00-04:00,20.213333129882812,3.421114206314087,1269.1500067476238,110.94132397013215
2018-07-24 00:00:00-04:00,19.82866668701172,3.395840644836426,1244.9976605992442,110.12174233599748
2018-07-25 00:00:00-04:00,20.582666397094727,3.333806037902832,1292.3396170688009,108.11005812724534
2018-07-26 00:00:00-04:00,20.44333267211914,3.40273380279541,1283.5911639138135,110.34527654859217
2018-07-27 00:00:00-04:00,19.812000274658203,3.4073288440704346,1243.9512138200314,110.49428647109278
2018-07-30 00:00:00-04:00,19.344667434692383,3.377459764480591,1214.6084293725144,109.52567945138247
2018-07-31 00:00:00-04:00,19.875999450683594,3.3108298778533936,1247.9695790328617,107.3649775885922
2018-08-01 00:00:00-04:00,20.055999755859375,3.384352684020996,1259.2713958614124,109.74920593243966
2018-08-02 00:00:00-04:00,23.30266761779785,3.359079360961914,1463.1224140190695,108.9296320298425
2018-08-03 00:00:00-04:00,23.211332321166992,3.411923885345459,1457.387674894626,110.6432963935934
2018-08-06 00:00:00-04:00,22.799333572387695,3.4142215251922607,1431.5191943509478,110.71780522061248
2018-08-07 00:00:00-04:00,25.30466651916504,3.473958730697632,1588.8234502040718,112.65498833388305
2018-08-08 00:00:00-04:00,24.689332962036133,3.5038275718688965,1550.1880315344185,113.62358762205585
2018-08-09 00:00:00-04:00,23.496667861938477,3.4946370124816895,1475.3032557228119,113.3255523139796
2018-08-10 00:00:00-04:00,23.69933319091797,3.5199103355407715,1488.0281587355455,114.14512621657676
2018-08-13 00:00:00-04:00,23.76066780090332,3.4946370124816895,1491.8792218025114,113.3255523139796
2018-08-14 00:00:00-04:00,23.176000595092773,3.561267375946045,1455.1692747872628,115.48626963984488
2018-08-15 00:00:00-04:00,22.57933235168457,3.54288649559021,1417.70580944576,114.89020675522987
2018-08-16 00:00:00-04:00,22.363332748413086,3.4969348907470703,1404.1436771547617,113.40006887253618
2018-08-17 00:00:00-04:00,20.366666793823242,3.5222082138061523,1278.7774847778026,114.21964277513332
2018-08-20 00:00:00-04:00,20.562667846679688,3.6416828632354736,1291.0839527886399,118.094016733212
2018-08-21 00:00:00-04:00,21.459999084472656,3.788728713989258,1347.4253755110587,122.86248115244443
2018-08-22 00:00:00-04:00,21.44266700744629,3.901310682296753,1346.337133134919,126.51333636100341
2018-08-23 00:00:00-04:00,21.34000015258789,3.8507637977600098,1339.8909107974628,124.87418082427158
2018-08-24 00:00:00-04:00,21.521333694458008,3.80251407623291,1351.2764385780247,123.30951865148378
2018-08-27 00:00:00-04:00,21.284666061401367,3.3797576427459717,1336.4166068936238,109.60019600993904
2018-08-28 00:00:00-04:00,20.790666580200195,3.2235212326049805,1305.3994836477348,104.53369628263039
2018-08-29 00:00:00-04:00,20.333999633789062,3.244199514389038,1276.7263868163034,105.2042602627269
2018-08-30 00:00:00-04:00,20.209999084472656,3.1201295852661133,1268.9406694885183,101.18086865061011
2018-08-31 00:00:00-04:00,20.110666275024414,3.0489041805267334,1262.7037844101676,98.87114140224422
2018-09-04 00:00:00-04:00,19.26333236694336,3.228116512298584,1209.50158226723,104.6827139366685
2018-09-05 00:00:00-04:00,18.715999603271484,3.735884428024292,1175.1357814245966,121.14882452023103
2018-09-06 00:00:00-04:00,18.729999542236328,3.708313226699829,1176.014806299788,120.2547340590773
2018-09-07 00:00:00-04:00,17.549333572387695,3.7060153484344482,1101.8834290562781,120.18021750052073
2018-09-10 00:00:00-04:00,19.03333282470703,3.6761467456817627,1195.0604251010404,119.21162594388544
2018-09-11 00:00:00-04:00,18.62933349609375,3.7129085063934326,1169.6942102694268,120.40375171311541
2018-09-12 00:00:00-04:00,19.369333267211914,3.8277878761291504,1216.1571418637918,124.12910801715597
2018-09-13 00:00:00-04:00,19.297332763671875,3.9150965213775635,1211.63639118074,126.96038932311782
2018-09-14 00:00:00-04:00,19.68000030517578,3.857656717300415,1235.6632307801817,125.09770730532878
2018-09-17 00:00:00-04:00,19.6560001373291,3.904672622680664,1234.156313885831,126.62235877148342
2018-09-18 00:00:00-04:00,18.997333526611328,3.8788137435913086,1192.800109638593,125.78379621275273
2018-09-19 00:00:00-04:00,19.934667587280273,3.9023218154907227,1251.6532201958062,126.54612581159883
2018-09-20 00:00:00-04:00,19.8886661529541,3.876462936401367,1248.764892956042,125.70756325286814
2018-09-21 00:00:00-04:00,19.940000534057617,3.8835155963897705,1251.988064003849,125.93626986405945
2018-09-24 00:00:00-04:00,19.978666305541992,3.6484358310699463,1254.4158013703177,118.31300480174869
2018-09-25 00:00:00-04:00,20.06599998474121,3.7659759521484375,1259.8992878805716,122.12464506444158
2018-09-26 00:00:00-04:00,20.6386661529541,3.664891481399536,1295.8557165695663,118.84663552094095
2018-09-27 00:00:00-04:00,20.501333236694336,3.6554882526397705,1287.2328897216737,118.54170368140251
2018-09-28 00:00:00-04:00,17.65133285522461,3.5896661281585693,1108.28773603865,116.4071962677085
2018-10-01 00:00:00-04:00,20.713333129882812,3.5920166969299316,1300.54388915664,116.4834214960556
2018-10-02 00:00:00-04:00,20.06800079345703,3.495634078979492,1260.0249141876666,113.35788560386169
2018-10-03 00:00:00-04:00,19.65333366394043,3.507388114929199,1233.9888919818095,113.73905040328474
2018-10-04 00:00:00-04:00,18.788667678833008,3.483880043029785,1179.6984474627327,112.97672080443863
2018-10-05 00:00:00-04:00,17.463333129882812,3.4509689807891846,1096.4836534980348,111.90946709759164
2018-10-08 00:00:00-04:00,16.70400047302246,3.5214927196502686,1048.8068532204354,114.19644043105485
2018-10-09 00:00:00-04:00,17.520000457763672,3.4697751998901367,1100.0416683538845,112.51932304513099
2018-10-10 00:00:00-04:00,17.125333786010742,3.4862308502197266,1075.261430186346,113.05295376432325
2018-10-11 00:00:00-04:00,16.815332412719727,3.4462673664093018,1055.7971368668825,111.75700117782243
2018-10-12 00:00:00-04:00,17.25200080871582,3.4791786670684814,1083.2145694181527,112.82426261620695
2018-10-15 00:00:00-04:00,17.305999755859375,3.4979848861694336,1086.6050426118236,113.4341185637463
2018-10-16 00:00:00-04:00,18.439332962036133,3.594367742538452,1157.7645014217164,116.55966218747773
2018-10-17 00:00:00-04:00,18.118667602539062,3.6014199256896973,1137.6306402443247,116.78835333559402
2018-10-18 00:00:00-04:00,17.5939998626709,3.540299415588379,1104.6879255858737,114.80631184166926
2018-10-19 00:00:00-04:00,17.333332061767578,3.4627230167388916,1088.3211770071223,112.29063189701469
2018-10-22 00:00:00-04:00,17.39666748046875,3.5544040203094482,1092.297866381183,115.26370186943937
2018-10-23 00:00:00-04:00,19.609333038330078,3.5896661281585693,1231.2261910491407,116.4071962677085
2018-10-24 00:00:00-04:00,19.233333587646484,3.542649984359741,1207.6180259679097,114.88253707001634
2018-10-25 00:00:00-04:00,20.99066734313965,3.394549608230591,1317.957084514604,110.07987606036104
2018-10-26 00:00:00-04:00,22.059999465942383,3.2229416370391846,1385.0980583535095,104.5149009149347
2018-10-29 00:00:00-04:00,22.323333740234375,3.4157071113586426,1401.6322288362821,110.76598043086004
2018-10-30 00:00:00-04:00,21.99333381652832,3.448618173599243,1380.912271236658,111.83323413770702
2018-10-31 00:00:00-04:00,22.488000869750977,3.4321627616882324,1411.971309837631,111.29961115005229
2018-11-01 00:00:00-04:00,22.95199966430664,3.6084723472595215,1441.1047570260428,117.01705221524786
2018-11-02 00:00:00-04:00,23.0939998626709,3.669593095779419,1450.0206320850516,118.99910144071015
2018-11-05 00:00:00-05:00,22.760000228881836,3.52384352684021,1429.049541629395,114.27267339093947
2018-11-06 00:00:00-05:00,22.737333297729492,3.5144405364990234,1427.6263356870552,113.96774928293856
2018-11-07 00:00:00-05:00,23.21066665649414,3.5026862621307373,1457.3458792976994,113.58657675197801
2018-11-08 00:00:00-05:00,23.426666259765625,3.493283271789551,1470.9080115886975,113.28165264397707
2018-11-09 00:00:00-05:00,23.367332458496094,3.441565990447998,1467.1825748288263,111.60454298959073
2018-11-12 00:00:00-05:00,22.0853328704834,3.2629053592681885,1386.6886861998707,105.81086123297302
2018-11-13 00:00:00-05:00,22.582000732421875,3.2629053592681885,1417.8733511079388,105.81086123297302
2018-11-14 00:00:00-05:00,22.933332443237305,3.0466320514678955,1439.932683939735,98.79745984973911
2018-11-15 00:00:00-05:00,23.229333877563477,3.0865957736968994,1458.517952384007,100.09342016777745
2018-11-16 00:00:00-05:00,23.62066650390625,3.0066685676574707,1483.08885329244,97.50150726323828
2018-11-19 00:00:00-05:00,23.564666748046875,3.0630874633789062,1479.5727537916741,99.33108283739386
2018-11-20 00:00:00-05:00,23.166000366210938,2.886777639389038,1454.5413827681034,93.61363404066077
2018-11-21 00:00:00-05:00,22.54599952697754,3.2229416370391846,1415.6129158873343,104.5149009149347
2018-11-23 00:00:00-05:00,21.722000122070312,3.173574924468994,1363.8758350418207,102.91401648889543
2018-11-26 00:00:00-05:00,23.066667556762695,3.4274609088897705,1448.304497689753,111.14713749874556
2018-11-27 00:00:00-05:00,22.92799949645996,3.46037220954895,1439.597840131692,112.21439893713008
2018-11-28 00:00:00-05:00,23.191333770751953,3.528545379638672,1456.132010614465,114.4251470422462
2018-11-29 00:00:00-05:00,22.744667053222656,3.4392151832580566,1428.0868058021929,111.52831002970612
2018-11-30 00:00:00-05:00,23.365333557128906,3.2111878395080566,1467.0570682798889,104.13374384704916
2018-12-03 00:00:00-05:00,23.89933204650879,3.260554552078247,1500.5856398442575,105.73462827308842
2018-12-04 00:00:00-05:00,23.979999542236328,3.173574924468994,1505.6505715944577,102.91401648889543
2018-12-06 00:00:00-05:00,24.20400047302246,3.1876800060272217,1519.715089355678,103.37142197974059
2018-12-07 00:00:00-05:00,23.864667892456055,3.2158892154693604,1498.4091550919784,104.28620203528085
2018-12-10 00:00:00-05:00,24.343332290649414,3.1989636421203613,1528.463422752508,103.7373324556492
2018-12-11 00:00:00-05:00,24.450666427612305,3.131260633468628,1535.2026933010804,101.54183094250999
2018-12-12 00:00:00-05:00,24.440000534057617,3.1989636421203613,1534.5330056849946,103.7373324556492
2018-12-13 00:00:00-05:00,25.119333267211914,3.092573404312134,1577.1867895674777,100.28726527631974
2018-12-14 00:00:00-05:00,24.380666732788086,3.0853195190429688,1530.8075689251234,100.05203324746688
2018-12-17 00:00:00-05:00,23.22800064086914,3.0587217807769775,1458.4342414319963,99.18951065398139
2018-12-18 00:00:00-05:00,22.468666076660156,3.0780653953552246,1410.7573213962394,99.81679348707651
2018-12-19 00:00:00-05:00,22.197999954223633,3.0417962074279785,1393.7628005564864,98.64064107434972
2018-12-20 00:00:00-05:00,21.025333404541016,3.0055267810821533,1320.1336890250407,97.4644809300854
2018-12-21 00:00:00-05:00,21.31800079345703,2.8918824195861816,1338.509620210207,93.77917399036558
2018-12-24 00:00:00-05:00,19.69266700744629,2.8217616081237793,1236.4585447033623,91.50526695530043
2018-12-26 00:00:00-05:00,21.73933219909668,2.998272657394409,1364.9640774179602,97.22924116969503
2018-12-27 00:00:00-05:00,21.075332641601562,2.945077657699585,1323.2730293626792,95.50421144579906
2018-12-28 00:00:00-05:00,22.257999420166016,2.969257116317749,1397.530032913284,96.28831305428359
2018-12-31 00:00:00-05:00,22.18666648864746,3.0514678955078125,1393.0511975853162,98.95427862512852
2019-01-02 00:00:00-05:00,20.674667358398438,3.160276174545288,1298.116151790171,102.48275905792144
2019-01-03 00:00:00-05:00,20.02400016784668,3.136096715927124,1257.2622132549975,101.69865744943691
2019-01-04 00:00:00-05:00,21.179332733154297,3.684973955154419,1329.802962652146,119.49787838879087
2019-01-07 00:00:00-05:00,22.33066749572754,3.7430050373077393,1402.09269895142,121.37973461961377
2019-01-08 00:00:00-05:00,22.356666564941406,3.822798013687134,1403.725122394708,123.96729466853276
2019-01-09 00:00:00-05:00,22.568666458129883,3.863903045654297,1417.0361218296741,125.30026585664895
2019-01-10 00:00:00-05:00,22.99799919128418,3.85906720161438,1443.992964507649,125.14344708125955
2019-01-11 00:00:00-05:00,23.150667190551758,3.8324697017669678,1453.5786469409013,124.28093221931155
2019-01-14 00:00:00-05:00,22.293333053588867,3.7816925048828125,1399.7485527788047,122.63430801734152
2019-01-15 00:00:00-05:00,22.961999893188477,3.7550947666168213,1441.732649045202,121.77178542385603
2019-01-16 00:00:00-05:00,23.06999969482422,3.7913644313812256,1448.5137151907009,122.94795329965784
2019-01-17 00:00:00-05:00,23.15399932861328,3.8131260871887207,1453.7878644418495,123.65364938621643
2019-01-18 00:00:00-05:00,20.150667190551758,3.851813554763794,1265.2153524868042,124.9082227839442
2019-01-22 00:00:00-05:00,19.92799949645996,3.692228078842163,1251.234545677595,119.73311814918127
2019-01-23 00:00:00-05:00,19.172666549682617,3.7430050373077393,1203.8088782560278,121.37973461961377
2019-01-24 00:00:00-05:00,19.43400001525879,3.8203799724578857,1220.217422431706,123.88888141506928
2019-01-25 00:00:00-05:00,19.80266761779785,3.84455943107605,1243.3652371559565,124.67298302355383
2019-01-28 00:00:00-05:00,19.7586669921875,3.7478411197662354,1240.6025362232872,121.53656112654068
2019-01-29 00:00:00-05:00,19.83066749572754,2.727461099624634,1245.1232869063392,88.44725058021324
2019-01-30 00:00:00-05:00,20.584667205810547,2.7081172466278076,1292.4652433758956,87.81996001558059
2019-01-31 00:00:00-05:00,20.468000411987305,2.741968870162964,1285.139996163248,88.91771463791895
2019-02-01 00:00:00-05:00,20.81399917602539,2.7177891731262207,1306.8644851870013,88.1336052978969
2019-02-04 00:00:00-05:00,20.859333038330078,2.749222755432129,1309.710897071681,89.15294666677181
2019-02-05 00:00:00-05:00,21.42333221435547,2.8507771492004395,1345.1231446935274,92.44619507071187
2019-02-06 00:00:00-05:00,21.148000717163086,2.783074378967285,1327.8356954008152,90.25070128911018
2019-02-07 00:00:00-05:00,20.500667572021484,2.773402452468872,1287.191094124747,89.93705600679385
2019-02-08 00:00:00-05:00,20.386667251586914,2.744386911392212,1280.033268816121,88.99612789138241
2019-02-11 00:00:00-05:00,20.856000900268555,2.732296943664551,1309.501679570733,88.60406935560263
2019-02-12 00:00:00-05:00,20.78733253479004,2.792746067047119,1305.1901463886293,90.56433883988898
2019-02-13 00:00:00-05:00,20.544666290283203,2.773402452468872,1289.953675299259,89.93705600679385
2019-02-14 00:00:00-05:00,20.251333236694336,2.739550828933716,1271.5359485171657,88.8393013844555
2019-02-15 00:00:00-05:00,20.525333404541016,2.763730525970459,1288.7398066160245,89.62341072447754
2019-02-19 00:00:00-05:00,20.375999450683594,2.7081172466278076,1279.363461441878,87.81996001558059
2019-02-20 00:00:00-05:00,20.17066764831543,2.7081172466278076,1266.4711365251228,87.81996001558059
2019-02-21 00:00:00-05:00,19.415332794189453,2.6670119762420654,1219.045349345398,86.48698109592688
2019-02-22 00:00:00-05:00,19.6473331451416,2.749222755432129,1233.6121328186825,89.15294666677181
2019-02-25 00:00:00-05:00,19.917999267578125,2.792746067047119,1250.6066536584358,90.56433883988898
2019-02-26 00:00:00-05:00,19.857332229614258,2.8145077228546143,1246.7975059465539,91.27003492644756
2019-02-27 00:00:00-05:00,20.982667922973633,2.8217616081237793,1317.4548188025396,91.50526695530043
2019-02-28 00:00:00-05:00,21.325332641601562,2.8290154933929443,1338.9699705671874,91.74049898415329
2019-03-01 00:00:00-05:00,19.652666091918945,2.8411052227020264,1233.9469766267255,92.13254978839555
2019-03-04 00:00:00-05:00,19.02400016784668,2.797581911087036,1194.4744484369653,90.72115761527839
2019-03-05 00:00:00-05:00,18.43600082397461,2.8048360347747803,1157.5552839207683,90.95639737566876
2019-03-06 00:00:00-05:00,18.416000366210938,2.795164108276367,1156.29949988245,90.64275209335244
2019-03-07 00:00:00-05:00,18.439332962036133,2.8024179935455322,1157.7645014217164,90.8779841222053
2019-03-08 00:00:00-05:00,18.94266700744629,2.6525044441223145,1189.3677210898381,86.01652476975868
2019-03-11 00:00:00-04:00,19.39466667175293,2.722625255584717,1217.747769710153,88.29043180482384
2019-03-12 00:00:00-04:00,18.890666961669922,2.773402452468872,1186.102754445105,89.93705600679385
2019-03-13 00:00:00-04:00,19.263999938964844,2.799999952316284,1209.5434976223141,90.79957086874184
2019-03-14 00:00:00-04:00,19.33066749572754,2.737499952316284,1213.729404497323,88.77279469876306
2019-03-15 00:00:00-04:00,18.36199951171875,2.765000104904175,1152.9089069306217,89.66458116173773
2019-03-18 00:00:00-04:00,17.965999603271484,2.7674999237060547,1128.0449578110724,89.74564633256837
2019-03-19 00:00:00-04:00,17.83133316040039,2.740000009536743,1119.589552867201,88.85386760113121
2019-03-20 00:00:00-04:00,18.239999771118164,2.625,1145.248815909931,85.12459913910875
2019-03-21 00:00:00-04:00,18.26799964904785,2.637500047683716,1147.006865660314,85.52995591941202
2019-03-22 00:00:00-04:00,17.635332107543945,2.612499952316284,1107.2830848563638,84.7192423588055
2019-03-25 00:00:00-04:00,17.3613338470459,2.5350000858306885,1090.0793465156626,82.20604423769282
2019-03-26 00:00:00-04:00,17.851333618164062,2.5875000953674316,1120.8453369055196,83.9085365297365
2019-03-27 00:00:00-04:00,18.32200050354004,2.572499990463257,1150.3974586121421,83.42210684706508
2019-03-28 00:00:00-04:00,18.57466697692871,2.547499895095825,1166.2618217206716,82.61139328645856
2019-03-29 00:00:00-04:00,18.657333374023438,2.5399999618530273,1171.4522600198095,82.36818231089161
2019-04-01 00:00:00-04:00,19.278667449951172,2.5924999713897705,1210.4644378525895,84.0706746029353
2019-04-02 00:00:00-04:00,19.058666229248047,2.5250000953674316,1196.6510529474017,81.88176035975772
2019-04-03 00:00:00-04:00,19.45400047302246,2.4075000286102295,1221.4732064700243,78.0714189953671
2019-04-04 00:00:00-04:00,17.851999282836914,2.507499933242798,1120.8871325024463,81.31425777471814
2019-04-05 00:00:00-04:00,18.33066749572754,2.4649999141693115,1150.9416396792906,79.93604936060959
2019-04-08 00:00:00-04:00,18.213333129882812,2.484999895095825,1143.574477111559,80.58461711647979
2019-04-09 00:00:00-04:00,18.15399932861328,2.4549999237060547,1139.8490403516878,79.61176548267449
2019-04-10 00:00:00-04:00,18.40399932861328,2.492500066757202,1155.5459815561958,80.82783582358425
2019-04-11 00:00:00-04:00,17.89466667175293,2.440000057220459,1123.5661224831044,79.12534353154057
2019-04-12 00:00:00-04:00,17.84666633605957,2.3299999237060547,1120.5522886944034,75.55821314271691
2019-04-15 00:00:00-04:00,17.7586669921875,2.234999895095825,1115.0270065872226,72.47751243656467
2019-04-16 00:00:00-04:00,18.224000930786133,2.2699999809265137,1144.2442844858024,73.6125098751063
2019-04-17 00:00:00-04:00,18.082000732421875,2.234999895095825,1135.3284094267933,72.47751243656467
2019-04-18 00:00:00-04:00,18.21733283996582,2.192500114440918,1143.8256099675914,71.0993117539936
2019-04-22 00:00:00-04:00,17.516666412353516,2.1624999046325684,1099.832331094779,70.12645238865079
2019-04-23 00:00:00-04:00,17.593332290649414,2.2225000858306885,1104.6460102307897,72.07216338779892
2019-04-24 00:00:00-04:00,17.243999481201172,2.252500057220459,1082.712183947931,73.04501502160423
2019-04-25 00:00:00-04:00,16.5086669921875,2.237499952316284,1036.5423005646821,72.55858533893283
2019-04-26 00:00:00-04:00,15.675999641418457,2.2225000858306885,984.2609787729414,72.07216338779892
2019-04-29 00:00:00-04:00,16.097999572753906,2.190000057220459,1010.7574112148575,71.01823885162545
2019-04-30 00:00:00-04:00,15.912667274475098,2.1624999046325684,999.1208104573423,70.12645238865079
2019-05-01 00:00:00-04:00,15.600666999816895,2.127500057220459,979.5310105889414,68.99146268164668
2019-05-02 00:00:00-04:00,16.273332595825195,2.192500114440918,1021.7661798322922,71.0993117539936
2019-05-03 00:00:00-04:00,17.00200080871582,2.242500066757202,1067.5176282136447,72.72073114366913
2019-05-06 00:00:00-04:00,17.022666931152344,2.2125000953674316,1068.8152078488897,71.74787950986382
2019-05-07 00:00:00-04:00,16.470666885375977,2.192500114440918,1034.1563587951402,71.0993117539936
2019-05-08 00:00:00-04:00,16.32266616821289,2.172499895095825,1024.8637245730042,70.45073626658589
2019-05-09 00:00:00-04:00,16.131999969482422,2.130000114440918,1012.8922201283674,69.07253558401483
2019-05-10 00:00:00-04:00,15.968000411987305,2.119999885559082,1002.5950544821026,68.7482439745422
2019-05-13 00:00:00-04:00,15.133999824523926,2.065000057220459,950.2300217383511,66.96468651166789
2019-05-14 00:00:00-04:00,15.487333297729492,2.132499933242798,972.4150407563206,69.15360075484547
2019-05-15 00:00:00-04:00,15.463333129882812,2.172499895095825,970.9081238619701,70.45073626658589
2019-05-16 00:00:00-04:00,15.222000122070312,2.1675000190734863,955.7553637246103,70.2885981933871
2019-05-17 00:00:00-04:00,14.0686674118042,2.1524999141693115,883.3401807554778,69.80216851071567
2019-05-20 00:00:00-04:00,13.690667152404785,2.015000104904175,859.6063893671521,65.34326712199238
2019-05-21 00:00:00-04:00,13.67199993133545,2.0325000286102295,858.4343162808447,65.91076197549442
2019-05-22 00:00:00-04:00,12.84866714477539,1.975000023841858,806.7390909113363,64.0461277444832
2019-05-23 00:00:00-04:00,13.03266716003418,1.9249999523162842,818.2920405959196,62.424704489038916
2019-05-24 00:00:00-04:00,12.708666801452637,1.9550000429153442,797.9487822803435,63.397559988613
2019-05-28 00:00:00-04:00,12.579999923706055,1.934999942779541,789.8700766205205,62.748988366974025
2019-05-29 00:00:00-04:00,12.657333374023438,1.8925000429153442,794.7256711116154,61.37078381863421
2019-05-30 00:00:00-04:00,12.54800033569336,1.899999976158142,787.8608940141055,61.61399479420117
2019-05-31 00:00:00-04:00,12.343999862670898,1.8949999809265137,775.0521602912039,61.45185285523361
2019-06-03 00:00:00-04:00,11.9313325881958,1.8674999475479126,749.1417045133632,60.5600702580277
2019-06-04 00:00:00-04:00,12.90666675567627,1.9550000429153442,810.3807568401182,63.397559988613
2019-06-05 00:00:00-04:00,13.105999946594238,1.2599999904632568,822.8964423519035,40.859807277510704
2019-06-06 00:00:00-04:00,13.729999542236328,1.2825000286102295,862.0759822096263,41.58944793574907
2019-06-07 00:00:00-04:00,13.633333206176758,1.2549999952316284,856.0065190352973,40.69766533854315
2019-06-10 00:00:00-04:00,14.192000389099121,1.3600000143051147,891.0839827281791,44.102649922630505
2019-06-11 00:00:00-04:00,14.473333358764648,1.4299999475479126,908.7482510630969,46.37263706817623
2019-06-12 00:00:00-04:00,13.950667381286621,1.375,875.9312225908195,44.589075739533165
2019-06-13 00:00:00-04:00,14.260666847229004,1.4249999523162842,895.3953961521256,46.21049512920868
2019-06-14 00:00:00-04:00,14.32800006866455,1.4075000286102295,899.6230986240612,45.64300027570663
2019-06-17 00:00:00-04:00,15.001999855041504,1.4249999523162842,941.9420386985014,46.21049512920868
2019-06-18 00:00:00-04:00,14.982666969299316,1.4325000047683716,940.728170015267,46.45370997054439
2019-06-19 00:00:00-04:00,15.095333099365234,1.4075000286102295,947.8022244928036,45.64300027570663
2019-06-20 00:00:00-04:00,14.641332626342773,1.3825000524520874,919.2965495653939,44.832290580868865
2019-06-21 00:00:00-04:00,14.790666580200195,1.3550000190734863,928.6728947395407,43.940507983662954
2019-06-24 00:00:00-04:00,14.909333229064941,1.3424999713897705,936.1237083802043,43.535151203359696
2019-06-25 00:00:00-04:00,14.650667190551758,1.3624999523162842,919.8826459876263,44.1837189592299
2019-06-26 00:00:00-04:00,14.618000030517578,1.3674999475479126,917.8315480261274,44.34586089819745
2019-06-27 00:00:00-04:00,14.855999946594238,1.3849999904632568,932.77503078346,44.91335961746826
2019-06-28 00:00:00-04:00,14.897333145141602,1.3674999475479126,935.370249933029,44.34586089819745
2019-07-01 00:00:00-04:00,15.14466667175293,1.340000033378601,950.8997692335155,43.454082166760294
2019-07-02 00:00:00-04:00,14.970000267028809,1.3450000286102295,939.9328560920862,43.616224105727845
2019-07-03 00:00:00-04:00,15.65999984741211,1.3274999856948853,983.2563874697339,43.048725386457036
2019-07-05 00:00:00-04:00,15.539999961853027,1.3799999952316284,975.7218628770595,44.75121767850071
2019-07-08 00:00:00-04:00,15.355999946594238,1.3624999523162842,964.1689131924762,44.1837189592299
2019-07-09 00:00:00-04:00,15.337332725524902,1.3274999856948853,962.9968401061686,43.048725386457036
2019-07-10 00:00:00-04:00,15.928000450134277,1.2949999570846558,1000.0835462845444,41.99480085028357
2019-07-11 00:00:00-04:00,15.90666675567627,1.2100000381469727,998.7440512942152,39.23838788783519
2019-07-12 00:00:00-04:00,16.338666915893555,1.2274999618530273,1025.8683757552903,39.80588274133724
2019-07-15 00:00:00-04:00,16.899999618530273,1.1875,1061.1132014731152,38.50874722959682
2019-07-16 00:00:00-04:00,16.825332641601562,1.1575000286102295,1056.4250288860417,37.53589559579151
2019-07-17 00:00:00-04:00,16.99066734313965,1.0950000286102295,1066.8060252424746,35.50911942581273
2019-07-18 00:00:00-04:00,16.902666091918945,1.0499999523162842,1061.2806233771366,34.049838109336
2019-07-19 00:00:00-04:00,17.211999893188477,1.0800000429153442,1080.703001341516,35.022693608910075
2019-07-22 00:00:00-04:00,17.045333862304688,1.034999966621399,1070.2384137912297,33.56341229243335
2019-07-23 00:00:00-04:00,17.344667434692383,1.0225000381469727,1089.0328997364497,33.15805937789884
2019-07-24 00:00:00-04:00,17.658666610717773,1.0199999809265137,1108.7482061537878,33.07698647553069
2019-07-25 00:00:00-04:00,15.254667282104492,0.9950000047683716,957.8064616861095,32.26627678069293
2019-07-26 00:00:00-04:00,15.202667236328125,1.002500057220459,954.5414950413762,32.509491622028634
2019-07-29 00:00:00-04:00,15.718000411987305,1.0299999713897705,986.8981132775945,33.4012703534658
2019-07-30 00:00:00-04:00,16.150667190551758,1.0075000524520874,1014.0642932146749,32.67163356099619
2019-07-31 00:00:00-04:00,16.107332229614258,1.0049999952316284,1011.3433878789326,32.59056065862803
2019-08-01 00:00:00-04:00,15.59000015258789,0.9599999785423279,978.8612630937769,31.131281275035683
2019-08-02 00:00:00-04:00,15.62266731262207,0.9449999928474426,980.912361055276,30.64485545813303
2019-08-05 00:00:00-04:00,15.221332550048828,0.9275000095367432,955.7134483695263,30.077358671746595
2019-08-06 00:00:00-04:00,15.383333206176758,0.9524999856948853,965.8851074668538,30.88806836658436
2019-08-07 00:00:00-04:00,15.561332702636719,0.9524999856948853,977.0612979883099,30.88806836658436
2019-08-08 00:00:00-04:00,15.886667251586914,0.9725000262260437,997.4883271349755,31.536638055338944
2019-08-09 00:00:00-04:00,15.667332649230957,0.8974999785423279,983.716797705793,29.104505105056905
2019-08-12 00:00:00-04:00,15.267333030700684,0.8774999976158142,958.6017157302115,28.455937349186694
2019-08-13 00:00:00-04:00,15.666666984558105,0.8675000071525574,983.6750021088664,28.131653471251596
2019-08-14 00:00:00-04:00,14.641332626342773,0.8299999833106995,919.2965495653939,26.915586996110573
2019-08-15 00:00:00-04:00,14.37600040435791,0.8025000095367432,902.6369324127623,26.023806331789036
2019-08-16 00:00:00-04:00,14.662667274475098,0.8299999833106995,920.6361044348018,26.915586996110573
2019-08-19 00:00:00-04:00,15.121999740600586,0.8450000286102295,949.4765632911758,27.402014745897606
2019-08-20 00:00:00-04:00,15.057332992553711,0.8550000190734863,945.4162827232615,27.72629862383271
2019-08-21 00:00:00-04:00,14.722000122070312,0.8849999904632568,924.3614813155941,28.699150257638024
2019-08-22 00:00:00-04:00,14.8100004196167,0.9674999713897705,929.8868233018536,31.374494183487013
2019-08-23 00:00:00-04:00,14.09333324432373,0.9125000238418579,884.8888932467553,29.59093285484394
2019-08-26 00:00:00-04:00,14.333333015441895,0.9549999833106995,899.9579424321041,30.969139336068135
2019-08-27 00:00:00-04:00,14.272000312805176,0.925000011920929,896.1069991232954,29.99628770226282
2019-08-28 00:00:00-04:00,14.37266731262207,0.9700000286102295,902.4276550327355,31.45556708585517
2019-08-29 00:00:00-04:00,14.780667304992676,1.0575000047683716,928.04506259946,34.29305295067171
2019-08-30 00:00:00-04:00,15.040666580200195,0.9925000071525574,944.3698359440488,32.18520581120915
2019-09-03 00:00:00-04:00,15.000666618347168,0.9524999856948853,941.8583277464907,30.88806836658436
2019-09-04 00:00:00-04:00,14.711999893188477,0.9950000047683716,923.7335892964351,32.26627678069293
2019-09-05 00:00:00-04:00,15.305333137512207,1.0575000047683716,960.9876574997536,34.29305295067171
2019-09-06 00:00:00-04:00,15.16333293914795,1.0774999856948853,952.0717824407446,34.94162070654191
2019-09-09 00:00:00-04:00,15.452667236328125,1.190000057220459,970.2384362458841,38.58982013196498
2019-09-10 00:00:00-04:00,15.702667236328125,1.2725000381469727,985.9353774503923,41.26516405781396
2019-09-11 00:00:00-04:00,16.47333335876465,1.1475000381469727,1034.3237806991615,37.2116117178564
2019-09-12 00:00:00-04:00,16.391332626342773,1.1449999809265137,1029.1751379969505,37.13053881548825
2019-09-13 00:00:00-04:00,16.34666633605957,1.1024999618530273,1026.3706414673547,35.75233040137968
2019-09-16 00:00:00-04:00,16.187332153320312,1.087499976158142,1016.3664042740489,35.26590458447702
2019-09-17 00:00:00-04:00,16.319332122802734,1.0824999809265137,1024.6543873138985,35.10376264550947
2019-09-18 00:00:00-04:00,16.232667922973633,1.149999976158142,1019.212935916886,37.2926807544558
2019-09-19 00:00:00-04:00,16.440000534057617,1.1100000143051147,1032.2308871407358,35.99554524271538
2019-09-20 00:00:00-04:00,16.041332244873047,1.1749999523162842,1007.1993963590078,38.10339044929356
2019-09-23 00:00:00-04:00,16.082000732421875,1.2549999952316284,1009.7528797907286,40.69766533854315
2019-09-24 00:00:00-04:00,14.880666732788086,1.252500057220459,934.3238031538161,40.61659630194375
2019-09-25 00:00:00-04:00,15.24666690826416,1.2999999523162842,957.3041360949665,42.156942789251126
2019-09-26 00:00:00-04:00,16.17066764831543,1.3200000524520874,1015.3200772529933,42.80551441089009
2019-09-27 00:00:00-04:00,16.142000198364258,1.3350000381469727,1013.5201121475264,43.29194022779274
2019-09-30 00:00:00-04:00,16.058000564575195,1.3799999952316284,1008.245962896378,44.75121767850071
2019-10-01 00:00:00-04:00,16.312667846679688,1.3949999809265137,1024.2359523120024,45.23764349540337
2019-10-02 00:00:00-04:00,16.208667755126953,1.3300000429153442,1017.7060190225354,43.12979828882519
2019-10-03 00:00:00-04:00,15.535332679748535,1.3550000190734863,975.4288146659432,43.940507983662954
2019-10-04 00:00:00-04:00,15.428667068481445,1.3875000476837158,968.7315193515335,44.99443251983642
2019-10-07 00:00:00-04:00,15.847999572753906,1.372499942779541,995.0604700103494,44.50800283716501
2019-10-08 00:00:00-04:00,16.003332138061523,1.3075000047683716,1004.8134545894657,42.400157630586826
2019-10-09 00:00:00-04:00,16.302000045776367,1.247499942779541,1023.5661449377592,40.454450497207446
2019-10-10 00:00:00-04:00,16.31599998474121,1.2625000476837158,1024.4451698129503,40.94088017987886
2019-10-11 00:00:00-04:00,16.525999069213867,1.3424999713897705,1037.6305429408217,43.535151203359696
2019-10-14 00:00:00-04:00,17.130666732788086,1.3949999809265137,1075.5962739943889,45.23764349540337
2019-10-15 00:00:00-04:00,17.19266700744629,1.402500033378601,1079.4891326582815,45.480858336739075
2019-10-16 00:00:00-04:00,17.316667556762695,1.4700000286102295,1087.2748499860668,47.66977644568541
2019-10-17 00:00:00-04:00,17.46466636657715,1.5075000524520874,1096.5673644500455,48.88584292082643
2019-10-18 00:00:00-04:00,17.1299991607666,1.4850000143051147,1075.5543586393048,48.15620226258807
2019-10-21 00:00:00-04:00,16.899999618530273,1.4824999570846558,1061.1132014731152,48.07512936021991
2019-10-22 00:00:00-04:00,17.038667678833008,1.597499966621399,1069.819859031176,51.804397822242365
2019-10-23 00:00:00-04:00,16.978666305541992,1.6074999570846558,1066.0525069162206,52.128681700177474
2019-10-24 00:00:00-04:00,19.978666305541992,1.6050000190734863,1254.4158013703177,52.04761266357807
2019-10-25 00:00:00-04:00,21.875333786010742,1.587499976158142,1373.5033130719996,51.48011394430726
2019-10-28 00:00:00-04:00,21.847333908081055,1.5475000143051147,1371.7452633216167,50.18297843256685
2019-10-29 00:00:00-04:00,21.08133316040039,1.4524999856948853,1323.6497885258063,47.1022777264146
2019-10-30 00:00:00-04:00,21.000667572021484,1.4325000047683716,1318.5849765337632,46.45370997054439
2019-10-31 00:00:00-04:00,20.994667053222656,1.3600000143051147,1318.2082173706362,44.102649922630505
2019-11-01 00:00:00-04:00,20.887332916259766,1.4600000381469727,1311.468946822064,47.345492567750306
2019-11-04 00:00:00-05:00,21.1646671295166,1.462499976158142,1328.882142180028,47.4265616043497
2019-11-05 00:00:00-05:00,21.148000717163086,1.4774999618530273,1327.8356954008152,47.91298742125235
2019-11-06 00:00:00-05:00,21.77199935913086,1.5225000381469727,1367.0151753794594,49.37226873772909
2019-11-07 00:00:00-05:00,22.369333267211914,1.5549999475479126,1404.5204363178889,50.426189408133794
2019-11-08 00:00:00-05:00,22.47599983215332,1.5225000381469727,1411.217791511377,49.37226873772909
2019-11-11 00:00:00-05:00,23.006000518798828,1.5049999952316284,1444.495349977871,48.80477001845827
2019-11-12 00:00:00-05:00,23.32866668701172,1.4800000190734863,1464.7548374623575,47.994060323620516
2019-11-13 00:00:00-05:00,23.073999404907227,1.4850000143051147,1448.7648480467333,48.15620226258807
2019-11-14 00:00:00-05:00,23.290000915527344,1.4950000047683716,1462.327100095889,48.48048614052317
2019-11-15 00:00:00-05:00,23.47800064086914,1.4700000286102295,1474.1311826365043,47.66977644568541
2019-11-18 00:00:00-05:00,23.332666397094727,1.4049999713897705,1465.0059703183897,45.56192737333847
2019-11-19 00:00:00-05:00,23.968000411987305,1.375,1504.8971730263613,44.589075739533165
2019-11-20 00:00:00-05:00,23.481332778930664,1.3650000095367432,1474.3404001374524,44.264791861598056
2019-11-21 00:00:00-05:00,23.655332565307617,1.375,1485.2654578028764,44.589075739533165
2019-11-22 00:00:00-05:00,22.202667236328125,1.4149999618530273,1394.0558487676026,45.88621125127358
2019-11-25 00:00:00-05:00,22.422666549682617,1.5075000524520874,1407.8691139146329,48.88584292082643
2019-11-26 00:00:00-05:00,21.92799949645996,1.524999976158142,1376.8100753136598,49.45333777432848
2019-11-27 00:00:00-05:00,22.086000442504883,1.587499976158142,1386.7306015549548,51.48011394430726
2019-11-29 00:00:00-05:00,21.996000289916992,1.5850000381469727,1381.0796931406794,51.39904490770786
2019-12-02 00:00:00-05:00,22.32466697692871,1.5425000190734863,1401.7159397882929,50.0208364935993
2019-12-03 00:00:00-05:00,22.413333892822266,1.5299999713897705,1407.2831372505577,49.61547971329603
2019-12-04 00:00:00-05:00,22.20199966430664,1.6074999570846558,1394.0139334125186,52.128681700177474
2019-12-05 00:00:00-05:00,22.024667739868164,1.600000023841858,1382.8796582461462,51.885470724610514
2019-12-06 00:00:00-05:00,22.392667770385742,1.6699999570846558,1405.9855576153127,54.155457870156255
2019-12-09 00:00:00-05:00,22.635332107543945,1.5824999809265137,1421.2219089465257,51.317972005339705
2019-12-10 00:00:00-05:00,23.256000518798828,1.627500057220459,1460.192291182379,52.77725332181643
2019-12-11 00:00:00-05:00,23.51333236694336,1.3825000524520874,1476.3495827438674,44.832290580868865
2019-12-12 00:00:00-05:00,23.978666305541992,1.3949999809265137,1505.566860642447,45.23764349540337
2019-12-13 00:00:00-05:00,23.892667770385742,1.3624999523162842,1500.1672048423613,44.1837189592299
2019-12-16 00:00:00-05:00,25.433332443237305,1.375,1596.9020959848158,44.589075739533165
2019-12-17 00:00:00-05:00,25.266000747680664,1.5149999856948853,1586.3957128376028,49.12905389639338
2019-12-18 00:00:00-05:00,26.209999084472656,1.5399999618530273,1645.6672583967122,49.93976359123114
2019-12-19 00:00:00-05:00,26.93600082397461,1.5149999856948853,1691.2512848740434,49.12905389639338
2019-12-20 00:00:00-05:00,27.03933334350586,1.497499942779541,1697.7393028084261,48.561555177122564
2019-12-23 00:00:00-05:00,27.947999954223633,1.402500033378601,1754.7924482601723,45.480858336739075
2019-12-24 00:00:00-05:00,28.350000381469727,1.3600000143051147,1780.0331565428487,44.102649922630505
2019-12-26 00:00:00-05:00,28.729333877563477,1.350000023841858,1803.8506588831847,43.778366044695396
2019-12-27 00:00:00-05:00,28.691999435424805,1.475000023841858,1801.5065127105693,47.83191838465296
2019-12-30 00:00:00-05:00,27.64666748046875,1.5325000286102295,1735.8724557660146,49.69655261566419
2019-12-31 00:00:00-05:00,27.8886661529541,1.5199999809265137,1751.0670115003009,49.29119583536093
2020-01-02 00:00:00-05:00,28.68400001525879,1.5774999856948853,1801.004246998505,51.155830066372154
2020-01-03 00:00:00-05:00,29.534000396728516,1.4700000286102295,1854.373871045464,47.66977644568541
2020-01-06 00:00:00-05:00,30.1026668548584,1.462499976158142,1890.0791668784266,47.4265616043497
2020-01-07 00:00:00-05:00,31.270666122436523,1.3799999952316284,1963.4152301987558,44.75121767850071
2020-01-08 00:00:00-05:00,32.80933380126953,1.4299999475479126,2060.0247345504304,46.37263706817623
2020-01-09 00:00:00-05:00,32.089332580566406,1.3875000476837158,2014.8174672362265,44.99443251983642
2020-01-10 00:00:00-05:00,31.876667022705078,1.3574999570846558,2001.4646722043337,44.02157702026235
2020-01-13 00:00:00-05:00,34.990665435791016,1.3574999570846558,2196.9856722088994,44.02157702026235
2020-01-14 00:00:00-05:00,35.861331939697266,1.1775000095367432,2251.6528758911036,38.18446335166172
2020-01-15 00:00:00-05:00,34.56666564941406,1.152500033378601,2170.3636733389676,37.37375365682396
2020-01-16 00:00:00-05:00,34.232666015625,1.1549999713897705,2149.3925828833108,37.45482269342335
2020-01-17 00:00:00-05:00,34.03333282470703,1.1875,2136.8768973715255,38.50874722959682
2020-01-21 00:00:00-05:00,36.47999954223633,1.1475000381469727,2290.497631819862,37.2116117178564
2020-01-22 00:00:00-05:00,37.97066879272461,1.1399999856948853,2384.093422140993,36.9683968765207
2020-01-23 00:00:00-05:00,38.14666748046875,1.1549999713897705,2395.143986355354,37.45482269342335
2020-01-24 00:00:00-05:00,37.654666900634766,1.0800000429153442,2364.2523696584026,35.022693608910075
2020-01-27 00:00:00-05:00,37.201332092285156,1.0700000524520874,2335.7884903279196,34.698409730974966
2020-01-28 00:00:00-05:00,37.793331146240234,1.0525000095367432,2372.9587877001486,34.13091101170416
2020-01-29 00:00:00-05:00,38.732666015625,1.0325000286102295,2431.9375245644565,33.482343255833946
2020-01-30 00:00:00-05:00,42.72066879272461,0.9825000166893005,2682.3353050266464,31.86092193327405
2020-01-31 00:00:00-05:00,43.371334075927734,0.9599999785423279,2723.189123803663,31.131281275035683
2020-02-03 00:00:00-05:00,52.0,0.987500011920929,3264.9637705376817,32.0230638722416
2020-02-04 00:00:00-05:00,59.137332916259766,1.0175000429153442,3713.100951111801,32.99591743893129
2020-02-05 00:00:00-05:00,48.97999954223633,1.0449999570846558,3075.3446920452666,33.88769617036845
2020-02-06 00:00:00-05:00,49.930667877197266,1.034999966621399,3135.035031880744,33.56341229243335
2020-02-07 00:00:00-05:00,49.871334075927734,0.9524999856948853,3131.309595120873,30.88806836658436
2020-02-10 00:00:00-05:00,51.41866683959961,0.9850000143051147,3228.4631607815386,31.941992902757825
2020-02-11 00:00:00-05:00,51.62533187866211,1.0049999952316284,3241.4391966503044,32.59056065862803
2020-02-12 00:00:00-05:00,51.15266799926758,1.0475000143051147,3211.7616881529016,33.968769072736606
2020-02-13 00:00:00-05:00,53.599998474121094,1.027500033378601,3365.4240984400076,33.320201316866395
2020-02-14 00:00:00-05:00,53.33533477783203,1.0049999952316284,3348.806456521539,32.59056065862803
2020-02-18 00:00:00-05:00,57.22666549682617,1.0149999856948853,3593.134414534928,32.91484453656314
2020-02-19 00:00:00-05:00,61.16133117675781,1.037500023841858,3840.1832778840594,33.6444851948015
2020-02-20 00:00:00-05:00,59.96066665649414,1.034999966621399,3764.7962363603883,33.56341229243335
2020-02-21 00:00:00-05:00,60.06666564941406,1.0099999904632568,3771.4516761987925,32.75270259759559
2020-02-24 00:00:00-05:00,55.58599853515625,0.925000011920929,3490.120603200881,29.99628770226282
2020-02-25 00:00:00-05:00,53.32733154296875,0.8899999856948853,3348.3039512931596,28.861292196605575
2020-02-26 00:00:00-05:00,51.91999816894531,0.8475000262260437,3259.940634384408,27.483085715381385
2020-02-27 00:00:00-05:00,45.266666412353516,0.8675000071525574,2842.1928047951765,28.131653471251596
2020-02-28 00:00:00-05:00,44.53266525268555,0.8999999761581421,2796.106512605781,29.18557607454068
2020-03-02 00:00:00-05:00,49.574668884277344,0.9574999809265137,3112.6826508378317,31.050210305551907
2020-03-03 00:00:00-05:00,49.70066833496094,0.9075000286102295,3120.5938747145547,29.428790915876384
2020-03-04 00:00:00-05:00,49.96666717529297,0.9424999952316284,3137.295347343191,30.563784488649254
2020-03-05 00:00:00-05:00,48.30266571044922,0.9900000095367432,3032.8164147117204,32.104134841725376
2020-03-06 00:00:00-05:00,46.89866638183594,0.9800000190734863,2944.662435062075,31.779850963790274
2020-03-09 00:00:00-04:00,40.53333282470703,0.925000011920929,2544.9973686887356,29.99628770226282
2020-03-10 00:00:00-04:00,43.02199935913086,1.0575000047683716,2701.255177762647,34.29305295067171
2020-03-11 00:00:00-04:00,42.28200149536133,1.034999966621399,2654.7923659264393,33.56341229243335
2020-03-12 00:00:00-04:00,37.369998931884766,0.9950000047683716,2346.3787041853006,32.26627678069293
2020-03-13 00:00:00-04:00,36.44133377075195,1.1475000381469727,2288.0698944533938,37.2116117178564
2020-03-16 00:00:00-04:00,29.67133331298828,1.0924999713897705,1862.9966978933567,35.42804652344457
2020-03-17 00:00:00-04:00,28.68000030517578,1.0575000047683716,1800.753114142473,34.29305295067171
2020-03-18 00:00:00-04:00,24.08133316040039,0.9424999952316284,1512.0130829799032,30.563784488649254
2020-03-19 00:00:00-04:00,28.50933265686035,1.0475000143051147,1790.037273977997,33.968769072736606
2020-03-20 00:00:00-04:00,28.50200080871582,0.9399999976158142,1789.5769236210167,30.48271351916548
2020-03-23 00:00:00-04:00,28.952667236328125,0.9524999856948853,1817.8732612893207,30.88806836658436
2020-03-24 00:00:00-04:00,33.66666793823242,1.0399999618530273,2113.8548287125273,33.72555423140089
2020-03-25 00:00:00-04:00,35.95000076293945,1.0425000190734863,2257.220193111526,33.806627133769055
2020-03-26 00:00:00-04:00,35.21066665649414,1.1024999618530273,2210.799057114087,35.75233040137968
2020-03-27 00:00:00-04:00,34.29066848754883,1.0549999475479126,2153.034428449329,34.21198004830355
2020-03-30 00:00:00-04:00,33.47533416748047,0.9125000238418579,2101.841408912806,29.59093285484394
2020-03-31 00:00:00-04:00,34.93333435058594,0.875,2193.3859815142805,28.37486637970292
2020-04-01 00:00:00-04:00,32.104000091552734,0.8125,2015.7384074665022,26.34809020972414
2020-04-02 00:00:00-04:00,30.29800033569336,0.7124999761581421,1902.3437195341796,23.10524756460434
2020-04-03 00:00:00-04:00,32.000667572021484,0.699999988079071,2009.250389532119,22.69989271718546
2020-04-06 00:00:00-04:00,34.41600036621094,0.7724999785423279,2160.9037369709677,25.050952765099343
2020-04-07 00:00:00-04:00,36.36333465576172,0.8174999952316284,2283.172504365372,26.510232148691692
2020-04-08 00:00:00-04:00,36.589332580566406,0.8525000214576721,2297.3624089173722,27.645227654348936
2020-04-09 00:00:00-04:00,38.20000076293945,0.9725000262260437,2398.4926639520986,31.536638055338944
2020-04-13 00:00:00-04:00,43.39666748046875,1.184999942779541,2724.779751650024,38.427674327228665
2020-04-14 00:00:00-04:00,47.32600021362305,1.4874999523162842,2971.4937711911125,48.23727129918746
2020-04-15 00:00:00-04:00,48.65533447265625,1.3174999952316284,3054.959698011842,42.724441508521934
2020-04-16 00:00:00-04:00,49.680667877197266,1.2575000524520874,3119.338090676236,40.7787382409113
2020-04-17 00:00:00-04:00,50.259334564208984,1.2200000286102295,3155.671278528358,39.56267176577028
2020-04-20 00:00:00-04:00,49.75733184814453,1.402500033378601,3124.1516500540897,45.480858336739075
2020-04-21 00:00:00-04:00,45.781333923339844,1.1950000524520874,2874.5076274344683,38.75196207093253
2020-04-22 00:00:00-04:00,48.807334899902344,1.222499966621399,3064.5034650900106,39.643740802369685
2020-04-23 00:00:00-04:00,47.04199981689453,1.1749999523162842,2953.6620210730944,38.10339044929356
2020-04-24 00:00:00-04:00,48.34333419799805,1.1924999952316284,3035.369898143442,38.67088916856437
2020-04-27 00:00:00-04:00,53.25,1.4550000429153442,3343.448476560222,47.18335062878275
2020-04-28 00:00:00-04:00,51.27466583251953,1.409999966621399,3219.421659415435,45.72406931230603
2020-04-29 00:00:00-04:00,53.367332458496094,1.5099999904632568,3350.8155193697967,48.96691195742582
2020-04-30 00:00:00-04:00,52.12533187866211,1.4325000047683716,3272.8330790593204,46.45370997054439
2020-05-01 00:00:00-04:00,46.75466537475586,1.5125000476837158,2935.620933695971,49.04798485979398
2020-05-04 00:00:00-04:00,50.74599838256836,1.3700000047683716,3186.227811900952,44.42693380056561
2020-05-05 00:00:00-04:00,51.2140007019043,1.347499966621399,3215.6126314617104,43.69729314232724
2020-05-06 00:00:00-04:00,52.172000885009766,1.2324999570846558,3275.7633216541685,39.968024680304794
2020-05-07 00:00:00-04:00,52.00266647338867,1.2174999713897705,3265.1311924417037,39.481598863402134
2020-05-08 00:00:00-04:00,54.62799835205078,1.2450000047683716,3429.9699130084227,40.37338146060805
2020-05-11 00:00:00-04:00,54.08599853515625,1.190000057220459,3395.938955973833,38.58982013196498
2020-05-12 00:00:00-04:00,53.96066665649414,1.1349999904632568,3388.069647452194,36.80625493755315
2020-05-13 00:00:00-04:00,52.73066711425781,1.0525000095367432,3310.840725467972,34.13091101170416
2020-05-14 00:00:00-04:00,53.55533218383789,1.0325000286102295,3362.6196019104123,33.482343255833946
2020-05-15 00:00:00-04:00,53.27799987792969,1.0549999475479126,3345.206526310605,34.21198004830355
2020-05-18 00:00:00-04:00,54.242000579833984,1.1449999809265137,3405.7339756661904,37.13053881548825
2020-05-19 00:00:00-04:00,53.867332458496094,1.1100000143051147,3382.209401778813,35.99554524271538
2020-05-20 00:00:00-04:00,54.37066650390625,1.1074999570846558,3413.8126214469344,35.91447234034723
2020-05-21 00:00:00-04:00,55.17333221435547,1.1100000143051147,3464.210207302119,35.99554524271538
2020-05-22 00:00:00-04:00,54.45866775512695,1.0449999570846558,3419.3380233122725,33.88769617036845
2020-05-26 00:00:00-04:00,54.591331481933594,1.1050000190734863,3427.6676821908914,35.83340330374783
2020-05-27 00:00:00-04:00,54.68199920654297,1.1725000143051147,3433.360505960251,38.02232141269417
2020-05-28 00:00:00-04:00,53.72066879272461,1.0824999809265137,3373.0007180250027,35.10376264550947
2020-05-29 00:00:00-04:00,55.66666793823242,1.0149999856948853,3495.185654709239,32.91484453656314
2020-06-01 00:00:00-04:00,59.87333297729492,1.0325000286102295,3759.312749850134,33.482343255833946
2020-06-02 00:00:00-04:00,58.770668029785156,1.0449999570846558,3690.0788824528026,33.88769617036845
2020-06-03 00:00:00-04:00,58.86399841308594,1.1100000143051147,3695.9388886098695,35.99554524271538
2020-06-04 00:00:00-04:00,57.62533187866211,1.1174999475479126,3618.1657855584986,36.23875621828233
2020-06-05 00:00:00-04:00,59.04399871826172,1.034999966621399,3707.2407054384203,33.56341229243335
2020-06-08 00:00:00-04:00,63.327999114990234,1.252500057220459,3976.2235148285677,40.61659630194375
2020-06-09 00:00:00-04:00,62.711334228515625,1.2400000095367432,3937.5045049650607,40.21123952164049
2020-06-10 00:00:00-04:00,68.336669921875,1.2675000429153442,4290.706759502192,41.10302211884641
2020-06-11 00:00:00-04:00,64.85600280761719,1.0924999713897705,4072.1634513223134,35.42804652344457
2020-06-12 00:00:00-04:00,62.35200119018555,1.1799999475479126,3914.942786663043,38.265532388261114
2020-06-15 00:00:00-04:00,66.05999755859375,1.1725000143051147,4147.759590588776,38.02232141269417
2020-06-16 00:00:00-04:00,65.47533416748047,1.159999966621399,4111.049883089841,37.6169646323909
2020-06-17 00:00:00-04:00,66.11933135986328,1.190000057220459,4151.485027348646,38.58982013196498
2020-06-18 00:00:00-04:00,66.9306640625,1.2374999523162842,4202.426794270979,40.13016661927234
2020-06-19 00:00:00-04:00,66.72666931152344,1.2200000286102295,4189.61841982255,39.56267176577028
2020-06-22 00:00:00-04:00,66.28800201416016,1.2174999713897705,4162.075480722342,39.481598863402134
2020-06-23 00:00:00-04:00,66.78533172607422,1.2074999809265137,4193.301701711022,39.15731498546703
2020-06-24 00:00:00-04:00,64.0566635131836,1.1024999618530273,4021.974723693605,35.75233040137968
2020-06-25 00:00:00-04:00,65.73200225830078,1.1150000095367432,4127.16549881256,36.15768718168294
2020-06-26 00:00:00-04:00,63.982666015625,1.087499976158142,4017.328586219773,35.26590458447702
2020-06-29 00:00:00-04:00,67.29000091552734,1.0950000286102295,4224.988752089312,35.50911942581273
2020-06-30 00:00:00-04:00,71.98733520507812,1.0850000381469727,4519.923872733305,35.184835547877626
2020-07-01 00:00:00-04:00,74.64199829101562,1.1100000143051147,4686.6042342442615,35.99554524271538
2020-07-02 00:00:00-04:00,80.57733154296875,1.0724999904632568,5059.270542584541,34.77947876757436
2020-07-06 00:00:00-04:00,91.43866729736328,1.059999942779541,5741.229537541151,34.3741219872711
2020-07-07 00:00:00-04:00,92.65733337402344,1.0225000381469727,5817.746856554203,33.15805937789884
2020-07-08 00:00:00-04:00,91.05867004394531,1.065000057220459,5717.370359362045,34.536267792007415
2020-07-09 00:00:00-04:00,92.9520034790039,1.0525000095367432,5836.248533804621,34.13091101170416
2020-07-10 00:00:00-04:00,102.97666931152344,1.0850000381469727,6465.674894476223,35.184835547877626
2020-07-13 00:00:00-04:00,99.80400085449219,1.065000057220459,6266.470133550555,34.536267792007415
2020-07-14 00:00:00-04:00,101.12000274658203,1.0199999809265137,6349.0989508511775,33.07698647553069
2020-07-15 00:00:00-04:00,103.06732940673828,1.0475000143051147,6471.367239212952,33.968769072736606
2020-07-16 00:00:00-04:00,100.04266357421875,1.0425000190734863,6281.455232267578,33.806627133769055
2020-07-17 00:00:00-04:00,100.05599975585938,0.9900000095367432,6282.292581304,32.104134841725376
2020-07-20 00:00:00-04:00,109.53333282470703,0.9624999761581421,6877.353141132967,31.212352244519458
2020-07-21 00:00:00-04:00,104.55733489990234,1.002500057220459,6564.921353695314,32.509491622028634
2020-07-22 00:00:00-04:00,106.15533447265625,1.027500033378601,6665.256175048702,33.320201316866395
2020-07-23 00:00:00-04:00,100.87133026123047,1.027500033378601,6333.4853613242085,33.320201316866395
2020-07-24 00:00:00-04:00,94.46666717529297,1.0075000524520874,5931.350881745631,32.67163356099619
2020-07-27 00:00:00-04:00,102.63999938964844,1.002500057220459,6444.536142600229,32.509491622028634
2020-07-28 00:00:00-04:00,98.43267059326172,0.9850000143051147,6180.367371620565,31.941992902757825
2020-07-29 00:00:00-04:00,99.94066619873047,1.0149999856948853,6275.051045043363,32.91484453656314
2020-07-30 00:00:00-04:00,99.16600036621094,1.024999976158142,6226.411508938562,33.23912841449824
2020-07-31 00:00:00-04:00,95.38400268554688,1.002500057220459,5988.948328022682,32.509491622028634
2020-08-03 00:00:00-04:00,99.0,1.037500023841858,6215.988716985202,33.6444851948015
2020-08-04 00:00:00-04:00,99.13333129882812,1.1074999570846558,6224.360291218905,35.91447234034723
2020-08-05 00:00:00-04:00,99.00133514404297,1.1575000286102295,6216.07254769537,37.53589559579151
2020-08-06 00:00:00-04:00,99.30533599853516,1.1074999570846558,6235.160081851706,35.91447234034723
2020-08-07 00:00:00-04:00,96.84733581542969,1.0399999618530273,6080.8277444322,33.72555423140089
2020-08-10 00:00:00-04:00,94.57133483886719,1.0824999809265137,5937.922730390183,35.10376264550947
2020-08-11 00:00:00-04:00,91.6259994506836,1.087499976158142,5752.991704726682,35.26590458447702
2020-08-12 00:00:00-04:00,103.65066528320312,1.1299999952316284,6507.993595034348,36.64411299858559
2020-08-13 00:00:00-04:00,108.06666564941406,1.159999966621399,6785.2643874643445,37.6169646323909
2020-08-14 00:00:00-04:00,110.04733276367188,1.1875,6909.626048417175,38.50874722959682
2020-08-17 00:00:00-04:00,122.3759994506836,1.1575000286102295,7683.7154728811765,37.53589559579151
2020-08-18 00:00:00-04:00,125.80599975585938,1.2024999856948853,7899.077525368332,38.995173046499474
2020-08-19 00:00:00-04:00,125.23533630371094,1.1799999475479126,7863.24684274459,38.265532388261114
2020-08-20 00:00:00-04:00,133.45533752441406,1.152500033378601,8379.362346194037,37.37375365682396
2020-08-21 00:00:00-04:00,136.6653289794922,1.2575000524520874,8580.910534743376,40.7787382409113
2020-08-24 00:00:00-04:00,134.27999877929688,1.2174999713897705,8431.140983120164,39.481598863402134
2020-08-25 00:00:00-04:00,134.8893280029297,1.2450000047683716,8469.399403110374,40.37338146060805
2020-08-26 00:00:00-04:00,143.54466247558594,1.277500033378601,9012.848508400923,41.42730599678151
2020-08-27 00:00:00-04:00,149.25,1.3125,9371.073899091327,42.562299569554376
2020-08-28 00:00:00-04:00,147.55999755859375,1.347499966621399,9264.962423258412,43.69729314232724
2020-08-31 00:00:00-04:00,166.10667419433594,1.6699999570846558,10429.466794019487,54.155457870156255
2020-09-01 00:00:00-04:00,158.35000610351562,1.912500023841858,9942.442942161526,62.01935157450442
2020-09-02 00:00:00-04:00,149.1233367919922,1.9275000095367432,9363.120999375837,62.50577739140708
2020-09-03 00:00:00-04:00,135.6666717529297,1.9550000429153442,8518.207079668142,63.397559988613
2020-09-04 00:00:00-04:00,139.44000244140625,1.912500023841858,8755.126079516871,62.01935157450442
2020-09-08 00:00:00-04:00,110.06999969482422,1.9249999523162842,6911.0492543595155,62.424704489038916
2020-09-09 00:00:00-04:00,122.09333038330078,1.837499976158142,7665.967313957011,59.58721862422238
2020-09-10 00:00:00-04:00,123.77999877929688,1.5575000047683716,7771.869452530822,50.50726231050194
2020-09-11 00:00:00-04:00,124.23999786376953,1.5225000381469727,7800.751766863202,49.37226873772909
2020-09-14 00:00:00-04:00,139.8733367919922,1.7274999618530273,8782.334174809035,56.02009210116747
2020-09-15 00:00:00-04:00,149.9199981689453,1.7725000381469727,9413.141586551577,57.47937341764421
2020-09-16 00:00:00-04:00,147.25332641601562,2.1700000762939453,9245.707227681738,70.36967109575525
2020-09-17 00:00:00-04:00,141.14332580566406,2.299999952316284,8862.07394632095,74.5853615089116
2020-09-18 00:00:00-04:00,147.38333129882812,2.367500066757202,9253.869943688966,76.77428348362669
2020-09-21 00:00:00-04:00,149.79666137695312,2.1875,9405.397545062562,70.93716594925729
2020-09-22 00:00:00-04:00,141.41000366210938,2.640000104904175,8878.818052853616,85.61102882178018
2020-09-23 00:00:00-04:00,126.78666687011719,2.509999990463257,7960.651421503131,81.3953306770863
2020-09-24 00:00:00-04:00,129.26333618164062,2.2850000858306885,8116.155951767102,74.0989395577777
2020-09-25 00:00:00-04:00,135.77999877929688,2.505000114440918,8525.322630347211,81.2331926038875
2020-09-28 00:00:00-04:00,140.39999389648438,2.5225000381469727,8815.401797225637,81.80068745738957
2020-09-29 00:00:00-04:00,139.69000244140625,2.5875000953674316,8770.82302072138,83.9085365297365
2020-09-30 00:00:00-04:00,143.00332641601562,2.549999952316284,8978.859227205103,82.69246618882671
2020-10-01 00:00:00-04:00,149.3866729736328,2.442500114440918,9379.655289616765,79.20641643390873
2020-10-02 00:00:00-04:00,138.3633270263672,2.3475000858306885,8687.524036772042,76.12571572775649
2020-10-05 00:00:00-04:00,141.89332580566406,2.365000009536743,8909.164769934474,76.69321058125854
2020-10-06 00:00:00-04:00,137.9933319091797,2.2825000286102295,8664.292870370253,74.01786665540955
2020-10-07 00:00:00-04:00,141.76666259765625,2.3399999141693115,8901.211870218982,75.88249702065201
2020-10-08 00:00:00-04:00,141.97332763671875,3.372499942779541,8914.187906087749,109.36484027648596
2020-10-09 00:00:00-04:00,144.6666717529297,3.005000114440918,9083.296963030432,97.44740196371775
2020-10-12 00:00:00-04:00,147.43333435058594,2.950000047683716,9257.00952354292,95.66383676930592
2020-10-13 00:00:00-04:00,148.88333129882812,2.9700000286102295,9348.051590916015,96.31240452517613
2020-10-14 00:00:00-04:00,153.76666259765625,3.0625,9654.665048035371,99.31203232896021
2020-10-15 00:00:00-04:00,149.6266632080078,3.4574999809265137,9394.723740011328,112.1212571047031
2020-10-16 00:00:00-04:00,146.55667114257812,3.327500104904175,9201.965800213902,107.90556669154677
2020-10-19 00:00:00-04:00,143.61000061035156,3.4774999618530273,9016.950943840237,112.76982486057332
2020-10-20 00:00:00-04:00,140.64666748046875,3.4649999141693115,8830.88988020367,112.36446808027006
2020-10-21 00:00:00-04:00,140.8800048828125,3.5250000953674316,8845.54061414528,114.3101790794182
2020-10-22 00:00:00-04:00,141.92999267578125,3.7274999618530273,8911.467000752005,120.87692954048843
2020-10-23 00:00:00-04:00,140.2100067138672,3.75,8803.47292668503,121.6065701987268
2020-10-26 00:00:00-04:00,140.0933380126953,3.362499952316284,8796.147559714223,109.04055639855086
2020-10-27 00:00:00-04:00,141.55999755859375,3.172499895095825,8888.235834350218,102.87915498624636
2020-10-28 00:00:00-04:00,135.33999633789062,2.9549999237060547,8497.695860536835,95.8259748425047
2020-10-29 00:00:00-04:00,136.94332885742188,2.932499885559082,8598.365525698267,95.09633418426635
2020-10-30 00:00:00-04:00,129.34666442871094,2.617500066757202,8121.387946146852,84.88138816354181
2020-11-02 00:00:00-05:00,133.50332641601562,2.6875,8382.375461433794,87.15137530908754
2020-11-03 00:00:00-05:00,141.3000030517578,2.8924999237060547,8871.911360401022,93.79919867252593
2020-11-04 00:00:00-05:00,140.32666015625,2.7274999618530273,8810.797335590576,88.44851082082795
2020-11-05 00:00:00-05:00,146.02999877929688,2.862499952316284,9168.897219732042,92.82634703872063
2020-11-06 00:00:00-05:00,143.31666564941406,2.9649999141693115,8998.533097299985,96.15025872043982
2020-11-09 00:00:00-05:00,140.4199981689453,2.872499942779541,8816.657820780272,93.15063091665573
2020-11-10 00:00:00-05:00,136.7866668701172,2.7750000953674316,8588.529069683455,89.98886503967285
2020-11-11 00:00:00-05:00,139.0433349609375,2.9375,8730.220215042238,95.25847998900267
2020-11-12 00:00:00-05:00,137.25332641601562,2.7825000286102295,8617.829579501415,90.2320760152398
2020-11-13 00:00:00-05:00,136.1666717529297,2.752500057220459,8549.600962077157,89.25922438143448
2020-11-16 00:00:00-05:00,136.02999877929688,3.015000104904175,8541.019571551718,97.77168584165285
2020-11-17 00:00:00-05:00,147.20333862304688,2.9075000286102295,9242.568605893044,94.28562835519735
2020-11-18 00:00:00-05:00,162.2133331298828,2.8924999237060547,10185.012610908218,93.79919867252593
2020-11-19 00:00:00-05:00,166.42333984375,3.115000009536743,10449.349522340848,101.01452462100389
2020-11-20 00:00:00-05:00,163.20333862304688,3.177500009536743,10247.172842981561,103.04130079098269
2020-11-23 00:00:00-05:00,173.9499969482422,3.4749999046325684,10921.931498483675,112.68875195820516
2020-11-24 00:00:00-05:00,185.1266632080078,3.4175000190734863,11623.689391051475,110.82412159296268
2020-11-25 00:00:00-05:00,191.3333282470703,3.6875,12013.392015828435,119.57979402874803
2020-11-27 00:00:00-05:00,195.25332641601562,4.019999980926514,12259.519938947291,130.3622426345121
2020-11-30 00:00:00-05:00,189.1999969482422,4.139999866485596,11879.444911958668,134.2536491697334
2020-12-01 00:00:00-05:00,194.9199981689453,3.950000047683716,12238.591003363033,128.0922554889664
2020-12-02 00:00:00-05:00,189.60667419433594,4.144999980926514,11904.979267243247,134.4157949744697
2020-12-03 00:00:00-05:00,197.7933349609375,4.03000020980835,12419.00139810164,130.68653424398477
2020-12-04 00:00:00-05:00,199.67999267578125,4.224999904632568,12537.460418993374,137.0100659979505
2020-12-07 00:00:00-05:00,213.9199981689453,4.087500095367432,13431.558534905647,132.55116460922721
2020-12-08 00:00:00-05:00,216.6266632080078,4.235000133514404,13601.503982819495,137.33435760742313
2020-12-09 00:00:00-05:00,201.4933319091797,3.4149999618530273,12651.315936315306,110.74304869059455
2020-12-10 00:00:00-05:00,209.02333068847656,3.5299999713897705,13124.107728749868,114.47231715261698
2020-12-11 00:00:00-05:00,203.3300018310547,3.327500104904175,12766.636335418347,107.90556669154677
2020-12-14 00:00:00-05:00,213.27667236328125,3.180000066757202,13391.165545518243,103.12237369335082
2020-12-15 00:00:00-05:00,211.0833282470703,3.4625000953674316,13253.450370984576,112.28340290943942
2020-12-16 00:00:00-05:00,207.58999633789062,3.4625000953674316,13034.111868639673,112.28340290943942
2020-12-17 00:00:00-05:00,218.63333129882812,3.7074999809265137,13727.49818697377,120.22836178461822
2020-12-18 00:00:00-05:00,231.6666717529297,3.9075000286102295,14545.832502199246,126.71404707485783
2020-12-21 00:00:00-05:00,216.6199951171875,3.882499933242798,13601.085308301284,125.90333351425132
2020-12-22 00:00:00-05:00,213.44667053222656,4.864999771118164,13401.839350569477,157.76424964887224
2020-12-23 00:00:00-05:00,215.32666015625,5.142499923706055,13519.879696943002,166.76314079176203
2020-12-24 00:00:00-05:00,220.58999633789062,5.037499904632568,13850.352811274093,163.35815620767465
2020-12-28 00:00:00-05:00,221.22999572753906,5.247499942779541,13890.536942435023,170.16812537584937
2020-12-29 00:00:00-05:00,221.99667358398438,4.84499979019165,13938.674931376703,157.11568189300203
2020-12-30 00:00:00-05:00,231.5933380126953,4.815000057220459,14541.228040564183,156.1428379907342
2020-12-31 00:00:00-05:00,235.22332763671875,4.710000038146973,14769.146975369264,152.73785340664688
2021-01-04 00:00:00-05:00,243.2566680908203,4.3125,15273.54246650458,139.8475557285358
2021-01-05 00:00:00-05:00,245.0366668701172,4.34250020980835,15385.304611235455,140.82041509387864
2021-01-06 00:00:00-05:00,251.9933319091797,4.590000152587891,15822.098059625941,148.8464468714256
2021-01-07 00:00:00-05:00,272.0133361816406,4.519999980926514,17079.10937954122,146.57645199434236
2021-01-08 00:00:00-05:00,293.3399963378906,4.422500133514404,18418.162701785946,143.41468611735948
2021-01-11 00:00:00-05:00,270.39666748046875,4.985000133514404,16977.602365343366,161.6556716471685
2021-01-12 00:00:00-05:00,283.14666748046875,4.987500190734863,17778.14636677328,161.73674454953667
2021-01-13 00:00:00-05:00,284.8033447265625,7.849999904632568,17882.1654280804,254.56308385671974
2021-01-14 00:00:00-05:00,281.6666564941406,9.977499961853027,17685.219785035606,323.5545465383665
2021-01-15 00:00:00-05:00,275.38665771484375,8.875,17290.912698623582,287.8022161369868
2021-01-19 00:00:00-05:00,281.51666259765625,9.84000015258789,17675.802003539004,319.09564514964313
2021-01-20 00:00:00-05:00,283.48333740234375,9.779999732971191,17799.28511864927,317.1499264189575
2021-01-21 00:00:00-05:00,281.663330078125,10.757499694824219,17685.010926809126,348.8487044803796
2021-01-22 00:00:00-05:00,282.21331787109375,16.252500534057617,17719.543431006838,527.042892559926
2021-01-25 00:00:00-05:00,293.6000061035156,19.197500228881836,18434.4881338004,622.5445757929581
2021-01-26 00:00:00-05:00,294.36334228515625,36.994998931884766,18482.41630645035,1199.6893158965515
2021-01-27 00:00:00-05:00,288.0533447265625,86.87750244140625,18086.225663739002,2817.3000264882476
2021-01-28 00:00:00-05:00,278.4766540527344,48.400001525878906,17484.92666197564,1569.5355155134073
2021-01-29 00:00:00-05:00,264.510009765625,81.25,16607.9922851795,2634.809020972414
2021-02-01 00:00:00-05:00,279.9366760253906,56.25,17576.59817822394,1824.098552980902
2021-02-02 00:00:00-05:00,290.92999267578125,22.5,18266.843958638823,729.6394211923608
2021-02-03 00:00:00-05:00,284.89666748046875,23.102500915527344,17888.024955204837,749.1775731600603
2021-02-04 00:00:00-05:00,283.3299865722656,13.375,17789.656562795677,433.73010037545896
2021-02-05 00:00:00-05:00,284.07666015625,15.942500114440918,17836.538528182726,516.9900691493252
2021-02-08 00:00:00-05:00,287.8066711425781,15.0,18070.73758076097,486.4262807949072
2021-02-09 00:00:00-05:00,283.1533203125,12.577500343322754,17778.564083226232,407.86844757994373
2021-02-10 00:00:00-05:00,268.2733459472656,12.800000190734863,16844.283752283543,415.0837657968841
2021-02-11 00:00:00-05:00,270.5533447265625,12.774999618530273,16987.439779423436,414.27303677320265
2021-02-12 00:00:00-05:00,272.0400085449219,13.100000381469727,17080.784077614062,424.81229759801226
2021-02-16 00:00:00-05:00,265.40667724609375,12.3774995803833,16664.29203206315,401.3827390950916
2021-02-17 00:00:00-05:00,266.04998779296875,11.484999656677246,16704.6840633853,372.4403778618866
2021-02-18 00:00:00-05:00,262.4599914550781,10.172499656677246,16479.276217624225,329.8780782923322
2021-02-19 00:00:00-05:00,260.4333190917969,10.147500038146973,16352.025989915315,329.0673801948007
2021-02-22 00:00:00-05:00,238.1666717529297,11.5,14953.952973516456,372.9268152760955
2021-02-23 00:00:00-05:00,232.94667053222656,11.242500305175781,14626.200764521107,364.576507352151
2021-02-24 00:00:00-05:00,247.33999633789062,22.927499771118164,15529.92552015646,743.5025627727397
2021-02-25 00:00:00-05:00,227.4066619873047,27.1825008392334,14278.356010912663,881.4855190621831
2021-02-26 00:00:00-05:00,225.1666717529297,25.434999465942383,14137.712030882036,824.8168128159202
2021-03-01 00:00:00-05:00,239.47666931152344,30.100000381469727,15036.204792137638,976.0954158322404
2021-03-02 00:00:00-05:00,228.81333923339844,29.545000076293945,14366.678131015275,958.0976335464609
2021-03-03 00:00:00-05:00,217.73333740234375,31.045000076293945,13670.989581863645,1006.7402616259516
2021-03-04 00:00:00-05:00,207.14666748046875,33.087501525878906,13006.276240602821,1072.9753538686061
2021-03-05 00:00:00-05:00,199.31666564941406,34.435001373291016,12514.647927109796,1116.6726431451646
2021-03-08 00:00:00-05:00,187.6666717529297,48.625,11783.170850205823,1576.8318602434908
2021-03-09 00:00:00-05:00,224.52667236328125,61.724998474121094,14097.527899721106,2001.644095989203
2021-03-10 00:00:00-05:00,222.68666076660156,66.25,13981.99768432633,2148.382740177507
2021-03-11 00:00:00-05:00,233.1999969482422,65.0,14642.106563952091,2107.8472167779314
2021-03-12 00:00:00-05:00,231.2433319091797,66.125,14519.25193965177,2144.3291878375494
2021-03-15 00:00:00-04:00,235.97999572753906,55.03499984741211,14816.656473501002,1784.6980192883304
2021-03-16 00:00:00-04:00,225.6266632080078,52.04249954223633,14166.593866181785,1687.6559663733788
2021-03-17 00:00:00-04:00,233.93666076660156,52.45249938964844,14688.360038529194,1700.9516131002551
2021-03-18 00:00:00-04:00,217.72000122070312,50.4375,13670.152232827224,1635.6083691728757
2021-03-19 00:00:00-04:00,218.2899932861328,50.067501068115234,13705.940760579566,1623.6098888838892
2021-03-22 00:00:00-04:00,223.3333282470703,48.622501373291016,14022.60049000547,1576.7508337303477
2021-03-23 00:00:00-04:00,220.72000122070312,45.4375,13858.51552728132,1473.466275574573
2021-03-24 00:00:00-04:00,210.08999633789062,30.084999084472656,13191.081280684753,975.6089474918815
2021-03-25 00:00:00-04:00,213.4633331298828,45.9375,13402.885557832375,1489.6804849344032
2021-03-26 00:00:00-04:00,206.23666381835938,45.25,12949.13914468275,1467.3859470646366
2021-03-29 00:00:00-04:00,203.76333618164062,45.32500076293945,12793.844430710513,1469.8181032095313
2021-03-30 00:00:00-04:00,211.8733367919922,48.6150016784668,13303.053241707366,1576.5076304863185
2021-03-31 00:00:00-04:00,222.64332580566406,47.45500183105469,13979.276778990587,1538.8906697196962
2021-04-01 00:00:00-04:00,220.5833282470703,47.86249923706055,13849.934136755883,1552.1051662288296
2021-04-05 00:00:00-04:00,230.35000610351562,46.73749923706055,14463.162009059855,1515.6231951692116
2021-04-06 00:00:00-04:00,230.5399932861328,46.125,14475.090879600464,1495.7608134443396
2021-04-07 00:00:00-04:00,223.6566619873047,44.49250030517578,14042.90189284504,1442.821429780862
2021-04-08 00:00:00-04:00,227.93333435058594,42.564998626708984,14311.424591394523,1380.3155982686922
2021-04-09 00:00:00-04:00,225.67333984375,39.59000015258789,14169.524587809263,1283.8411020595424
2021-04-12 00:00:00-04:00,233.9933319091797,35.272499084472656,14691.918292901357,1143.8313696001203
2021-04-13 00:00:00-04:00,254.10667419433594,35.247501373291016,15954.790098006333,1143.020733354889
2021-04-14 00:00:00-04:00,244.07666015625,41.63249969482422,15325.027935461432,1350.076132449897
2021-04-15 00:00:00-04:00,246.28334045410156,39.11000061035156,15463.580459031518,1268.2754759186573
2021-04-16 00:00:00-04:00,246.5933380126953,38.67250061035156,15483.04451283467,1254.088042728806
2021-04-19 00:00:00-04:00,238.2100067138672,41.092498779296875,14956.6738788522,1332.5647566521764
2021-04-20 00:00:00-04:00,239.663330078125,39.63249969482422,15047.92480445177,1285.219295010576
2021-04-21 00:00:00-04:00,248.0399932861328,39.627498626708984,15573.87676391603,1285.0571182796896
2021-04-22 00:00:00-04:00,239.89666748046875,37.79249954223633,15062.575538393381,1225.5509996182166
2021-04-23 00:00:00-04:00,243.13333129882812,37.79499816894531,15265.798425015564,1225.6320261313597
2021-04-26 00:00:00-04:00,246.06666564941406,42.23249816894531,15449.975932352809,1369.5331341998533
2021-04-27 00:00:00-04:00,234.913330078125,44.442501068115234,14749.682921566116,1441.200033585799
2021-04-28 00:00:00-04:00,231.46665954589844,44.64500045776367,14533.274182783432,1447.7667685837941
2021-04-29 00:00:00-04:00,225.6666717529297,44.04750061035156,14169.10591329105,1428.3907933469811
2021-04-30 00:00:00-04:00,236.47999572753906,43.397499084472656,14848.050355910016,1407.3122716973617
2021-05-03 00:00:00-04:00,228.3000030517578,40.54999923706055,14334.446899569835,1314.9723543413124
2021-05-04 00:00:00-04:00,224.53334045410156,40.182498931884766,14097.946574239317,1303.054900565469
2021-05-05 00:00:00-04:00,223.64666748046875,39.869998931884766,14042.274360100353,1292.9210197155753
2021-05-06 00:00:00-04:00,221.17999267578125,40.252498626708984,13887.397362581069,1305.3248799794774
2021-05-07 00:00:00-04:00,224.1233367919922,40.27750015258789,14072.203360728261,1306.135639929309
2021-05-10 00:00:00-04:00,209.67999267578125,35.80500030517578,13165.338067173698,1161.0995421538116
2021-05-11 00:00:00-04:00,205.73333740234375,36.72999954223633,12917.536404047258,1191.0958047285774
2021-05-12 00:00:00-04:00,196.6300048828125,36.1974983215332,12345.958502750582,1173.827632174886
2021-05-13 00:00:00-04:00,190.56333923339844,41.125,11965.046126725536,1333.6187198460373
2021-05-14 00:00:00-04:00,196.5800018310547,39.97999954223633,12342.81892289663,1296.488165567474
2021-05-17 00:00:00-04:00,192.27667236328125,45.150001525878906,12072.622484339563,1464.143154674511
2021-05-18 00:00:00-04:00,192.6233367919922,45.16749954223633,12094.388768960242,1464.7105876757128
2021-05-19 00:00:00-04:00,187.82000732421875,42.20750045776367,11792.79844799416,1368.7224979546218
2021-05-20 00:00:00-04:00,195.5933380126953,42.622501373291016,12280.86850711502,1382.180321412385
2021-05-21 00:00:00-04:00,193.6266632080078,44.1974983215332,12157.385392004751,1433.25498193217
2021-05-24 00:00:00-04:00,202.14666748046875,45.002498626708984,12692.337416512659,1459.3598688978648
2021-05-25 00:00:00-04:00,201.56333923339844,52.35749816894531,12655.711539723892,1697.8708737364154
2021-05-26 00:00:00-04:00,206.3766632080078,60.63999938964844,12957.929393434662,1966.4592913674755
2021-05-27 00:00:00-04:00,210.28334045410156,63.532501220703125,13203.220925582355,2060.2585518923015
2021-05-28 00:00:00-04:00,208.4066619873047,55.5,13085.388479370047,1799.7772389411566
2021-06-01 00:00:00-04:00,207.96665954589844,62.255001068115234,13057.761709559674,2018.8312420297514
2021-06-02 00:00:00-04:00,201.7066650390625,70.55999755859375,12664.710646702284,2288.1491456882995
2021-06-03 00:00:00-04:00,190.94667053222656,64.54499816894531,11989.11464216375,2093.092226882278
2021-06-04 00:00:00-04:00,199.68333435058594,62.09000015258789,12537.67023528511,2013.4805232519032
2021-06-07 00:00:00-04:00,201.7100067138672,70.00250244140625,12664.920462994018,2270.070460593977
2021-06-08 00:00:00-04:00,201.19667053222656,75.0,12632.689231548578,2432.131403974536
2021-06-09 00:00:00-04:00,199.5933380126953,75.63999938964844,12532.01956638715,2452.8855721623827
2021-06-10 00:00:00-04:00,203.3733367919922,55.09749984741211,12769.35724075409,1786.7247954583092
2021-06-11 00:00:00-04:00,203.29666137695312,58.334999084472656,12764.542962827292,1891.71177632229
2021-06-14 00:00:00-04:00,205.89666748046875,57.36000061035156,12927.79153458028,1860.094117552461
2021-06-15 00:00:00-04:00,199.7866668701172,55.625,12544.158253219493,1803.8307912811142
2021-06-16 00:00:00-04:00,201.6233367919922,55.74250030517578,12659.478652322534,1807.6411403770421
2021-06-17 00:00:00-04:00,205.53334045410156,55.897499084472656,12904.979042696703,1812.6675056931176
2021-06-18 00:00:00-04:00,207.77000427246094,53.45500183105469,13045.414164500851,1733.461182037659
2021-06-21 00:00:00-04:00,206.94332885742188,50.092498779296875,12993.50906296053,1624.4205251291205
2021-06-22 00:00:00-04:00,207.90333557128906,55.099998474121094,13053.785738734556,1786.8058219714524
2021-06-23 00:00:00-04:00,218.85667419433594,54.834999084472656,13741.521388170693,1778.2123108034784
2021-06-24 00:00:00-04:00,226.60667419433594,53.07749938964844,14228.126565510445,1721.2193748000432
2021-06-25 00:00:00-04:00,223.9566650390625,52.377498626708984,14061.738413903504,1698.5194569553605
2021-06-28 00:00:00-04:00,229.57333374023438,53.3125,14414.396487373486,1728.8400729918994
2021-06-29 00:00:00-04:00,226.9199981689453,52.720001220703125,14247.799477540068,1709.6262744859725
2021-06-30 00:00:00-04:00,226.56666564941406,53.53499984741211,14225.614518401178,1736.0553912088399
2021-07-01 00:00:00-04:00,225.97332763671875,51.09000015258789,14188.360150802468,1656.7679173356378
2021-07-02 00:00:00-04:00,226.3000030517578,50.70750045776367,14208.871369933771,1644.364057071736
2021-07-06 00:00:00-04:00,219.86000061035156,49.88999938964844,13804.518011215203,1617.8537901311252
2021-07-07 00:00:00-04:00,214.88333129882812,47.665000915527344,13492.044068906147,1545.7006079617208
2021-07-08 00:00:00-04:00,217.60333251953125,47.845001220703125,13662.826865856417,1551.5377332276278
2021-07-09 00:00:00-04:00,218.98333740234375,47.807498931884766,13749.474287886183,1550.3215933028803
2021-07-12 00:00:00-04:00,228.56666564941406,47.3125,14351.190048037242,1534.2695606739364
2021-07-13 00:00:00-04:00,222.84666442871094,45.01499938964844,13992.043956632875,1459.7652488727806
2021-07-14 00:00:00-04:00,217.7933349609375,41.904998779296875,13674.756694462287,1358.9128468619003
2021-07-15 00:00:00-04:00,216.86666870117188,41.70500183105469,13616.573391279315,1352.4272620816485
2021-07-16 00:00:00-04:00,214.74000549316406,42.2599983215332,13483.04496192776,1370.4249206628278
2021-07-19 00:00:00-04:00,215.4066619873047,43.372501373291016,13524.902833096274,1406.5016354521304
2021-07-20 00:00:00-04:00,220.1666717529297,47.79499816894531,13823.773206791875,1549.9162133279644
2021-07-21 00:00:00-04:00,218.42999267578125,46.45249938964844,13714.73100933148,1506.3811007822924
2021-07-22 00:00:00-04:00,216.4199981689453,44.712501525878906,13588.527946950728,1449.9557214846593
2021-07-23 00:00:00-04:00,214.4600067138672,45.09000015258789,13465.46446442393,1462.1974050176752
2021-07-26 00:00:00-04:00,219.2066650390625,45.98500061035156,13763.49653101785,1491.220854616323
2021-07-27 00:00:00-04:00,214.92666625976562,44.6349983215332,13494.764974241893,1447.4424151220214
2021-07-28 00:00:00-04:00,215.66000366210938,42.279998779296875,13540.809590592517,1371.0735038817731
2021-07-29 00:00:00-04:00,225.78334045410156,41.21500015258789,14176.431280261857,1336.5372824789906
2021-07-30 00:00:00-04:00,229.06666564941406,40.279998779296875,14382.583930446259,1306.216666442452
2021-08-02 00:00:00-04:00,236.55667114257812,39.412498474121094,14852.864633836813,1278.0850033067786
2021-08-03 00:00:00-04:00,236.5800018310547,38.1875,14854.329515617923,1238.3602398570347
2021-08-04 00:00:00-04:00,236.97332763671875,36.70000076293945,14879.02556380082,1190.1229917524597
2021-08-05 00:00:00-04:00,238.2100067138672,38.36000061035156,14956.6738788522,1243.9541618789121
2021-08-06 00:00:00-04:00,233.03334045410156,37.942501068115234,14631.642575192593,1230.4153119080058
2021-08-09 00:00:00-04:00,237.9199981689453,40.282501220703125,14938.464890538424,1306.2978166601954
2021-08-10 00:00:00-04:00,236.663330078125,39.76250076293945,14859.561509997673,1289.43502408142
2021-08-11 00:00:00-04:00,235.94000244140625,39.69499969482422,14814.145384456991,1287.2460711805547
2021-08-12 00:00:00-04:00,240.75,40.587501525878906,15116.154379941287,1316.18849426606
2021-08-13 00:00:00-04:00,239.05667114257812,40.630001068115234,15009.834045881893,1317.5666872170934
2021-08-16 00:00:00-04:00,228.72332763671875,40.98249816894531,14361.026504052055,1328.9976108002775
2021-08-17 00:00:00-04:00,221.90333557128906,40.88750076293945,13932.814446187009,1325.916995141038
2021-08-18 00:00:00-04:00,229.663330078125,39.26250076293945,14420.047156271445,1273.2208147215897
2021-08-19 00:00:00-04:00,224.49000549316406,38.224998474121094,14095.225668903575,1239.5762560771818
2021-08-20 00:00:00-04:00,226.75332641601562,39.82500076293945,14237.33453071531,1291.4618002513987
2021-08-23 00:00:00-04:00,235.43333435058594,41.22249984741211,14782.332827529766,1336.78048572302
2021-08-24 00:00:00-04:00,236.163330078125,52.5724983215332,14828.167627588655,1704.8429887093264
2021-08-25 00:00:00-04:00,237.06666564941406,49.912498474121094,14884.886048990518,1618.5833998632138
2021-08-26 00:00:00-04:00,233.72000122070312,51.30500030517578,14674.756469915741,1663.740032308549
2021-08-27 00:00:00-04:00,237.30667114257812,51.23749923706055,14899.955457450338,1661.5510794076836
2021-08-30 00:00:00-04:00,243.6366729736328,52.29999923706055,15297.402123716312,1696.0062742973232
2021-08-31 00:00:00-04:00,245.24000549316406,54.560001373291016,15398.071788877747,1769.294569878332
2021-09-01 00:00:00-04:00,244.69667053222656,53.24250030517578,15363.957001132989,1726.5700935778914
2021-09-02 00:00:00-04:00,244.1300048828125,53.380001068115234,15328.37733160712,1731.0290258927644
2021-09-03 00:00:00-04:00,244.52333068847656,50.6875,15353.073379790017,1643.7154738527904
2021-09-07 00:00:00-04:00,250.97332763671875,49.75,15758.054271253275,1613.313831303109
2021-09-08 00:00:00-04:00,251.2899932861328,49.70000076293945,15777.936999574635,1611.692435108046
2021-09-09 00:00:00-04:00,251.6199951171875,49.79499816894531,15798.657076932415,1614.7730507672854
2021-09-10 00:00:00-04:00,245.42333984375,47.602500915527344,15409.582942965404,1543.673831791742
2021-09-13 00:00:00-04:00,247.6666717529297,50.849998474121094,15550.436739287765,1648.9850424128954
2021-09-14 00:00:00-04:00,248.163330078125,49.810001373291016,15581.620805405046,1615.2595809599447
2021-09-15 00:00:00-04:00,251.94332885742188,51.130001068115234,15818.958479771987,1658.0650837735284
2021-09-16 00:00:00-04:00,252.3300018310547,51.592498779296875,15843.236811501933,1673.063153208611
2021-09-17 00:00:00-04:00,253.163330078125,51.24250030517578,15895.559629495207,1661.7132561385702
2021-09-20 00:00:00-04:00,243.38999938964844,48.04999923706055,15281.914040738284,1558.185494738766
2021-09-21 00:00:00-04:00,246.4600067138672,47.48749923706055,15474.672938600967,1539.944509208957
2021-09-22 00:00:00-04:00,250.64666748046875,47.53499984741211,15737.544010187226,1541.4848788908769
2021-09-23 00:00:00-04:00,251.2133331298828,47.810001373291016,15773.123679713095,1550.4027435206235
2021-09-24 00:00:00-04:00,258.1300048828125,46.290000915527344,16207.406039059571,1501.1115322221876
2021-09-27 00:00:00-04:00,263.78668212890625,47.369998931884766,16562.57615963882,1536.1341601130289
2021-09-28 00:00:00-04:00,259.1866760253906,44.650001525878906,16273.75205824977,1447.9289453146805
2021-09-29 00:00:00-04:00,260.4366760253906,43.97999954223633,16352.236764272307,1426.201840446116
2021-09-30 00:00:00-04:00,258.49334716796875,43.86750030517578,16230.219489008408,1422.5536680810742
2021-10-01 00:00:00-04:00,258.40667724609375,44.227500915527344,16224.777678336923,1434.2279186128878
2021-10-04 00:00:00-04:00,260.510009765625,42.84000015258789,16356.84122590737,1389.233462898439
2021-10-05 00:00:00-04:00,260.1966552734375,43.04499816894531,16337.166397747227,1395.8812244095773
2021-10-06 00:00:00-04:00,260.9166564941406,42.76750183105469,16382.373665061434,1386.8824569712879
2021-10-07 00:00:00-04:00,264.53668212890625,43.029998779296875,16609.666983252344,1395.3948179215183
2021-10-08 00:00:00-04:00,261.8299865722656,43.16999816894531,16439.71961920798,1399.9347767495346
2021-10-11 00:00:00-04:00,263.9800109863281,44.525001525878906,16574.714846471164,1443.8753929747231
2021-10-12 00:00:00-04:00,268.5733337402344,43.95500183105469,16863.11931527675,1425.3912042008847
2021-10-13 00:00:00-04:00,270.3599853515625,46.01499938964844,16975.299176460576,1492.193667592441
2021-10-14 00:00:00-04:00,272.7733459472656,45.95750045776367,17126.82869396469,1490.3290681533485
2021-10-15 00:00:00-04:00,281.010009765625,45.81999969482422,17643.990404677035,1485.870135838475
2021-10-18 00:00:00-04:00,290.03668212890625,46.505001068115234,18210.75498611217,1508.0836471950986
2021-10-19 00:00:00-04:00,288.0899963378906,46.6974983215332,18088.52693649128,1514.326028731321
2021-10-20 00:00:00-04:00,288.6000061035156,46.130001068115234,18120.54930971024,1495.922990175226
2021-10-21 00:00:00-04:00,298.0,45.4275016784668,18710.75391577364,1473.1420458174005
2021-10-22 00:00:00-04:00,303.2266540527344,42.45000076293945,19038.923841221942,1376.5863993905075
2021-10-25 00:00:00-04:00,341.6199951171875,43.49250030517578,21449.555910555326,1410.3930110612014
2021-10-26 00:00:00-04:00,339.4766540527344,44.459999084472656,21314.98031587561,1441.7674665870009
2021-10-27 00:00:00-04:00,345.9533386230469,43.377498626708984,21721.636863476975,1406.6636884784166
2021-10-28 00:00:00-04:00,359.0133361816406,45.712501525878906,22541.644918710033,1482.38414020432
2021-10-29 00:00:00-04:00,371.3333435058594,45.877498626708984,23315.190641139518,1487.7347352775676
2021-11-01 00:00:00-04:00,402.86334228515625,50.022499084472656,25294.888789206856,1622.1505457151125
2021-11-02 00:00:00-04:00,390.6666564941406,51.747501373291016,24529.08615020113,1678.089642229287
2021-11-03 00:00:00-04:00,404.6199951171875,54.58250045776367,25405.185094091365,1770.02417961042
2021-11-04 00:00:00-04:00,409.9700012207031,54.459999084472656,25741.100019093945,1766.0516537836056
2021-11-05 00:00:00-04:00,407.36334228515625,53.3125,25577.433730888002,1728.8400729918994
2021-11-08 00:00:00-05:00,387.64666748046875,54.65999984741211,24339.46779025766,1772.5373622684579
2021-11-09 00:00:00-05:00,341.1666564941406,51.650001525878906,21421.091791708528,1674.927876352304
2021-11-10 00:00:00-05:00,355.98333740234375,49.79750061035156,22351.398067956616,1614.854200985029
2021-11-11 00:00:00-05:00,354.5033264160156,51.08000183105469,22258.471486218943,1656.4436875784654
2021-11-12 00:00:00-05:00,344.47332763671875,50.525001525878906,21628.7102817393,1638.4459052926857
2021-11-15 00:00:00-05:00,337.7966613769531,52.28499984741211,21209.497330852642,1695.5198678092643
2021-11-16 00:00:00-05:00,351.57666015625,51.79499816894531,22074.712653399907,1679.6298882066064
2021-11-17 00:00:00-05:00,363.0033264160156,52.5,22792.167487172217,1702.4919827821752
2021-11-18 00:00:00-05:00,365.4599914550781,52.529998779296875,22946.415993881557,1703.464795758293
2021-11-19 00:00:00-05:00,379.0199890136719,57.20000076293945,23797.817931523634,1854.9055755054994
2021-11-22 00:00:00-05:00,385.6233215332031,61.88750076293945,24212.426420775224,2006.913788253908
2021-11-23 00:00:00-05:00,369.6766662597656,53.474998474121094,23211.171579832397,1734.1096415520042
2021-11-24 00:00:00-05:00,372.0,52.94499969482422,23357.048512308033,1716.922619216056
2021-11-26 00:00:00-05:00,360.6400146484375,49.93000030517578,22643.780423717835,1619.1509565690158
2021-11-29 00:00:00-05:00,378.9966735839844,50.502498626708984,23796.354007807786,1637.7161718559971
2021-11-30 00:00:00-05:00,381.586669921875,49.0525016784668,23958.974088750823,1590.6950636761699
2021-12-01 00:00:00-05:00,365.0,44.959999084472656,22917.534158581806,1457.981675946831
2021-12-02 00:00:00-05:00,361.5333251953125,45.38999938964844,22699.86939624449,1471.9259058926532
2021-12-03 00:00:00-05:00,338.3233337402344,43.09749984741211,21242.565911334503,1397.5837708223835
2021-12-06 00:00:00-05:00,336.336669921875,41.779998779296875,21117.827730734858,1354.8592945219427
2021-12-07 00:00:00-05:00,350.5833435058594,44.45249938964844,22012.344521165345,1441.5242633429716
2021-12-08 00:00:00-05:00,356.32000732421875,43.412498474121094,22372.53681983261,1407.7986781854206
2021-12-09 00:00:00-05:00,334.6000061035156,38.939998626708984,21008.786491339724,1262.762580409923
2021-12-10 00:00:00-05:00,339.010009765625,39.752498626708984,21285.680764122913,1289.1106706196472
2021-12-13 00:00:00-05:00,322.13665771484375,34.220001220703125,20226.240703866595,1109.7005281722536
2021-12-14 00:00:00-05:00,319.5033264160156,36.92250061035156,20060.89971758781,1197.3383099694001
2021-12-15 00:00:00-05:00,325.3299865722656,37.147499084472656,20426.742685153036,1204.6346546994837
2021-12-16 00:00:00-05:00,308.97332763671875,36.147499084472656,19399.744630699148,1172.206235979823
2021-12-17 00:00:00-05:00,310.8566589355469,38.90999984741211,19517.994793364407,1261.7897674338053
2021-12-20 00:00:00-05:00,299.9800109863281,39.28499984741211,18835.07437992033,1273.9504244536781
2021-12-21 00:00:00-05:00,312.84332275390625,39.529998779296875,19642.73297396405,1281.8953524027067
2021-12-22 00:00:00-05:00,336.2900085449219,38.5,21114.897967172645,1248.4941207069285
2021-12-23 00:00:00-05:00,355.6666564941406,38.03499984741211,22331.514381569996,1233.4149010541023
2021-12-27 00:00:00-05:00,364.64666748046875,37.07749938964844,22895.349199442917,1202.3646752854754
2021-12-28 00:00:00-05:00,362.8233337402344,36.6150016784668,22780.866149376296,1187.3666058503925
2021-12-29 00:00:00-05:00,362.0633239746094,38.48249816894531,22733.146834952826,1247.9265640011263
2021-12-30 00:00:00-05:00,356.7799987792969,38.83250045776367,22401.418655132362,1259.2765847757676
2021-12-31 00:00:00-05:00,352.260009765625,37.09749984741211,22117.61864796184,1203.0132585044207
2022-01-03 00:00:00-05:00,399.9266662597656,38.209999084472656,25110.501465577876,1239.0898495891229
2022-01-04 00:00:00-05:00,383.1966552734375,37.227500915527344,24060.061470365206,1207.2289875752645
2022-01-05 00:00:00-05:00,362.7066650390625,32.342498779296875,22773.54078240549,1048.8160928551472
2022-01-06 00:00:00-05:00,354.8999938964844,32.75749969482422,22283.377350693576,1062.2739163129102
2022-01-07 00:00:00-05:00,342.32000732421875,35.154998779296875,21493.508112380157,1140.0210205041922
2022-01-10 00:00:00-05:00,352.7066650390625,32.787498474121094,22145.663134225168,1063.2467292890278
2022-01-11 00:00:00-05:00,354.79998779296875,32.57500076293945,22277.098190985667,1056.35576453386
2022-01-12 00:00:00-05:00,368.739990234375,32.01499938964844,23152.359785839482,1038.1958055171942
2022-01-13 00:00:00-05:00,343.85333251953125,30.6200008392334,21589.782174133,992.9582084110159
2022-01-14 00:00:00-05:00,349.8699951171875,29.162500381469727,21967.554970304092,945.6937732825588
2022-01-18 00:00:00-05:00,343.5033264160156,27.227500915527344,21567.806073220585,882.9448003786597
2022-01-19 00:00:00-05:00,331.8833312988281,26.642499923706055,20838.212552615933,863.9741432644623
2022-01-20 00:00:00-05:00,332.0899963378906,25.667499542236328,20851.1885884847,832.3564226423333
2022-01-21 00:00:00-05:00,314.6333312988281,26.59000015258789,19755.123609504873,862.2716587039563
2022-01-24 00:00:00-05:00,310.0,25.037500381469727,19464.207093590026,811.9265460639592
2022-01-25 00:00:00-05:00,306.1333312988281,24.947500228881836,19221.427608551603,809.0079834310059
2022-01-26 00:00:00-05:00,312.4700012207031,25.815000534057617,19619.292949335788,837.1396465666793
2022-01-27 00:00:00-05:00,276.3666687011719,23.3799991607666,17352.44539795224,758.17640245065
2022-01-28 00:00:00-05:00,282.1166687011719,24.477500915527344,17713.475045655927,793.7666488995934
2022-01-31 00:00:00-05:00,312.239990234375,27.232500076293945,19604.851073620655,883.1069152572461
2022-02-01 00:00:00-05:00,310.4166564941406,28.149999618530273,19490.368023554034,912.8599745879825
2022-02-02 00:00:00-05:00,301.88665771484375,25.010000228881836,18954.78846630144,811.0347596009847
2022-02-03 00:00:00-05:00,297.0466613769531,24.8075008392334,18650.895914517823,804.4680246029894
2022-02-04 00:00:00-05:00,307.7733459472656,25.584999084472656,19324.400462595822,829.6810632534093
2022-02-07 00:00:00-05:00,302.4466552734375,25.584999084472656,18989.949461309094,829.6810632534093
2022-02-08 00:00:00-05:00,307.3333435058594,28.899999618530273,19296.773692785446,937.1812886277279
2022-02-09 00:00:00-05:00,310.6666564941406,31.072500228881836,19506.06496475854,1007.6320480889264
2022-02-10 00:00:00-05:00,301.51666259765625,30.61750030517578,18931.55729989965,992.8771200455728
2022-02-11 00:00:00-05:00,286.6666564941406,31.0625,17999.158609125767,1007.3077564794536
2022-02-14 00:00:00-05:00,291.9200134277344,29.272499084472656,18329.00514877743,949.2608572821574
2022-02-15 00:00:00-05:00,307.4766540527344,31.540000915527344,19305.771841698577,1022.7923561071956
2022-02-16 00:00:00-05:00,307.7966613769531,32.08250045776367,19325.864386311674,1040.3847584180594
2022-02-17 00:00:00-05:00,292.1166687011719,30.852500915527344,18341.352693836252,1000.497818237429
2022-02-18 00:00:00-05:00,285.6600036621094,30.38249969482422,17935.95312785478,985.2564218537165
2022-02-22 00:00:00-05:00,273.84332275390625,29.514999389648438,17194.01014606079,957.124758718043
2022-02-23 00:00:00-05:00,254.67999267578125,28.717500686645508,15990.787483985154,931.2631368486778
2022-02-24 00:00:00-05:00,266.92333984375,31.145000457763672,16759.5198865531,1009.9831158683777
2022-02-25 00:00:00-05:00,269.9566650390625,29.645000457763672,16949.97559553299,961.340487788887
2022-02-28 00:00:00-05:00,290.1433410644531,30.834999084472656,18217.45186227303,999.9302615316269
2022-03-01 00:00:00-05:00,288.1233215332031,29.7549991607666,18090.619351017074,964.9075717884855
2022-03-02 00:00:00-05:00,293.2966613769531,30.49250030517578,18415.441796450206,988.8235677056151
2022-03-03 00:00:00-05:00,279.7633361816406,29.602500915527344,17565.714556880972,959.9622948378535
2022-03-04 00:00:00-05:00,279.42999267578125,27.915000915527344,17544.784663231454,905.2393382484263
2022-03-07 00:00:00-05:00,268.1933288574219,24.837499618530273,16839.259658065013,805.4408375791072
2022-03-08 00:00:00-05:00,274.79998779296875,25.752500534057617,17254.07700554308,835.1128703967005
2022-03-09 00:00:00-05:00,286.3233337402344,26.302499771118164,17977.602140796822,852.9484759515938
2022-03-10 00:00:00-05:00,279.4333190917969,25.139999389648438,17544.993521457927,815.2504268195285
2022-03-11 00:00:00-05:00,265.1166687011719,23.172500610351562,16646.08304374938,751.4475525740685
2022-03-14 00:00:00-04:00,255.4566650390625,19.52750015258789,16039.553005671522,633.245951496354
2022-03-15 00:00:00-04:00,267.2966613769531,20.65999984741211,16782.959911181362,669.9711258000015
2022-03-16 00:00:00-04:00,280.07666015625,21.71500015258789,17585.387468910598,704.1831174456114
2022-03-17 00:00:00-04:00,290.5333251953125,21.924999237060547,18241.93809416419,710.993055687636
2022-03-18 00:00:00-04:00,301.7966613769531,22.697500228881836,18949.137797403477,736.0440413117698
2022-03-21 00:00:00-04:00,307.0533447265625,23.549999237060547,19279.19319528162,763.6892361070843
2022-03-22 00:00:00-04:00,331.32666015625,30.78499984741211,20803.260415834753,998.3088653365639
2022-03-23 00:00:00-04:00,333.03668212890625,35.25,20910.628873287562,1143.101759868032
2022-03-24 00:00:00-04:00,337.97332763671875,35.59749984741211,21220.58981042209,1154.37063042493
2022-03-25 00:00:00-04:00,336.8800048828125,37.98749923706055,21151.94251847962,1231.8745313721824
2022-03-28 00:00:00-04:00,363.9466552734375,47.397499084472656,22851.396997618085,1537.0259465760037
2022-03-29 00:00:00-04:00,366.5233459472656,44.974998474121094,23013.181645655222,1458.46808243489
2022-03-30 00:00:00-04:00,364.663330078125,41.712501525878906,22896.39540670581,1352.670465325678
2022-03-31 00:00:00-04:00,359.20001220703125,41.64500045776367,22553.365889089426,1350.4815124248128
2022-04-01 00:00:00-04:00,361.5299987792969,41.25,22699.660538018015,1337.6722721859949
2022-04-04 00:00:00-04:00,381.8166809082031,42.682498931884766,23973.415964465956,1384.1259473646205
2022-04-05 00:00:00-04:00,363.7533264160156,38.397499084472656,22839.25831078574,1245.1701780990593
2022-04-06 00:00:00-04:00,348.586669921875,39.15999984741211,21886.977849755756,1269.8968721137203
2022-04-07 00:00:00-04:00,352.4200134277344,37.5,22127.664920268388,1216.065701987268
2022-04-08 00:00:00-04:00,341.8299865722656,36.54750061035156,21462.740804650566,1185.1776529495276
2022-04-11 00:00:00-04:00,325.30999755859375,36.73249816894531,20425.48761966366,1191.1768312417205
2022-04-12 00:00:00-04:00,328.98333740234375,36.217498779296875,20656.128417869742,1174.4762153938314
2022-04-13 00:00:00-04:00,340.7900085449219,37.67499923706055,21397.442908853787,1221.7406505222887
2022-04-14 00:00:00-04:00,328.3333435058594,37.692501068115234,20615.316753964125,1222.3082072280906
2022-04-18 00:00:00-04:00,334.7633361816406,35.3650016784668,21019.04162187275,1146.831082450817
2022-04-19 00:00:00-04:00,342.7166748046875,38.11750030517578,21518.41397685479,1236.0902604430264
2022-04-20 00:00:00-04:00,325.73333740234375,37.212501525878906,20452.06818221114,1206.7425810872057
2022-04-21 00:00:00-04:00,336.260009765625,35.38999938964844,21113.014410873322,1147.6417186960484
2022-04-22 00:00:00-04:00,335.01666259765625,34.55500030517578,21034.947421303732,1120.564018754236
2022-04-25 00:00:00-04:00,332.67333984375,33.98749923706055,20887.815423338725,1102.1608564935405
2022-04-26 00:00:00-04:00,292.1400146484375,31.899999618530273,18342.818533682617,1034.4665447867094
2022-04-27 00:00:00-04:00,293.836669921875,32.459999084472656,18449.347725968484,1052.626441951075
2022-04-28 00:00:00-04:00,292.5033264160156,32.32749938964844,18365.630067500937,1048.3296863670882
2022-04-29 00:00:00-04:00,290.2533264160156,31.267499923706055,18224.357596660364,1013.9555798428921
2022-05-02 00:00:00-04:00,300.9800109863281,29.892499923706055,18897.862144738363,969.3665041033588
2022-05-03 00:00:00-04:00,303.0833435058594,30.107500076293945,19029.925692308807,976.3386190762699
2022-05-04 00:00:00-04:00,317.5400085449219,31.770000457763672,19937.627376834535,1030.2508775681656
2022-05-05 00:00:00-04:00,291.09332275390625,29.782499313354492,18277.09908917185,965.7993582514603
2022-05-06 00:00:00-04:00,288.54998779296875,28.674999237060547,18117.408771791026,929.8848820453442
2022-05-09 00:00:00-04:00,262.3699951171875,24.697500228881836,16473.625548726264,800.9008787510908
2022-05-10 00:00:00-04:00,266.67999267578125,23.375,16744.24066180154,758.0142875720637
2022-05-11 00:00:00-04:00,244.6666717529297,20.332500457763672,15362.073444833666,659.3508384620487
2022-05-12 00:00:00-04:00,242.6666717529297,22.392499923706055,15236.497915197602,726.1533637059052
2022-05-13 00:00:00-04:00,256.5299987792969,24.59749984741211,16106.945232124615,797.6580245086647
2022-05-16 00:00:00-04:00,241.4566650390625,22.950000762939453,15160.52429821907,744.232234357128
2022-05-17 00:00:00-04:00,253.8699951171875,25.094999313354492,15939.929547772988,813.7911455030517
2022-05-18 00:00:00-04:00,236.60333251953125,22.8700008392334,14855.794397399031,741.6379633336472
2022-05-19 00:00:00-04:00,236.47332763671875,24.797500610351562,14847.631681391806,804.1437329935168
2022-05-20 00:00:00-04:00,221.3000030517578,23.915000915527344,13894.93254584361,775.5256633697844
2022-05-23 00:00:00-04:00,224.96665954589844,24.032499313354492,14125.153711466222,779.3359506134125
2022-05-24 00:00:00-04:00,209.3866729736328,22.287500381469727,13146.921178698707,722.748394584893
2022-05-25 00:00:00-04:00,219.60000610351562,28.792499542236328,13788.193537266005,933.6952311412723
2022-05-26 00:00:00-04:00,235.91000366210938,32.1150016784668,14812.261828157674,1041.4387216119203
2022-05-27 00:00:00-04:00,253.2100067138672,34.3025016784668,15898.490351122684,1112.3758875611777
2022-05-31 00:00:00-04:00,252.75332641601562,31.184999465942383,15869.816415984153,1011.280220453968
2022-06-01 00:00:00-04:00,246.7899932861328,30.350000381469727,15495.392057893489,984.2025205121556
2022-06-02 00:00:00-04:00,258.3333435058594,33.5,16220.17321670186,1086.352027108626
2022-06-03 00:00:00-04:00,234.51666259765625,33.42499923706055,14724.777057091484,1083.9198709637317
2022-06-06 00:00:00-04:00,238.27999877929688,32.025001525878906,14961.068524195525,1038.520158978967
2022-06-07 00:00:00-04:00,238.8866729736328,36.625,14999.160240830663,1187.690835607565
2022-06-08 00:00:00-04:00,241.86666870117188,34.682498931884766,15186.267511730126,1124.6985976073365
2022-06-09 00:00:00-04:00,239.7066650390625,32.244998931884766,15050.645709787512,1045.6543269781641
2022-06-10 00:00:00-04:00,232.22999572753906,32.272499084472656,14581.20235543338,1046.546113441139
2022-06-13 00:00:00-04:00,215.73666381835938,29.5625,13545.622910454056,958.6651283999629
2022-06-14 00:00:00-04:00,220.88999938964844,31.542499542236328,13869.189332332553,1022.8733826203387
2022-06-15 00:00:00-04:00,233.0,32.3224983215332,14629.549202601534,1048.1675096362019
2022-06-16 00:00:00-04:00,213.10000610351562,31.4325008392334,13380.073065948796,1019.3062986207401
2022-06-17 00:00:00-04:00,216.75999450683594,33.78499984741211,13609.875557053198,1095.5941214955453
2022-06-21 00:00:00-04:00,237.0366668701172,35.06999969482422,14883.002492691196,1137.264634602125
2022-06-22 00:00:00-04:00,236.086669921875,34.6150016784668,14823.354307727117,1122.5097684110717
2022-06-23 00:00:00-04:00,235.07000732421875,35.505001068115234,14759.520335646186,1151.3710412788334
2022-06-24 00:00:00-04:00,245.7066650390625,33.8025016784668,15427.372298695707,1096.1616782013475
2022-06-27 00:00:00-04:00,244.9199981689453,32.42250061035156,15377.97924426465,1051.410425730928
2022-06-28 00:00:00-04:00,232.663330078125,31.094999313354492,14608.410450725543,1008.3616578210145
2022-06-29 00:00:00-04:00,228.49000549316406,30.71500015258789,14346.376728175705,996.0388859225557
2022-06-30 00:00:00-04:00,224.47332763671875,30.575000762939453,14094.178503575418,991.4989270945392
2022-07-01 00:00:00-04:00,227.26333618164062,30.854999542236328,14269.356903934273,1000.578844750572
2022-07-05 00:00:00-04:00,233.06666564941406,30.0575008392334,14633.734989718389,974.7172228812069
2022-07-06 00:00:00-04:00,231.73333740234375,29.357500076293945,14550.018289316096,952.0173050365246
2022-07-07 00:00:00-04:00,244.5433349609375,33.779998779296875,15354.329403344651,1095.431944764659
2022-07-08 00:00:00-04:00,250.76333618164062,32.1349983215332,15744.869377158033,1042.0871811262655
2022-07-11 00:00:00-04:00,234.3433380126953,32.522499084472656,14713.89439381377,1054.653218121054
2022-07-12 00:00:00-04:00,233.07000732421875,34.279998779296875,14633.944806010124,1111.6461541244892
2022-07-13 00:00:00-04:00,237.0399932861328,35.31999969482422,14883.211350917674,1145.3717392820402
2022-07-14 00:00:00-04:00,238.31333923339844,34.04999923706055,14963.161896786582,1104.1876326635195
2022-07-15 00:00:00-04:00,240.06666564941406,35.40999984741211,15073.249343444615,1148.2903019149935
2022-07-18 00:00:00-04:00,240.54666137695312,36.65999984741211,15103.387202298998,1188.825825314569
2022-07-19 00:00:00-04:00,245.52999877929688,37.92499923706055,15416.27981912626,1229.8477552022036
2022-07-20 00:00:00-04:00,247.5,39.6875,15539.971792463006,1287.0028679365253
2022-07-21 00:00:00-04:00,271.7066650390625,38.36750030517578,17059.854183964548,1244.1973651229414
2022-07-22 00:00:00-04:00,272.24334716796875,35.779998779296875,17093.551255256356,1160.28878220398
2022-07-25 00:00:00-04:00,268.4333190917969,33.97999954223633,16854.328108459576,1101.9176532495112
2022-07-26 00:00:00-04:00,258.8599853515625,32.43000030517578,16253.239881053205,1051.6536289749574
2022-07-27 00:00:00-04:00,274.82000732421875,33.779998779296875,17255.333987162972,1095.431944764659
2022-07-28 00:00:00-04:00,280.8999938964844,33.84000015258789,17637.082754159183,1097.3776944214947
2022-07-29 00:00:00-04:00,297.1499938964844,34.0099983215332,18657.38393245221,1102.8904662256289
2022-08-01 00:00:00-04:00,297.27667236328125,34.779998779296875,18665.33779023296,1127.8603634843194
2022-08-02 00:00:00-04:00,300.586669921875,35.84000015258789,18873.165138490203,1162.2345318608157
2022-08-03 00:00:00-04:00,307.39666748046875,37.93000030517578,19300.749663610564,1230.00993193309
2022-08-04 00:00:00-04:00,308.6333312988281,38.36000061035156,19378.397020596683,1243.9541618789121
2022-08-05 00:00:00-04:00,288.1700134277344,40.02000045776367,18093.55103070981,1297.7853320053644
2022-08-08 00:00:00-04:00,290.42333984375,43.45000076293945,18235.03235977686,1409.0148181101679
2022-08-09 00:00:00-04:00,283.3333435058594,40.369998931884766,17789.86733715267,1309.1352290754055
2022-08-10 00:00:00-04:00,294.3566589355469,40.529998779296875,18481.996673866877,1314.3237711223671
2022-08-11 00:00:00-04:00,286.6300048828125,39.45000076293945,17996.857336373494,1279.3011432315259
2022-08-12 00:00:00-04:00,300.0299987792969,40.7400016784668,18838.213001709024,1321.133833068992
2022-08-15 00:00:00-04:00,309.32000732421875,39.68000030517578,19421.51187338509,1286.7596646924958
2022-08-16 00:00:00-04:00,306.5633239746094,42.189998626708984,19248.42588755203,1368.1549412488196
2022-08-17 00:00:00-04:00,303.9966735839844,40.52000045776367,19087.271646455356,1313.9995413651948
2022-08-18 00:00:00-04:00,302.8699951171875,37.93000030517578,19016.530023856572,1230.00993193309
2022-08-19 00:00:00-04:00,296.6666564941406,36.4900016784668,18627.036257306092,1183.313053510435
2022-08-22 00:00:00-04:00,289.913330078125,34.5,18203.009986557896,1118.7804458282865
2022-08-23 00:00:00-04:00,296.4533386230469,33.529998779296875,18613.64250498437,1087.324840084744
2022-08-24 00:00:00-04:00,297.0966796875,32.5,18654.036452437038,1053.9236083889657
2022-08-25 00:00:00-04:00,296.07000732421875,31.959999084472656,18589.573989546163,1036.412232591245
2022-08-26 00:00:00-04:00,288.0899963378906,30.940000534057617,18088.52693649128,1003.3352925049393
2022-08-29 00:00:00-04:00,284.82000732421875,31.549999237060547,17883.211635343298,1023.1165858643682
2022-08-30 00:00:00-04:00,277.70001220703125,29.84000015258789,17436.16305641979,967.6640195428528
2022-08-31 00:00:00-04:00,275.6099853515625,28.639999389648438,17304.934941755248,928.7498923383401
2022-09-01 00:00:00-04:00,277.1600036621094,27.6299991607666,17402.257126901506,895.997182009207
2022-09-02 00:00:00-04:00,270.2099914550781,27.360000610351562,16965.881394963973,887.2415559626468
2022-09-06 00:00:00-04:00,274.4200134277344,25.139999389648438,17230.219264461863,815.2504268195285
2022-09-07 00:00:00-04:00,283.70001220703125,24.040000915527344,17812.88964532798,779.579215709742
2022-09-08 00:00:00-04:00,289.260009765625,25.829999923706055,18161.989464425802,837.6260530547382
2022-09-09 00:00:00-04:00,299.67999267578125,28.920000076293945,18816.236900796608,937.8298718466731
2022-09-12 00:00:00-04:00,304.4200134277344,29.239999771118164,19113.852209002835,948.2069559405965
2022-09-13 00:00:00-04:00,292.1300048828125,27.850000381469727,18342.190042872673,903.1314737130044
2022-09-14 00:00:00-04:00,302.6099853515625,28.1299991607666,19000.20459184212,912.2113913690372
2022-09-15 00:00:00-04:00,303.75,28.610000610351562,19071.783563477326,927.7770793622224
2022-09-16 00:00:00-04:00,303.3500061035156,28.639999389648438,19046.668840776216,928.7498923383401
2022-09-19 00:00:00-04:00,309.07000732421875,28.959999084472656,19405.814932180583,939.1269764322635
2022-09-20 00:00:00-04:00,308.7300109863281,27.540000915527344,19384.46732207811,893.0786812285536
2022-09-21 00:00:00-04:00,300.79998779296875,26.860000610351562,18886.55889081192,871.0273466028166
2022-09-22 00:00:00-04:00,288.5899963378906,24.700000762939453,18119.920818900293,800.9819671165338
2022-09-23 00:00:00-04:00,275.3299865722656,25.040000915527344,17287.354444251418,812.0076344294025
2022-09-26 00:00:00-04:00,276.010009765625,24.479999542236328,17330.051580586874,793.8476754127365
2022-09-27 00:00:00-04:00,282.94000244140625,26.1299991607666,17765.17033090451,847.3545539297163
2022-09-28 00:00:00-04:00,287.80999755859375,27.309999465942383,18070.94643898745,885.6200979152836
2022-09-29 00:00:00-04:00,268.2099914550781,25.459999084472656,16840.305865327908,825.6275109134517
2022-09-30 00:00:00-04:00,265.25,25.1299991607666,16654.45461798308,814.9261352100558
2022-10-03 00:00:00-04:00,242.39999389648438,25.3799991607666,15219.753808664937,823.0332398899709
2022-10-04 00:00:00-04:00,249.44000244140625,27.600000381469727,15661.78020950043,895.0243690330893
2022-10-05 00:00:00-04:00,240.80999755859375,26.389999389648438,15119.921492539928,855.7859502191042
2022-10-06 00:00:00-04:00,238.1300048828125,25.989999771118164,14951.650742698925,842.8145951016999
2022-10-07 00:00:00-04:00,223.07000732421875,25.350000381469727,14006.067157829799,822.0604269138531
2022-10-10 00:00:00-04:00,222.9600067138672,25.0,13999.160465377205,810.7104679915119
2022-10-11 00:00:00-04:00,216.5,25.270000457763672,13593.551083104003,819.4661558903723
2022-10-12 00:00:00-04:00,217.24000549316406,25.360000610351562,13640.014373972841,822.3847185233258
2022-10-13 00:00:00-04:00,221.72000122070312,25.559999465942383,13921.303292099352,828.8703651558778
2022-10-14 00:00:00-04:00,204.99000549316406,24.6299991607666,12870.864254951943,798.7119258502256
2022-10-17 00:00:00-04:00,219.35000610351562,25.959999084472656,13772.496596061497,841.841720273282
2022-10-18 00:00:00-04:00,220.19000244140625,26.670000076293945,13825.238088572985,864.8659297274371
2022-10-19 00:00:00-04:00,222.0399932861328,24.540000915527344,13941.394878647188,795.7934250695723
2022-10-20 00:00:00-04:00,207.27999877929688,24.40999984741211,13014.647814836524,791.5776959987284
2022-10-21 00:00:00-04:00,214.44000244140625,25.299999237060547,13464.208440869297,820.4389688664902
2022-10-24 00:00:00-04:00,211.25,24.709999084472656,13263.915317809333,801.3061968737064
2022-10-25 00:00:00-04:00,222.4199981689453,26.8700008392334,13965.254535858923,871.3516382122892
2022-10-26 00:00:00-04:00,224.63999938964844,25.420000076293945,14104.643450400175,824.3304063278615
2022-10-27 00:00:00-04:00,225.08999633789062,25.93000030517578,14132.89775295524,840.8689072971642
2022-10-28 00:00:00-04:00,228.52000427246094,28.170000076293945,14348.260284475024,913.5085578069278
2022-10-31 00:00:00-04:00,227.5399932861328,28.309999465942383,14286.727585146366,918.0485166349442
2022-11-01 00:00:00-04:00,227.82000732421875,28.389999389648438,14304.309040715452,920.642787658425
2022-11-02 00:00:00-04:00,214.97999572753906,26.6200008392334,13498.11341232232,863.2445335323741
2022-11-03 00:00:00-04:00,215.30999755859375,26.290000915527344,13518.833489680103,852.5431578289781
2022-11-04 00:00:00-04:00,207.47000122070312,26.510000228881836,13026.577643442391,859.6773876804754
2022-11-07 00:00:00-05:00,197.0800018310547,25.760000228881836,12374.212805305646,835.35607364073
2022-11-08 00:00:00-05:00,191.3000030517578,25.139999389648438,12011.299601302639,815.2504268195285
2022-11-09 00:00:00-05:00,177.58999633789062,23.110000610351562,11150.478924098703,749.4207764040898
2022-11-10 00:00:00-05:00,190.72000122070312,24.8799991607666,11974.882582740349,806.8190305301407
2022-11-11 00:00:00-05:00,195.97000122070312,26.100000381469727,12304.518348035019,846.3817409535986
2022-11-14 00:00:00-05:00,190.9499969482422,26.049999237060547,11989.323500390225,844.7602829062355
2022-11-15 00:00:00-05:00,194.4199981689453,27.59000015258789,12207.197120954019,894.7000774236166
2022-11-16 00:00:00-05:00,186.9199981689453,27.139999389648438,11736.288884818776,880.1072642588495
2022-11-17 00:00:00-05:00,183.1699981689453,27.760000228881836,11500.834766751153,900.2129110800511
2022-11-18 00:00:00-05:00,180.19000244140625,27.600000381469727,11313.72749585169,895.0243690330893
2022-11-21 00:00:00-05:00,167.8699951171875,25.15999984741211,10540.181773422206,815.8990100384736
2022-11-22 00:00:00-05:00,169.91000366210938,26.299999237060547,10668.269350167537,852.8673875861506
2022-11-23 00:00:00-05:00,183.1999969482422,26.700000762939453,11502.718323050472,865.838804555855
2022-11-25 00:00:00-05:00,182.86000061035156,26.170000076293945,11481.370712948004,848.6517203676067
2022-11-28 00:00:00-05:00,182.9199981689453,25.290000915527344,11485.137825546646,820.1147391093176
2022-11-29 00:00:00-05:00,180.8300018310547,25.600000381469727,11353.91162701262,830.1675315937682
2022-11-30 00:00:00-05:00,194.6999969482422,26.209999084472656,12224.777618457845,849.9488249531971
2022-12-01 00:00:00-05:00,194.6999969482422,26.600000381469727,12224.777618457845,862.5959503134288
2022-12-02 00:00:00-05:00,194.86000061035156,27.520000457763672,12234.823890764394,892.4300980096085
2022-12-05 00:00:00-05:00,182.4499969482422,25.559999465942383,11455.62749943695,828.8703651558778
2022-12-06 00:00:00-05:00,179.82000732421875,23.389999389648438,11290.496329449901,758.5006940601227
2022-12-07 00:00:00-05:00,174.0399932861328,22.260000228881836,10927.582167381635,721.8566081219184
2022-12-08 00:00:00-05:00,173.44000244140625,24.790000915527344,10889.91008332997,803.9005297494874
2022-12-09 00:00:00-05:00,179.0500030517578,22.6299991607666,11242.149482281744,733.8550884109046
2022-12-12 00:00:00-05:00,167.82000732421875,22.670000076293945,10537.043151633514,735.1522548487951
2022-12-13 00:00:00-05:00,160.9499969482422,21.0,10105.690555849254,680.99679311287
2022-12-14 00:00:00-05:00,156.8000030517578,21.049999237060547,9845.121715080524,682.6181893079331
2022-12-15 00:00:00-05:00,157.6699981689453,20.579999923706055,9899.74676389133,667.3768547765206
2022-12-16 00:00:00-05:00,150.22999572753906,20.799999237060547,9432.605640354726,674.511084628018
2022-12-19 00:00:00-05:00,149.8699951171875,19.920000076293945,9410.002006697625,645.9741033697288
2022-12-20 00:00:00-05:00,137.8000030517578,20.260000228881836,8652.15418353791,656.9997706825974
2022-12-21 00:00:00-05:00,137.57000732421875,20.559999465942383,8637.713265888035,666.7282715575755
2022-12-22 00:00:00-05:00,125.3499984741211,19.809999465942383,7870.446224133829,642.40695751783
2022-12-23 00:00:00-05:00,123.1500015258789,20.079999923706055,7732.313333147209,651.1626454166905
2022-12-27 00:00:00-05:00,109.0999984741211,18.200000762939453,6850.145045840803,590.1972454387408
2022-12-28 00:00:00-05:00,112.70999908447266,17.920000076293945,7076.808915156511,581.1172659304078
2022-12-29 00:00:00-05:00,121.81999969482422,18.329999923706055,7648.805490971396,594.4129126572846
2022-12-30 00:00:00-05:00,123.18000030517578,18.459999084472656,7734.19688944653,598.6285798758284
2023-01-03 00:00:00-05:00,108.0999984741211,17.200000762939453,6787.35728102277,557.7688267190803
2023-01-04 00:00:00-05:00,113.63999938964844,17.31999969482422,7135.201555598585,561.6602023281515
2023-01-05 00:00:00-05:00,110.33999633789062,16.219999313354492,6928.001740086027,525.988929366065
2023-01-06 00:00:00-05:00,113.05999755859375,16.459999084472656,7098.784537036297,533.7717424365075
2023-01-09 00:00:00-05:00,119.7699966430664,16.3799991607666,7520.090381481377,531.1774714130265
2023-01-10 00:00:00-05:00,118.8499984741211,17.770000457763672,7462.325752816618,576.2530154929187
2023-01-11 00:00:00-05:00,123.22000122070312,19.040000915527344,7736.708457523166,617.4371221114396
2023-01-12 00:00:00-05:00,123.55999755859375,20.6299991607666,7758.0560676256355,668.9982509715836
2023-01-13 00:00:00-05:00,122.4000015258789,20.489999771118164,7685.222509533685,664.4582921435673
2023-01-17 00:00:00-05:00,131.49000549316406,21.799999237060547,8255.963540826566,706.9395033476784
2023-01-18 00:00:00-05:00,128.77999877929688,20.790000915527344,8085.8082766209845,674.1868548708454
2023-01-19 00:00:00-05:00,127.16999816894531,19.040000915527344,7984.719936941342,617.4371221114396
2023-01-20 00:00:00-05:00,133.4199981689453,19.610000610351562,8377.143467054044,635.9213108852781
2023-01-23 00:00:00-05:00,143.75,21.65999984741211,9025.74119259215,702.3995445196621
2023-01-24 00:00:00-05:00,143.88999938964844,21.399999618530273,9034.531441344063,693.9681482302743
2023-01-25 00:00:00-05:00,144.42999267578125,20.229999542236328,9068.436412797088,656.0268958541795
2023-01-26 00:00:00-05:00,160.27000427246094,20.010000228881836,10062.995335644317,648.8926660026822
2023-01-27 00:00:00-05:00,177.89999389648438,22.81999969482422,11169.94297790185,740.0165052862842
2023-01-30 00:00:00-05:00,166.66000366210938,21.25,10464.209114508933,689.1038977927852
2023-01-31 00:00:00-05:00,173.22000122070312,21.8700008392334,10876.096698424783,709.2095446139867
2023-02-01 00:00:00-05:00,181.41000366210938,21.829999923706055,11390.32864557491,707.9123781760962
2023-02-02 00:00:00-05:00,188.27000427246094,22.700000762939453,11821.052750549223,736.125129677213
2023-02-03 00:00:00-05:00,189.97999572753906,22.25,11928.419291871513,721.5323165124457
2023-02-06 00:00:00-05:00,194.75999450683594,23.860000610351562,12228.544731056487,773.7420904438351
2023-02-07 00:00:00-05:00,196.80999755859375,21.219999313354492,12357.259840546505,688.1310229643674
2023-02-08 00:00:00-05:00,201.2899932861328,21.100000381469727,12638.548758673016,684.2396473552961
2023-02-09 00:00:00-05:00,207.32000732421875,19.670000076293945,13017.15986194579,637.8669986898137
2023-02-10 00:00:00-05:00,196.88999938964844,19.270000457763672,12362.282976699778,624.8956435724094
2023-02-13 00:00:00-05:00,194.63999938964844,19.690000534057617,12221.010505859205,638.5155819087589
2023-02-14 00:00:00-05:00,209.25,19.8700008392334,13138.339788173269,644.3527071746657
2023-02-15 00:00:00-05:00,214.24000549316406,21.799999237060547,13451.651079518742,706.9395033476784
2023-02-16 00:00:00-05:00,202.0399932861328,21.600000381469727,12685.639582286542,700.4538567151263
2023-02-17 00:00:00-05:00,208.30999755859375,21.989999771118164,13079.319135953876,713.100920223058
2023-02-21 00:00:00-05:00,197.3699951171875,20.65999984741211,12392.420835554161,669.9711258000015
2023-02-22 00:00:00-05:00,200.86000061035156,20.520000457763672,12611.550479672587,665.4311669719851
2023-02-23 00:00:00-05:00,202.07000732421875,20.139999389648438,12687.52409665112,653.108333221226
2023-02-24 00:00:00-05:00,196.8800048828125,19.540000915527344,12361.655443955091,633.6513314712698
2023-02-27 00:00:00-05:00,207.6300048828125,19.100000381469727,13036.623915748938,619.3828099159753
2023-02-28 00:00:00-05:00,205.7100067138672,19.229999542236328,12916.071522266147,623.5984771345189
2023-03-01 00:00:00-05:00,202.77000427246094,18.149999618530273,12731.47534041069,588.5757873913777
2023-03-02 00:00:00-05:00,190.89999389648438,18.190000534057617,11986.183920536272,589.8729538292682
2023-03-03 00:00:00-05:00,197.7899932861328,18.700000762939453,12418.791581809903,606.411454798571
2023-03-06 00:00:00-05:00,193.80999755859375,18.649999618530273,12168.896546092406,604.7899967512079
2023-03-07 00:00:00-05:00,187.7100067138672,18.059999465942383,11785.891755541566,585.6572247584243
2023-03-08 00:00:00-05:00,182.0,18.170000076293945,11427.373196881887,589.2243706103229
2023-03-09 00:00:00-05:00,172.9199981689453,17.520000457763672,10857.260177366323,568.1459108130036
2023-03-10 00:00:00-05:00,173.44000244140625,17.25,10889.91008332997,559.3902229141432
2023-03-13 00:00:00-04:00,174.47999572753906,16.75,10955.20893719201,543.176013554313
2023-03-14 00:00:00-04:00,183.25999450683594,16.90999984741211,11506.485435649114,548.3645556012747
2023-03-15 00:00:00-04:00,180.4499969482422,15.949999809265137,11330.051969800885,517.2332723933547
2023-03-16 00:00:00-04:00,184.1300048828125,16.760000228881836,11561.111442525178,543.5003051637857
2023-03-17 00:00:00-04:00,180.1300048828125,16.600000381469727,11309.960383253048,538.311763116824
2023-03-20 00:00:00-04:00,183.25,16.8700008392334,11505.857902904427,547.0674510156844
2023-03-21 00:00:00-04:00,197.5800018310547,17.649999618530273,12405.606687714662,572.3615780315474
2023-03-22 00:00:00-04:00,191.14999389648438,23.8700008392334,12001.880861740778,774.0663820533077
2023-03-23 00:00:00-04:00,192.22000122070312,22.579999923706055,12069.064229967398,732.2336922158416
2023-03-24 00:00:00-04:00,190.41000366210938,23.979999542236328,11955.418528937202,777.6334660529063
2023-03-27 00:00:00-04:00,191.80999755859375,23.0,12043.321016456342,745.853630552191
2023-03-28 00:00:00-04:00,189.19000244140625,23.149999618530273,11878.81737921398,750.7178809896801
2023-03-29 00:00:00-04:00,193.8800048828125,22.459999084472656,12173.292149500994,728.3422547544703
2023-03-30 00:00:00-04:00,195.27999877929688,22.5,12261.194637020135,729.6394211923608
2023-03-31 00:00:00-04:00,207.4600067138672,23.020000457763672,13025.950110697704,746.5022137711362
2023-04-03 00:00:00-04:00,194.77000427246094,23.170000076293945,12229.173221866433,751.3664642086253
2023-04-04 00:00:00-04:00,192.5800018310547,22.350000381469727,12091.6678636245,724.7751707548717
2023-04-05 00:00:00-04:00,185.52000427246094,22.06999969482422,11648.386397299633,715.6951912465388
2023-04-06 00:00:00-04:00,185.05999755859375,22.399999618530273,11619.503603934625,726.3965669499347
2023-04-10 00:00:00-04:00,184.50999450683594,22.3700008392334,11584.970141671654,725.4237539738169
2023-04-11 00:00:00-04:00,186.7899932861328,22.690000534057617,11728.126168811548,735.8008380677403
2023-04-12 00:00:00-04:00,180.5399932861328,22.260000228881836,11335.702638698845,721.8566081219184
2023-04-13 00:00:00-04:00,185.89999389648438,22.549999237060547,11672.24509644611,731.2608173874238
2023-04-14 00:00:00-04:00,185.0,22.459999084472656,11615.736491335983,728.3422547544703
2023-04-17 00:00:00-04:00,187.0399932861328,22.280000686645508,11743.823110016056,722.5051913408636
2023-04-18 00:00:00-04:00,184.30999755859375,21.610000610351562,11572.412780321101,700.778148324599
2023-04-19 00:00:00-04:00,180.58999633789062,21.309999465942383,11338.842218552798,691.0495855973207
2023-04-20 00:00:00-04:00,162.99000549316406,20.219999313354492,10233.778132594585,655.7026042447069
2023-04-21 00:00:00-04:00,165.0800018310547,20.489999771118164,10365.004331128612,664.4582921435673
2023-04-24 00:00:00-04:00,162.5500030517578,19.93000030517578,10206.151362784209,646.2983949792015
2023-04-25 00:00:00-04:00,160.6699981689453,19.0,10088.110058345426,616.1399556735491
2023-04-26 00:00:00-04:00,153.75,18.649999618530273,9653.618840772473,604.7899967512079
2023-04-27 00:00:00-04:00,160.19000244140625,18.940000534057617,10057.972199491043,614.1942678690135
2023-04-28 00:00:00-04:00,164.30999755859375,19.290000915527344,10316.657483960453,625.5442267913547
2023-05-01 00:00:00-04:00,161.8300018310547,18.549999237060547,10160.944095470004,601.5471425087819
2023-05-02 00:00:00-04:00,160.30999755859375,18.579999923706055,10065.506424688325,602.5200173371998
2023-05-03 00:00:00-04:00,160.61000061035156,18.899999618530273,10084.342945746785,612.897101431123
2023-05-04 00:00:00-04:00,161.1999969482422,19.350000381469727,10121.387497053762,627.4899145958904
2023-05-05 00:00:00-04:00,170.05999755859375,20.420000076293945,10677.687131664139,662.188312729559
2023-05-08 00:00:00-04:00,171.7899932861328,20.510000228881836,10786.309696541062,665.1068753625125
2023-05-09 00:00:00-04:00,169.14999389648438,20.239999771118164,10620.550035744067,656.3511874636522
2023-05-10 00:00:00-04:00,168.5399932861328,20.760000228881836,10582.249460882456,673.2139800424276
2023-05-11 00:00:00-04:00,172.0800018310547,20.8799991607666,10804.518684854836,677.1053556514988
2023-05-12 00:00:00-04:00,167.97999572753906,20.690000534057617,10547.0884658748,670.9440006284193
2023-05-15 00:00:00-04:00,166.35000610351562,21.6200008392334,10444.745060705785,701.1024399340716
2023-05-16 00:00:00-04:00,166.52000427246094,21.989999771118164,10455.418865757018,713.100920223058
2023-05-17 00:00:00-04:00,173.86000061035156,22.8700008392334,10916.280829585714,741.6379633336472
2023-05-18 00:00:00-04:00,176.88999938964844,23.049999237060547,11106.527680339132,747.475026747254
2023-05-19 00:00:00-04:00,180.13999938964844,22.059999465942383,11310.587915997736,715.3708996370661
2023-05-22 00:00:00-04:00,188.8699951171875,24.209999084472656,11858.724834600886,785.0919875138761
2023-05-23 00:00:00-04:00,185.77000427246094,23.15999984741211,11664.083338504142,751.0421725991528
2023-05-24 00:00:00-04:00,182.89999389648438,23.270000457763672,11483.881801992013,754.6093184510514
2023-05-25 00:00:00-04:00,184.47000122070312,23.350000381469727,11582.459052627648,757.2035894745322
2023-05-26 00:00:00-04:00,193.1699981689453,23.25,12128.712414931477,753.9607352321061
2023-05-30 00:00:00-04:00,201.16000366210938,24.56999969482422,12630.387000731049,796.76623804569
2023-05-31 00:00:00-04:00,203.92999267578125,24.049999237060547,12804.308419470013,779.9034454669145
2023-06-01 00:00:00-04:00,207.52000427246094,24.100000381469727,13029.717223296344,781.5249035142776
2023-06-02 00:00:00-04:00,213.97000122070312,24.639999389648438,13434.698114759602,799.0362174596983
2023-06-05 00:00:00-04:00,217.61000061035156,24.309999465942383,13663.24554037463,788.3348417563022
2023-06-06 00:00:00-04:00,221.30999755859375,24.690000534057617,13895.560078588298,800.6576755070613
2023-06-07 00:00:00-04:00,224.57000732421875,26.110000610351562,14100.248805056848,846.7060325630712
2023-06-08 00:00:00-04:00,234.86000061035156,21.440000534057617,14746.334483485685,695.2653146681647
2023-06-09 00:00:00-04:00,244.39999389648438,22.68000030517578,15345.329338301002,735.4765464582676
2023-06-12 00:00:00-04:00,249.8300018310547,24.299999237060547,15686.267399456852,788.0105501468297
2023-06-13 00:00:00-04:00,258.7099914550781,26.950000762939453,16243.822099556604,873.94590923577
2023-06-14 00:00:00-04:00,256.7900085449219,25.700000762939453,16123.27066413907,833.4103858361945
2023-06-15 00:00:00-04:00,255.89999389648438,24.84000015258789,16067.388633708373,805.5219259445503
2023-06-16 00:00:00-04:00,260.5400085449219,24.559999465942383,16358.724782206693,796.4419464362174
2023-06-20 00:00:00-04:00,274.45001220703125,24.579999923706055,17232.102820761185,797.0905296551626
2023-06-21 00:00:00-04:00,259.4599914550781,24.43000030517578,16290.912923170128,792.2262792176736
2023-06-22 00:00:00-04:00,264.6099853515625,24.31999969482422,16614.26952875689,788.6591333657749
2023-06-23 00:00:00-04:00,256.6000061035156,23.700000762939453,16111.340835533205,768.5535483968735
2023-06-26 00:00:00-04:00,241.0500030517578,23.020000457763672,15134.990900999748,746.5022137711362
2023-06-27 00:00:00-04:00,250.2100067138672,23.579999923706055,15710.127056668589,764.6621109355021
2023-06-28 00:00:00-04:00,256.239990234375,24.979999542236328,16088.736243810843,810.0618847725668
2023-06-29 00:00:00-04:00,257.5,24.899999618530273,16167.84944064333,807.467613749086
2023-06-30 00:00:00-04:00,261.7699890136719,24.25,16435.95250660934,786.3891539517667
2023-07-03 00:00:00-04:00,279.82000732421875,24.90999984741211,17569.272811253133,807.7919053585586
2023-07-05 00:00:00-04:00,282.4800109863281,23.899999618530273,17736.288495604764,775.0391950294254
2023-07-06 00:00:00-04:00,276.5400085449219,22.829999923706055,17363.32901929521,740.3407968957569
2023-07-07 00:00:00-04:00,274.42999267578125,22.709999084472656,17230.845839141293,736.4493594343854
2023-07-10 00:00:00-04:00,269.6099853515625,23.540000915527344,16928.20835284705,763.3650063499117
2023-07-11 00:00:00-04:00,269.7900085449219,23.90999984741211,16939.51160677349,775.363486638898
2023-07-12 00:00:00-04:00,271.989990234375,23.440000534057617,17077.643539694855,760.1221521074857
2023-07-13 00:00:00-04:00,277.8999938964844,23.459999084472656,17448.719459705088,760.7706734741308
2023-07-14 00:00:00-04:00,281.3800048828125,22.969999313354492,17667.221571078822,744.8807557237732
2023-07-17 00:00:00-04:00,290.3800048828125,22.81999969482422,18232.311454441115,740.0165052862842
2023-07-18 00:00:00-04:00,293.3399963378906,23.079999923706055,18418.162701785946,748.447901575672
2023-07-19 00:00:00-04:00,291.260009765625,23.170000076293945,18287.564994061868,751.3664642086253
2023-07-20 00:00:00-04:00,262.8999938964844,22.90999984741211,16506.9029874346,742.9350679192376
2023-07-21 00:00:00-04:00,260.0199890136719,22.18000030517578,16326.073918177784,719.2623370984375
2023-07-24 00:00:00-04:00,269.05999755859375,23.040000915527344,16893.67584864934,747.1507969900815
2023-07-25 00:00:00-04:00,265.2799987792969,22.850000381469727,16656.3381742824,740.989380114702
2023-07-26 00:00:00-04:00,264.3500061035156,22.700000762939453,16597.94601287295,736.125129677213
2023-07-27 00:00:00-04:00,255.7100067138672,22.219999313354492,16055.459763167764,720.5594416840279
2023-07-28 00:00:00-04:00,266.44000244140625,21.93000030517578,16729.172211406978,711.1552324185224
2023-07-31 00:00:00-04:00,267.42999267578125,22.200000762939453,16791.331485415067,719.9109203173828
2023-08-01 00:00:00-04:00,261.07000732421875,21.5,16392.00222091503,697.2110024727003
2023-08-02 00:00:00-04:00,254.11000061035156,20.829999923706055,15954.99895623281,675.4839594564359
2023-08-03 00:00:00-04:00,259.32000732421875,20.93000030517578,16282.123632483474,678.7268136988619
2023-08-04 00:00:00-04:00,253.86000061035156,20.979999542236328,15939.302015028301,680.3482098939248
2023-08-07 00:00:00-04:00,251.4499969482422,21.06999969482422,15787.983271881183,683.2667725268783
2023-08-08 00:00:00-04:00,249.6999969482422,20.739999771118164,15678.104683449623,672.5653968234824
2023-08-09 00:00:00-04:00,242.19000244140625,19.93000030517578,15206.568914569694,646.2983949792015
2023-08-10 00:00:00-04:00,245.33999633789062,20.190000534057617,15404.349990520393,654.7297912685892
2023-08-11 00:00:00-04:00,242.64999389648438,20.190000534057617,15235.450749869446,654.7297912685892
2023-08-14 00:00:00-04:00,239.75999450683594,19.959999084472656,15053.994147867943,647.2712079553191
2023-08-15 00:00:00-04:00,232.9600067138672,19.329999923706055,14627.03811355753,626.8413313769452
2023-08-16 00:00:00-04:00,225.60000610351562,18.59000015258789,14164.9201261742,602.8443089466723
2023-08-17 00:00:00-04:00,219.22000122070312,18.3799991607666,13764.333880054272,596.0343088523475
2023-08-18 00:00:00-04:00,215.49000549316406,18.360000610351562,13530.135785541284,595.3857874857024
2023-08-21 00:00:00-04:00,231.27999877929688,18.479999542236328,14521.5541704693,599.2771630947736
2023-08-22 00:00:00-04:00,233.19000244140625,17.260000228881836,14641.479031207404,559.7145145236159
2023-08-23 00:00:00-04:00,236.86000061035156,16.889999389648438,14871.910013121751,547.7159723823295
2023-08-24 00:00:00-04:00,230.0399932861328,16.360000610351562,14443.696997191446,530.5289500463814
2023-08-25 00:00:00-04:00,238.58999633789062,17.1299991607666,14980.532577998676,555.4987854527719
2023-08-28 00:00:00-04:00,238.82000732421875,17.56999969482422,14994.974453713809,569.7673070080666
2023-08-29 00:00:00-04:00,257.17999267578125,18.239999771118164,16147.756896030234,591.4943500243312
2023-08-30 00:00:00-04:00,256.8999938964844,18.3700008392334,16130.176398526404,595.710079095175
2023-08-31 00:00:00-04:00,258.0799865722656,18.549999237060547,16204.26550114036,601.5471425087819
2023-09-01 00:00:00-04:00,245.00999450683594,18.420000076293945,15383.629913162611,597.331475290238
2023-09-05 00:00:00-04:00,256.489990234375,19.229999542236328,16104.43318501535,623.5984771345189
2023-09-06 00:00:00-04:00,251.9199981689453,18.75,15817.493597990879,608.032850993634
2023-09-07 00:00:00-04:00,251.49000549316406,18.889999389648438,15790.495318990448,612.5728098216505
2023-09-08 00:00:00-04:00,248.5,17.709999084472656,15602.759557281039,574.307265836083
2023-09-11 00:00:00-04:00,273.5799865722656,17.020000457763672,17177.475855819863,551.9317014531734
2023-09-12 00:00:00-04:00,267.4800109863281,17.229999542236328,16794.472023334278,558.741639695198
2023-09-13 00:00:00-04:00,271.29998779296875,17.809999465942383,17034.31982867997,577.550120078509
2023-09-14 00:00:00-04:00,276.0400085449219,18.329999923706055,17331.935136886194,594.4129126572846
2023-09-15 00:00:00-04:00,274.3900146484375,18.219999313354492,17228.335708162544,590.8457668053859
2023-09-18 00:00:00-04:00,265.2799987792969,17.549999237060547,16656.3381742824,569.1187237891213
2023-09-19 00:00:00-04:00,266.5,17.520000457763672,16732.93932400562,568.1459108130036
2023-09-20 00:00:00-04:00,262.5899963378906,17.520000457763672,16487.438933631453,568.1459108130036
2023-09-21 00:00:00-04:00,255.6999969482422,17.020000457763672,16054.83127235782,551.9317014531734
2023-09-22 00:00:00-04:00,244.8800048828125,17.18000030517578,15375.468155220646,557.1202435001351
2023-09-25 00:00:00-04:00,246.99000549316406,17.670000076293945,15507.950377309302,573.0101612504927
2023-09-26 00:00:00-04:00,244.1199951171875,16.780000686645508,15327.748840797172,544.1488883827309
2023-09-27 00:00:00-04:00,240.5,17.149999618530273,15100.45743873678,556.1473686717172
2023-09-28 00:00:00-04:00,246.3800048828125,16.84000015258789,15469.649802447691,546.0945761872665
2023-09-29 00:00:00-04:00,250.22000122070312,16.459999084472656,15710.754589413273,533.7717424365075
2023-10-02 00:00:00-04:00,251.60000610351562,15.390000343322754,15797.40201144304,499.07337522898877
2023-10-03 00:00:00-04:00,246.52999877929688,14.600000381469727,15479.067583944294,473.454925677503
2023-10-04 00:00:00-04:00,261.1600036621094,14.869999885559082,16397.652889812987,482.2105826502133
2023-10-05 00:00:00-04:00,260.04998779296875,14.710000038146973,16327.957474477105,477.0220406032517
2023-10-06 00:00:00-04:00,260.5299987792969,15.079999923706055,16358.096291396745,489.02055181838807
2023-10-09 00:00:00-04:00,259.6700134277344,15.399999618530273,16304.099733395888,499.39763591231133
2023-10-10 00:00:00-04:00,263.6199951171875,16.0,16552.110254748804,518.8546995145676
2023-10-11 00:00:00-04:00,262.989990234375,15.819999694824219,16512.55365633256,513.0175742486608
2023-10-12 00:00:00-04:00,258.8699951171875,15.09000015258789,16253.86837186315,489.3448434278606
2023-10-13 00:00:00-04:00,251.1199951171875,14.920000076293945,15767.2631945234,483.8320097714264
2023-10-16 00:00:00-04:00,253.9199981689453,14.430000305175781,15943.06912762694,467.94209202106873
2023-10-17 00:00:00-04:00,254.85000610351562,14.119999885559082,16001.462247101648,457.8892686104679
2023-10-18 00:00:00-04:00,242.67999267578125,13.850000381469727,15237.334306168765,449.13361163775767
2023-10-19 00:00:00-04:00,220.11000061035156,13.15999984741211,13820.21495241971,426.75798540254794
2023-10-20 00:00:00-04:00,211.99000549316406,13.4399995803833,13310.37860867817,435.83793398473085
2023-10-23 00:00:00-04:00,212.0800018310547,13.4399995803833,13316.029277576132,435.83793398473085
2023-10-24 00:00:00-04:00,216.52000427246094,14.039999961853027,13594.807106658634,455.2949975869871
2023-10-25 00:00:00-04:00,212.4199981689453,13.710000038146973,13337.376887678598,444.5936218835912
2023-10-26 00:00:00-04:00,205.75999450683594,13.5,12919.210144054841,437.7836527154165
2023-10-27 00:00:00-04:00,207.3000030517578,13.119999885559082,13015.903838391156,425.4608498908075
2023-10-30 00:00:00-04:00,197.36000061035156,12.800000190734863,12391.793302809474,415.0837657968841
2023-10-31 00:00:00-04:00,200.83999633789062,13.770000457763672,12610.294456117954,446.5393406142768
2023-11-01 00:00:00-04:00,205.66000366210938,13.010000228881836,12912.931942412195,421.8937349650589
2023-11-02 00:00:00-04:00,218.50999450683594,13.640000343322754,13719.754145484754,442.323642469583
2023-11-03 00:00:00-04:00,219.9600067138672,13.869999885559082,13810.79717092311,449.7821639305529
2023-11-06 00:00:00-05:00,219.27000427246094,13.529999732971191,13767.473459908226,438.75649661768426
2023-11-07 00:00:00-05:00,222.17999267578125,13.640000343322754,13950.185127399101,442.323642469583
2023-11-08 00:00:00-05:00,222.11000061035156,13.279999732971191,13945.790482055776,430.64939193776917
2023-11-09 00:00:00-05:00,209.97999572753906,12.699999809265137,13184.17458823216,411.8409115544581
2023-11-10 00:00:00-05:00,214.64999389648438,12.539999961853027,13477.393334964541,406.6523695074964
2023-11-13 00:00:00-05:00,223.7100067138672,12.140000343322754,14046.251288990728,393.6810143900923
2023-11-14 00:00:00-05:00,237.41000366210938,12.899999618530273,14906.443475384722,418.3265891131602
2023-11-15 00:00:00-05:00,242.83999633789062,13.270000457763672,15247.380578475313,430.3251312544466
2023-11-16 00:00:00-05:00,233.58999633789062,12.529999732971191,14666.593753908512,406.3280778980238
2023-11-17 00:00:00-05:00,234.3000030517578,13.029999732971191,14711.17348847803,422.542287257854
2023-11-20 00:00:00-05:00,235.60000610351562,12.800000190734863,14792.797774354523,415.0837657968841
2023-11-21 00:00:00-05:00,241.1999969482422,12.550000190734863,15144.40868249635,406.976661116969
2023-11-22 00:00:00-05:00,234.2100067138672,12.289999961853027,14705.52281958007,398.5452648275813
2023-11-24 00:00:00-05:00,235.4499969482422,12.199999809265137,14783.379034792666,395.62670219462785
2023-11-27 00:00:00-05:00,236.0800018310547,11.90999984741211,14822.935633208908,386.2224620029723
2023-11-28 00:00:00-05:00,246.72000122070312,13.489999771118164,15490.997412550161,437.45936110594386
2023-11-29 00:00:00-05:00,244.13999938964844,16.25,15329.004864351808,526.9618041944829
2023-11-30 00:00:00-05:00,240.0800018310547,14.550000190734863,15074.086692481038,471.83349855629
2023-12-01 00:00:00-05:00,238.8300018310547,15.300000190734863,14995.601986458496,496.15481259603536
2023-12-04 00:00:00-05:00,235.5800018310547,16.979999542236328,14791.541750799892,550.634535015283
2023-12-05 00:00:00-05:00,238.72000122070312,14.90999984741211,14988.695294005902,483.50771816195373
2023-12-06 00:00:00-05:00,239.3699951171875,14.84000015258789,15029.506957911519,481.2377387479455
2023-12-07 00:00:00-05:00,242.63999938964844,16.360000610351562,15234.823217124758,530.5289500463814
2023-12-08 00:00:00-05:00,243.83999633789062,15.550000190734863,15310.168343293344,504.26191727595045
2023-12-11 00:00:00-05:00,239.74000549316406,15.069999694824219,15052.739082378568,488.6962602089154
2023-12-12 00:00:00-05:00,237.00999450683594,15.220000267028809,14881.327794618352,493.56054157255454
2023-12-13 00:00:00-05:00,239.2899932861328,16.690000534057617,15024.483821758247,541.2303257497774
2023-12-14 00:00:00-05:00,251.0500030517578,17.440000534057617,15762.868549180072,565.5516397895228
2023-12-15 00:00:00-05:00,253.5,17.260000228881836,15916.6983813712,559.7145145236159
2023-12-18 00:00:00-05:00,252.0800018310547,17.860000610351562,15827.539870297425,579.1715781258722
2023-12-19 00:00:00-05:00,257.2200012207031,17.719999313354492,16150.2689431395,574.6315574455557
2023-12-20 00:00:00-05:00,247.13999938964844,16.93000030517578,15517.368158805903,549.0131388202199
2023-12-21 00:00:00-05:00,254.5,16.979999542236328,15979.48614618923,550.634535015283
2023-12-22 00:00:00-05:00,252.5399932861328,16.969999313354492,15856.421705597173,550.3102434058103
2023-12-26 00:00:00-05:00,256.6099853515625,17.360000610351562,16111.967410212632,562.957368766042
2023-12-27 00:00:00-05:00,261.44000244140625,18.3700008392334,16415.233387316817,595.710079095175
2023-12-28 00:00:00-05:00,253.17999267578125,18.06999969482422,15896.605836758104,585.9815163678968
2023-12-29 00:00:00-05:00,248.47999572753906,17.530000686645508,15601.503533726403,568.4702024224762
2024-01-02 00:00:00-05:00,248.4199981689453,16.670000076293945,15597.736421127764,540.5817425308322
2024-01-03 00:00:00-05:00,238.4499969482422,16.690000534057617,14971.74232924676,541.2303257497774
2024-01-04 00:00:00-05:00,237.92999267578125,16.360000610351562,14939.092423283111,530.5289500463814
2024-01-05 00:00:00-05:00,237.49000549316406,15.960000038146973,14911.466611537995,517.5575640028272
2024-01-08 00:00:00-05:00,240.4499969482422,15.789999961853027,15097.317858882827,512.044730346393
2024-01-09 00:00:00-05:00,234.9600067138672,15.15999984741211,14752.613643193592,491.6148228418689
2024-01-10 00:00:00-05:00,233.94000244140625,15.729999542236328,14688.56985482093,510.09901161570735
2024-01-11 00:00:00-05:00,227.22000122070312,15.25,14266.635998598531,494.5333854748223
2024-01-12 00:00:00-05:00,218.88999938964844,14.75,13743.613802696489,478.3191761149921
2024-01-16 00:00:00-05:00,219.91000366210938,13.979999542236328,13807.657591069155,453.34927885630145
2024-01-17 00:00:00-05:00,215.5500030517578,14.079999923706055,13533.902898139922,456.5921330987275
2024-01-18 00:00:00-05:00,211.8800048828125,14.289999961853027,13303.471916225575,463.40210226690226
2024-01-19 00:00:00-05:00,212.19000244140625,14.510000228881836,13322.935970028726,470.5363630445496
2024-01-22 00:00:00-05:00,208.8000030517578,14.899999618530273,13110.085485618205,483.18342655248114
2024-01-23 00:00:00-05:00,209.13999938964844,14.180000305175781,13131.433095720675,459.8349873411537
2024-01-24 00:00:00-05:00,207.8300018310547,13.949999809265137,13049.181277099493,452.3764349540337
2024-01-25 00:00:00-05:00,182.6300048828125,14.520000457763672,11466.929795298129,470.86065465402214
2024-01-26 00:00:00-05:00,183.25,14.489999771118164,11505.857902904427,469.8877798256044
2024-01-29 00:00:00-05:00,190.92999267578125,14.779999732971191,11988.067476835591,479.2920200172599
2024-01-30 00:00:00-05:00,191.58999633789062,14.550000190734863,12029.507631551154,471.83349855629
2024-01-31 00:00:00-05:00,187.2899932861328,14.229999542236328,11759.520051220563,461.45638353621666
2024-02-01 00:00:00-05:00,188.86000061035156,14.420000076293945,11858.0973018562,467.61780041159614
2024-02-02 00:00:00-05:00,187.91000366210938,14.729999542236328,11798.44911689212,477.67059289604686
2024-02-05 00:00:00-05:00,181.05999755859375,13.460000038146973,11368.352544662495,436.4865172036761
2024-02-06 00:00:00-05:00,185.10000610351562,14.100000381469727,11622.015651043892,457.2407163176728
2024-02-07 00:00:00-05:00,187.5800018310547,14.069999694824219,11777.729039534339,456.267841489255
2024-02-08 00:00:00-05:00,189.55999755859375,14.350000381469727,11902.04854561577,465.3478209975879
2024-02-09 00:00:00-05:00,193.57000732421875,14.65999984741211,12153.828095697845,475.40061348203864
2024-02-12 00:00:00-05:00,188.1300048828125,14.729999542236328,11812.262501797308,477.67059289604686
2024-02-13 00:00:00-05:00,184.02000427246094,14.170000076293945,11554.204750072584,459.51069573168104
2024-02-14 00:00:00-05:00,188.7100067138672,14.40999984741211,11848.679520359598,467.29350880212354
2024-02-15 00:00:00-05:00,200.4499969482422,14.510000228881836,12585.807266161533,470.5363630445496
2024-02-16 00:00:00-05:00,199.9499969482422,14.119999885559082,12554.413383752515,457.8892686104679
2024-02-20 00:00:00-05:00,193.75999450683594,13.489999771118164,12165.756966238454,437.45936110594386
2024-02-21 00:00:00-05:00,194.77000427246094,13.40999984741211,12229.173221866433,434.865090082463
2024-02-22 00:00:00-05:00,197.41000366210938,13.359999656677246,12394.932882663426,433.24366296125004
2024-02-23 00:00:00-05:00,191.97000122070312,13.510000228881836,12053.367288762889,438.10794432488905
2024-02-26 00:00:00-05:00,199.39999389648438,13.680000305175781,12519.879921489546,443.6207779813234
2024-02-27 00:00:00-05:00,199.72999572753906,14.210000038146973,12540.599998847329,460.80783124342145
2024-02-28 00:00:00-05:00,202.0399932861328,14.239999771118164,12685.639582286542,461.7806751456892
2024-02-29 00:00:00-05:00,201.8800048828125,14.270000457763672,12675.594268045252,462.75354997410705
2024-03-01 00:00:00-05:00,202.63999938964844,14.949999809265137,12723.312624403463,484.80485367369414
2024-03-04 00:00:00-05:00,188.13999938964844,15.220000267028809,11812.890034541995,493.56054157255454
2024-03-05 00:00:00-05:00,180.74000549316406,15.0,11348.260958114659,486.4262807949072
2024-03-06 00:00:00-05:00,176.5399932861328,15.260000228881836,11084.551579426716,494.85767708429495
2024-03-07 00:00:00-05:00,178.64999389648438,15.260000228881836,11217.033801515374,494.85767708429495
2024-03-08 00:00:00-05:00,175.33999633789062,14.649999618530273,11009.20645325813,475.076321872566
2024-03-11 00:00:00-04:00,177.77000427246094,14.430000305175781,11161.781219959883,467.94209202106873
2024-03-12 00:00:00-04:00,177.5399932861328,14.720000267028809,11147.339344244749,477.3463322127243
2024-03-13 00:00:00-04:00,169.47999572753906,14.869999885559082,10641.27011310185,482.2105826502133
2024-03-14 00:00:00-04:00,162.5,14.630000114440918,10203.011782930256,474.4277695797709
2024-03-15 00:00:00-04:00,163.57000732421875,14.239999771118164,10270.195151156875,461.7806751456892
2024-03-18 00:00:00-04:00,173.8000030517578,13.90999984741211,10912.513716987074,451.0792994422933
2024-03-19 00:00:00-04:00,171.32000732421875,13.40999984741211,10756.800328496625,434.865090082463
2024-03-20 00:00:00-04:00,175.66000366210938,13.479999542236328,11029.298997871225,437.1350694964712
2024-03-21 00:00:00-04:00,172.82000732421875,13.65999984741211,10850.981975723675,442.9721947623782
2024-03-22 00:00:00-04:00,170.8300018310547,13.100000381469727,10726.033978832296,424.81229759801226
2024-03-25 00:00:00-04:00,172.6300048828125,15.119999885559082,10839.052147117805,490.3176873301285
2024-03-26 00:00:00-04:00,177.6699981689453,15.5,11155.502060251976,502.6404901547375
2024-03-27 00:00:00-04:00,179.8300018310547,13.170000076293945,11291.123862194587,427.0822770120206
2024-03-28 00:00:00-04:00,175.7899932861328,12.520000457763672,11037.460755813192,406.00381721470126
2024-04-01 00:00:00-04:00,175.22000122070312,11.989999771118164,11001.672228060848,388.81673302645316
2024-04-02 00:00:00-04:00,166.6300048828125,11.279999732971191,10462.325558209612,365.7925544984482
2024-04-03 00:00:00-04:00,168.3800048828125,11.380000114440918,10572.20414664117,369.03540874087423
2024-04-04 00:00:00-04:00,171.11000061035156,11.529999732971191,10743.614476336126,373.8996591783633
2024-04-05 00:00:00-04:00,164.89999389648438,11.25,10353.70203526743,364.8197105961804
2024-04-08 00:00:00-04:00,172.97999572753906,10.829999923706055,10861.027289964963,351.19977225983104
2024-04-09 00:00:00-04:00,176.8800048828125,11.010000228881836,11105.900147594444,357.0368975257379
2024-04-10 00:00:00-04:00,171.75999450683594,10.850000381469727,10784.426140241741,351.8483554787762
2024-04-11 00:00:00-04:00,174.60000610351562,11.289999961853027,10962.74412045455,366.1168461079208
2024-04-12 00:00:00-04:00,171.0500030517578,10.770000457763672,10739.847363737485,349.2540844552954
2024-04-15 00:00:00-04:00,161.47999572753906,10.0600004196167,10138.96799455759,326.2299059272904
2024-04-16 00:00:00-04:00,157.11000061035156,10.369999885559082,9864.585768883673,336.2826984117412
2024-04-17 00:00:00-04:00,155.4499969482422,10.300000190734863,9760.357849350075,334.012718997733
2024-04-18 00:00:00-04:00,149.92999267578125,10.3100004196167,9413.769119296265,334.33701060720557
2024-04-19 00:00:00-04:00,147.0500030517578,10.420000076293945,9232.941008104708,337.9041255329542
2024-04-22 00:00:00-04:00,142.0500030517578,10.010000228881836,8919.002184014545,324.6084788060774
2024-04-23 00:00:00-04:00,144.67999267578125,10.15999984741211,9084.133354001595,329.47272924356645
2024-04-24 00:00:00-04:00,162.1300048828125,10.930000305175781,10179.780616528467,354.44262650225704
2024-04-25 00:00:00-04:00,170.17999267578125,11.210000038146973,10685.22135686142,363.52257508443995
2024-04-26 00:00:00-04:00,168.2899932861328,11.899999618530273,10566.552519677949,385.8981703934997
2024-04-29 00:00:00-04:00,194.0500030517578,11.289999961853027,12183.965954552228,366.1168461079208
2024-04-30 00:00:00-04:00,183.27999877929688,11.09000015258789,11507.741459203748,359.6311685492187
2024-05-01 00:00:00-04:00,179.99000549316406,10.90999984741211,11301.170134501135,353.7940432833118
2024-05-02 00:00:00-04:00,180.00999450683594,12.760000228881836,11302.425199990508,413.7866302851437
2024-05-03 00:00:00-04:00,181.19000244140625,16.469999313354492,11376.515260669721,534.0960340459801
2024-05-06 00:00:00-04:00,184.75999450683594,16.309999465942383,11600.667082876163,528.9074919990184
2024-05-07 00:00:00-04:00,177.80999755859375,16.309999465942383,11164.29230900389,528.9074919990184
2024-05-08 00:00:00-04:00,174.72000122070312,15.920000076293945,10970.278345651832,516.2604284910868
2024-05-09 00:00:00-04:00,171.97000122070312,18.010000228881836,10797.611992402242,584.0358285633613
2024-05-10 00:00:00-04:00,168.47000122070312,17.459999084472656,10577.85481553913,566.200161156168
2024-05-13 00:00:00-04:00,171.88999938964844,30.450000762939453,10792.588856248969,987.4453747545816
2024-05-14 00:00:00-04:00,177.5500030517578,48.75,11147.967835054695,1580.8854125834484
2024-05-15 00:00:00-04:00,173.99000549316406,39.54999923706055,10924.44354559294,1282.5439356216518
2024-05-16 00:00:00-04:00,174.83999633789062,27.670000076293945,10977.812570849113,897.2943484470975
2024-05-17 00:00:00-04:00,177.4600067138672,22.209999084472656,11142.317166156734,720.2351500745552
2024-05-20 00:00:00-04:00,174.9499969482422,23.139999389648438,10984.719263301708,750.3935893802075
2024-05-21 00:00:00-04:00,186.60000610351562,22.1200008392334,11716.19729827094,717.3166492939018
2024-05-22 00:00:00-04:00,180.11000061035156,21.1200008392334,11308.704359698417,684.8882305742414
2024-05-23 00:00:00-04:00,173.74000549316406,18.31999969482422,10908.746604388434,594.088621047812
2024-05-24 00:00:00-04:00,179.24000549316406,19.0,11254.07931088761,616.1399556735491
2024-05-28 00:00:00-04:00,176.75,23.780000686645508,11097.737431587217,771.1478194203543
2024-05-29 00:00:00-04:00,176.19000244140625,21.239999771118164,11062.57643657956,688.7796061833126
2024-05-30 00:00:00-04:00,178.7899932861328,22.610000610351562,11225.824050267289,733.2065670442595
2024-05-31 00:00:00-04:00,178.0800018310547,23.139999389648438,11181.24527376303,750.3935893802075
2024-06-03 00:00:00-04:00,176.2899932861328,28.0,11068.854638222208,907.9957241504934
2024-06-04 00:00:00-04:00,174.77000427246094,26.5,10973.417925505786,859.3530960710027
2024-06-05 00:00:00-04:00,175.0,31.56999969482422,10987.85884315566,1023.7651690833135
2024-06-06 00:00:00-04:00,177.94000244140625,46.54999923706055,11172.455025011117,1509.5428666592752
2024-06-07 00:00:00-04:00,177.47999572753906,28.219999313354492,11143.572231646109,915.1299540019908
2024-06-10 00:00:00-04:00,173.7899932861328,24.829999923706055,10911.885226177126,805.1976343350777
2024-06-11 00:00:00-04:00,170.66000366210938,30.489999771118164,10715.360173781062,988.742479340172
2024-06-12 00:00:00-04:00,177.2899932861328,25.459999084472656,11131.64240304024,825.6275109134517
2024-06-13 00:00:00-04:00,182.47000122070312,29.1200008392334,11456.883522991584,944.3155803315252
2024-06-14 00:00:00-04:00,178.00999450683594,28.700000762939453,11176.849670354444,930.6956419951758
2024-06-17 00:00:00-04:00,187.44000244140625,25.219999313354492,11768.938790782424,817.8446978430094
2024-06-18 00:00:00-04:00,184.86000061035156,24.700000762939453,11606.94624258407,800.9819671165338
2024-06-20 00:00:00-04:00,181.57000732421875,25.59000015258789,11400.374917881458,829.8432399842957
2024-06-21 00:00:00-04:00,183.00999450683594,23.93000030517578,11490.788494444607,776.0120698578432
2024-06-24 00:00:00-04:00,182.5800018310547,23.649999618530273,11463.790215444176,766.9320903495103
2024-06-25 00:00:00-04:00,187.35000610351562,24.93000030517578,11763.288121884463,808.4404885775039
2024-06-26 00:00:00-04:00,196.3699951171875,24.200000762939453,12329.633070736129,784.7677577567036
2024-06-27 00:00:00-04:00,197.4199981689453,25.09000015258789,12395.560415408114,813.6290306244655
2024-06-28 00:00:00-04:00,197.8800048828125,24.690000534057617,12424.443208773122,800.6576755070613
2024-07-01 00:00:00-04:00,209.86000061035156,23.329999923706055,13176.640363034878,756.5550062555869
2024-07-02 00:00:00-04:00,231.25999450683594,23.979999542236328,14520.298146914667,777.6334660529063
2024-07-03 00:00:00-04:00,246.38999938964844,24.3700008392334,15470.277335192379,790.2805914131379
2024-07-05 00:00:00-04:00,251.52000427246094,24.18000030517578,15792.378875289767,784.1191745377583
2024-07-08 00:00:00-04:00,252.94000244140625,24.450000762939453,15881.537386363541,792.8748624366187
2024-07-09 00:00:00-04:00,262.3299865722656,24.600000381469727,16471.113501616997,797.7391128741078
2024-07-10 00:00:00-04:00,263.260009765625,24.969999313354492,16529.50757915696,809.7375931630941
2024-07-11 00:00:00-04:00,241.02999877929688,25.56999969482422,15133.734877445117,829.1946567653504
2024-07-12 00:00:00-04:00,248.22999572753906,26.049999237060547,15585.806592521896,844.7602829062355
2024-07-15 00:00:00-04:00,252.63999938964844,27.0,15862.700865305082,875.567305430833
2024-07-16 00:00:00-04:00,256.55999755859375,28.540000915527344,16108.828788423938,925.5070999482141
2024-07-17 00:00:00-04:00,248.5,27.979999542236328,15602.759557281039,907.3471409315482
2024-07-18 00:00:00-04:00,249.22999572753906,25.8799991607666,15648.594357339929,839.2474492498012
2024-07-19 00:00:00-04:00,239.1999969482422,24.969999313354492,15018.833152860285,809.7375931630941
2024-07-22 00:00:00-04:00,251.50999450683594,25.219999313354492,15791.750384479821,817.8446978430094
2024-07-23 00:00:00-04:00,246.3800048828125,25.5,15469.649802447691,826.9246773513423
2024-07-24 00:00:00-04:00,215.99000549316406,24.010000228881836,13561.529667950299,778.6063408813242
2024-07-25 00:00:00-04:00,220.25,23.950000762939453,13829.005201171623,776.6606530767885
2024-07-26 00:00:00-04:00,219.8000030517578,24.1299991607666,13800.750898616561,782.4977164903953
2024-07-29 00:00:00-04:00,232.10000610351562,23.600000381469727,14573.04059749141,765.3106941544473
2024-07-30 00:00:00-04:00,222.6199951171875,22.399999618530273,13977.811897209478,726.3965669499347
2024-07-31 00:00:00-04:00,232.07000732421875,22.670000076293945,14571.157041192091,735.1522548487951
2024-08-01 00:00:00-04:00,216.86000061035156,21.709999084472656,13616.154716761104,704.020940714725
2024-08-02 00:00:00-04:00,207.6699981689453,21.06999969482422,13039.135004792945,683.2667725268783
2024-08-05 00:00:00-04:00,198.8800048828125,20.649999618530273,12487.230973591155,669.6468341905289
2024-08-06 00:00:00-04:00,200.63999938964844,21.280000686645508,12597.737094767399,690.0767726212031
2024-08-07 00:00:00-04:00,191.75999450683594,20.829999923706055,12040.18143660239,675.4839594564359
2024-08-08 00:00:00-04:00,198.83999633789062,21.75,12484.71892648189,705.3181071526154
2024-08-09 00:00:00-04:00,200.0,21.93000030517578,12557.55296360647,711.1552324185224
2024-08-12 00:00:00-04:00,197.49000549316406,21.8799991607666,12399.956018816702,709.5337743711592
2024-08-13 00:00:00-04:00,207.8300018310547,22.270000457763672,13049.181277099493,722.1808997313909
2024-08-14 00:00:00-04:00,201.3800048828125,21.989999771118164,12644.200385636235,713.100920223058
2024-08-15 00:00:00-04:00,214.13999938964844,22.530000686645508,13445.371919810836,730.6122960207787
2024-08-16 00:00:00-04:00,216.1199951171875,22.399999618530273,13569.691425892268,726.3965669499347
2024-08-19 00:00:00-04:00,222.72000122070312,22.65999984741211,13984.091056917385,734.8279632393225
2024-08-20 00:00:00-04:00,221.10000610351562,22.280000686645508,13882.375184493054,722.5051913408636
2024-08-21 00:00:00-04:00,223.27000427246094,22.549999237060547,14018.624519180355,731.2608173874238
2024-08-22 00:00:00-04:00,210.66000366210938,22.1200008392334,13226.870766502356,717.3166492939018
2024-08-23 00:00:00-04:00,220.32000732421875,22.209999084472656,13833.400804580211,720.2351500745552
2024-08-26 00:00:00-04:00,213.2100067138672,21.360000610351562,13386.97975840139,692.6710436446839
2024-08-27 00:00:00-04:00,209.2100067138672,20.739999771118164,13135.82869912926,672.5653968234824
2024-08-28 00:00:00-04:00,205.75,19.899999618530273,12918.582611310154,645.3255201507835
2024-08-29 00:00:00-04:00,206.27999877929688,21.510000228881836,12951.860050018491,697.535294082173
2024-08-30 00:00:00-04:00,214.11000061035156,23.420000076293945,13443.488363511517,759.4735688885405
2024-09-03 00:00:00-04:00,210.60000610351562,23.139999389648438,13223.103653903714,750.3935893802075
2024-09-04 00:00:00-04:00,219.41000366210938,22.1200008392334,13776.263708660139,717.3166492939018
2024-09-05 00:00:00-04:00,230.1699981689453,22.389999389648438,14451.859713198672,726.072275340462
2024-09-06 00:00:00-04:00,210.72999572753906,23.920000076293945,13231.265411845683,775.6877782483707
2024-09-09 00:00:00-04:00,216.27000427246094,24.25,13579.110165454127,786.3891539517667
2024-09-10 00:00:00-04:00,226.1699981689453,23.450000762939453,14200.708653926544,760.4464437169584
2024-09-11 00:00:00-04:00,228.1300048828125,20.639999389648438,14323.773094518603,669.3225425810563
2024-09-12 00:00:00-04:00,229.80999755859375,20.399999618530273,14429.25607954157,661.5397295106137
2024-09-13 00:00:00-04:00,230.2899932861328,20.649999618530273,14459.393938395953,669.6468341905289
2024-09-16 00:00:00-04:00,226.77999877929688,20.09000015258789,14239.009228788154,651.486937026163
2024-09-17 00:00:00-04:00,227.8699951171875,20.15999984741211,14307.447662504148,653.7569164401713
2024-09-18 00:00:00-04:00,227.1999969482422,19.649999618530273,14265.379975043896,637.2184154708684
2024-09-19 00:00:00-04:00,243.9199981689453,19.510000228881836,15315.19147944662,632.678456642852
2024-09-20 00:00:00-04:00,238.25,21.850000381469727,14959.184967896206,708.5609613950414
2024-09-23 00:00:00-04:00,250.0,22.309999465942383,15696.941204508088,723.4780043169814
2024-09-24 00:00:00-04:00,254.27000427246094,22.6299991607666,15965.045228539355,733.8550884109046
2024-09-25 00:00:00-04:00,257.0199890136719,22.18000030517578,16137.710623723686,719.2623370984375
2024-09-26 00:00:00-04:00,254.22000122070312,22.290000915527344,15961.905648685402,722.8294829503362
2024-09-27 00:00:00-04:00,260.4599914550781,22.479999542236328,16353.700687988161,728.9908379734155
2024-09-30 00:00:00-04:00,261.6300048828125,22.93000030517578,16427.163215922683,743.5836511381829
2024-10-01 00:00:00-04:00,258.0199890136719,21.969999313354492,16200.49838854172,712.4523370041128
2024-10-02 00:00:00-04:00,249.02000427246094,21.489999771118164,15635.409463244687,696.8867108632277
2024-10-03 00:00:00-04:00,240.66000366210938,21.200000762939453,15110.503711043328,687.4825015977223
2024-10-04 00:00:00-04:00,250.0800018310547,21.399999618530273,15701.96434066136,693.9681482302743
2024-10-07 00:00:00-04:00,240.8300018310547,20.899999618530273,15121.177516094562,677.753938870444
2024-10-08 00:00:00-04:00,244.5,20.709999084472656,15351.608498008909,671.5925219950644
2024-10-09 00:00:00-04:00,241.0500030517578,20.5,15134.990900999748,664.78258375304
2024-10-10 00:00:00-04:00,238.77000427246094,20.90999984741211,14991.834873859856,678.0782304799167
2024-10-11 00:00:00-04:00,217.8000030517578,20.829999923706055,13675.175368980495,675.4839594564359
2024-10-14 00:00:00-04:00,219.16000366210938,21.329999923706055,13760.566767455632,691.698168816266
2024-10-15 00:00:00-04:00,219.57000732421875,21.270000457763672,13786.309980966686,689.7524810117304
2024-10-16 00:00:00-04:00,221.3300018310547,21.65999984741211,13896.81610214293,702.3995445196621
2024-10-17 00:00:00-04:00,220.88999938964844,21.40999984741211,13869.189332332553,694.2924398397469
2024-10-18 00:00:00-04:00,220.6999969482422,21.219999313354492,13857.259503726687,688.1310229643674
2024-10-21 00:00:00-04:00,218.85000610351562,20.700000762939453,13741.102713652484,671.268292237892
2024-10-22 00:00:00-04:00,217.97000122070312,20.93000030517578,13685.849174031731,678.7268136988619
2024-10-23 00:00:00-04:00,213.64999389648438,20.540000915527344,13414.605570146507,666.0797501909303
2024-10-24 00:00:00-04:00,260.4800109863281,20.6299991607666,16354.957669608051,668.9982509715836
2024-10-25 00:00:00-04:00,269.19000244140625,20.56999969482422,16901.83856465657,667.0525631670481
2024-10-28 00:00:00-04:00,262.510009765625,22.729999542236328,16482.416755543436,737.0979426533306
2024-10-29 00:00:00-04:00,259.5199890136719,22.68000030517578,16294.680035768766,735.4765464582676
2024-10-30 00:00:00-04:00,257.54998779296875,23.280000686645508,16170.988062432021,754.933610060524
2024-10-31 00:00:00-04:00,249.85000610351562,22.18000030517578,15687.523423011484,719.2623370984375
2024-11-01 00:00:00-04:00,248.97999572753906,22.40999984741211,15632.897416135422,726.7208585594074
2024-11-04 00:00:00-05:00,242.83999633789062,22.329999923706055,15247.380578475313,724.1265875359265
2024-11-05 00:00:00-05:00,251.44000244140625,22.989999771118164,15787.355739136496,745.5293389427184
2024-11-06 00:00:00-05:00,288.5299987792969,23.100000381469727,18116.15370630165,749.0964847946171
2024-11-07 00:00:00-05:00,296.9100036621094,23.450000762939453,18642.315482057646,760.4464437169584
2024-11-08 00:00:00-05:00,321.2200012207031,24.8799991607666,20168.68589149357,806.8190305301407
2024-11-11 00:00:00-05:00,350.0,27.260000228881836,21975.71768631132,883.9987017202207
2024-11-12 00:00:00-05:00,328.489990234375,26.84000015258789,20625.152251913678,870.3787633838713
2024-11-13 00:00:00-05:00,330.239990234375,26.459999084472656,20735.030840345236,858.0559296331122
2024-11-14 00:00:00-05:00,311.17999267578125,27.3700008392334,19538.29619620398,887.5658475721193
2024-11-15 00:00:00-05:00,320.7200012207031,26.59000015258789,20137.292009084555,862.2716587039563
2024-11-18 00:00:00-05:00,338.739990234375,26.440000534057617,21268.72684129851,857.4074082664671
2024-11-19 00:00:00-05:00,346.0,27.56999969482422,21724.566627039192,894.0514942046715
2024-11-20 00:00:00-05:00,342.0299987792969,28.450000762939453,21475.299124066383,922.5885373152607
2024-11-21 00:00:00-05:00,339.6400146484375,27.81999969482422,21325.237362539156,902.1585988845866
2024-11-22 00:00:00-05:00,352.55999755859375,27.899999618530273,22136.454210955042,904.7528699080674
2024-11-25 00:00:00-05:00,338.5899963378906,29.670000076293945,21259.30905980191,962.1511858864185
2024-11-26 00:00:00-05:00,338.2300109863281,30.329999923706055,21236.706384210065,983.5539372932103
2024-11-27 00:00:00-05:00,332.8900146484375,30.889999389648438,20901.419950017436,1001.7138344575762
2024-11-29 00:00:00-05:00,345.1600036621094,29.049999237060547,21671.825134527706,942.0455390652169
2024-12-02 00:00:00-05:00,357.0899963378906,27.270000457763672,22420.882708935507,884.3229933296934
2024-12-03 00:00:00-05:00,351.4200134277344,27.440000534057617,22064.877155450355,889.8358269861276
2024-12-04 00:00:00-05:00,357.92999267578125,27.030000686645508,22473.624201446994,876.5401802592509
2024-12-05 00:00:00-05:00,369.489990234375,28.6299991607666,23199.450609453008,928.4256007288675
2024-12-06 00:00:00-05:00,389.2200012207031,29.059999465942383,24438.25389911977,942.3698306746894
2024-12-09 00:00:00-05:00,389.7900085449219,27.93000030517578,24474.043384937373,905.7257447364852
2024-12-10 00:00:00-05:00,400.989990234375,26.93000030517578,25177.265201221024,873.2973260168247
2024-12-11 00:00:00-05:00,424.7699890136719,28.969999313354492,26670.358171948614,939.4512680417361
2024-12-12 00:00:00-05:00,418.1000061035156,28.75,26251.564853645425,932.3170381902388
2024-12-13 00:00:00-05:00,436.2300109863281,27.989999771118164,27389.907336377233,907.6714325410207
2024-12-16 00:00:00-05:00,463.0199890136719,29.440000534057617,29071.99017623835,954.6926644254486
2024-12-17 00:00:00-05:00,479.8599853515625,31.260000228881836,30129.335905838354,1013.7123765988626
2024-12-18 00:00:00-05:00,440.1300048828125,28.549999237060547,27634.77923594146,925.8313297053867
2024-12-19 00:00:00-05:00,436.1700134277344,29.0,27386.140223778595,940.4241428701539
2024-12-20 00:00:00-05:00,421.05999755859375,29.81999969482422,26437.41610099026,967.0154363239075
2024-12-23 00:00:00-05:00,430.6000061035156,30.899999618530273,27036.41191387083,1002.0381260670488
2024-12-24 00:00:00-05:00,462.2799987792969,31.139999389648438,29025.52784343477,1009.8209391374913
2024-12-26 00:00:00-05:00,454.1300048828125,32.9900016784668,28513.807943393913,1069.8135879916233
2024-12-27 00:00:00-05:00,431.6600036621094,32.20000076293945,27102.9667912875,1044.1951075139875
2024-12-30 00:00:00-05:00,417.4100036621094,32.0099983215332,26208.241142630544,1038.0336287863079
2024-12-31 00:00:00-05:00,403.8399963378906,31.34000015258789,25356.21071417852,1016.3066476223435
2025-01-02 00:00:00-05:00,379.2799987792969,30.65999984741211,23814.14336353809,994.2553129966063
2025-01-03 00:00:00-05:00,410.44000244140625,31.649999618530273,25770.610345203637,1026.3594401067942
2025-01-06 00:00:00-05:00,411.04998779296875,32.81999969482422,25808.90996199999,1064.300692482889
2025-01-07 00:00:00-05:00,394.3599853515625,33.369998931884766,24760.982013896584,1082.1362980377821
2025-01-08 00:00:00-05:00,394.94000244140625,32.959999084472656,24797.399990524136,1068.8406513109055
2025-01-10 00:00:00-05:00,394.739990234375,32.310001373291016,24784.841671108323,1047.7622533658862
2025-01-13 00:00:00-05:00,403.30999755859375,31.020000457763672,25322.933275470183,1005.9295635284201
2025-01-14 00:00:00-05:00,396.3599853515625,27.8799991607666,24886.557543532654,904.1042866891221
2025-01-15 00:00:00-05:00,428.2200012207031,27.959999084472656,26886.976727023033,906.6985577126029
2025-01-16 00:00:00-05:00,413.82000732421875,27.719999313354492,25982.833296869467,898.9157446421605
2025-01-17 00:00:00-05:00,426.5,27.510000228881836,26778.981694890797,892.1058064001357
2025-01-21 00:00:00-05:00,424.07000732421875,27.469999313354492,26626.4078862543,890.8086399622454
2025-01-22 00:00:00-05:00,415.1099853515625,27.649999618530273,26063.82813387076,896.6457652281523
2025-01-23 00:00:00-05:00,412.3800048828125,28.329999923706055,25892.41876224106,918.6970998538894
2025-01-24 00:00:00-05:00,406.5799865722656,27.770000457763672,25528.248576618163,900.5372026895236
2025-01-27 00:00:00-05:00,397.1499938964844,26.969999313354492,24936.160414255442,874.5944306024152
2025-01-28 00:00:00-05:00,398.0899963378906,27.459999084472656,24995.181066474834,890.4843483527727
2025-01-29 00:00:00-05:00,389.1000061035156,27.510000228881836,24430.71967392249,892.1058064001357
2025-01-30 00:00:00-05:00,400.2799987792969,27.989999771118164,25132.686424716765,907.6714325410207
2025-01-31 00:00:00-05:00,404.6000061035156,26.899999618530273,25403.93002860199,872.3244511884069
2025-02-03 00:00:00-05:00,383.67999267578125,25.889999389648438,24090.409145511323,839.5717408592737
2025-02-04 00:00:00-05:00,392.2099914550781,25.899999618530273,24625.988702763923,839.8960324687463
2025-02-05 00:00:00-05:00,378.1700134277344,24.93000030517578,23744.44986433272,808.4404885775039
2025-02-06 00:00:00-05:00,374.32000732421875,24.799999237060547,23502.71658655719,804.2247595066599
2025-02-07 00:00:00-05:00,361.6199951171875,24.729999542236328,22705.311206915972,801.9547800926517
2025-02-10 00:00:00-05:00,350.7300109863281,27.1200008392334,22021.55344443547,879.4587428922043
2025-02-11 00:00:00-05:00,328.5,26.559999465942383,20625.780742723626,861.2987838755383
2025-02-12 00:00:00-05:00,336.510009765625,25.989999771118164,21128.71135207783,842.8145951016999
2025-02-13 00:00:00-05:00,355.94000244140625,26.34000015258789,22348.677162620872,854.1645540240412
2025-02-14 00:00:00-05:00,355.8399963378906,27.0,22342.398002912967,875.567305430833
2025-02-18 00:00:00-05:00,354.1099853515625,26.969999313354492,22233.774479970783,874.5944306024152
2025-02-19 00:00:00-05:00,360.55999755859375,26.0,22638.7563294993,843.1388867111725
2025-02-20 00:00:00-05:00,354.3999938964844,27.040000915527344,22251.983468284558,876.8644718687234
2025-02-21 00:00:00-05:00,337.79998779296875,26.420000076293945,21209.70618907912,856.7588250475218
2025-02-24 00:00:00-05:00,330.5299987792969,25.0,20753.23982865901,810.7104679915119
2025-02-25 00:00:00-05:00,302.79998779296875,24.420000076293945,19012.134420447986,791.9019876082009
2025-02-26 00:00:00-05:00,290.79998779296875,24.610000610351562,18258.6812426316,798.0634044835805
2025-02-27 00:00:00-05:00,281.95001220703125,24.479999542236328,17703.011056896426,793.8476754127365
2025-02-28 00:00:00-05:00,292.9800109863281,25.040000915527344,18395.560026194104,812.0076344294025
2025-03-03 00:00:00-05:00,284.6499938964844,24.399999618530273,17872.536872226803,791.2534043892557
2025-03-04 00:00:00-05:00,272.0400085449219,24.299999237060547,17080.784077614062,788.0105501468297
2025-03-05 00:00:00-05:00,279.1000061035156,25.06999969482422,17524.06554393893,812.9804474055202
2025-03-06 00:00:00-05:00,263.45001220703125,24.200000762939453,16541.437407762827,784.7677577567036
2025-03-07 00:00:00-05:00,262.6700134277344,24.0,16492.463027849986,778.2820492718515
2025-03-10 00:00:00-04:00,222.14999389648438,22.420000076293945,13948.301571099782,727.0451501688799
2025-03-11 00:00:00-04:00,230.5800018310547,22.610000610351562,14477.60292670973,733.2065670442595
2025-03-12 00:00:00-04:00,248.08999633789062,21.989999771118164,15577.016343769983,713.100920223058
2025-03-13 00:00:00-04:00,240.67999267578125,21.950000762939453,15111.7587765327,711.8038156374677
2025-03-14 00:00:00-04:00,249.97999572753906,23.049999237060547,15695.685180953453,747.475026747254
2025-03-17 00:00:00-04:00,238.00999450683594,23.5,14944.115559436386,762.0678399120213
2025-03-18 00:00:00-04:00,225.30999755859375,23.299999237060547,14146.711137860428,755.5821314271691
2025-03-19 00:00:00-04:00,235.86000061035156,23.709999084472656,14809.12224830372,768.8777781540459
2025-03-20 00:00:00-04:00,236.25999450683594,23.510000228881836,14834.236971004828,762.3921315214939
2025-03-21 00:00:00-04:00,248.7100067138672,24.75,15615.94540944154,802.6033633115968
2025-03-24 00:00:00-04:00,278.3900146484375,25.610000610351562,17479.486767434675,830.491823203241
2025-03-25 00:00:00-04:00,288.1400146484375,25.399999618530273,18091.66747441049,823.6818231089162
2025-03-26 00:00:00-04:00,272.05999755859375,28.360000610351562,17082.039143103437,919.6699746823074
2025-03-27 00:00:00-04:00,273.1300048828125,22.09000015258789,17149.22251133006,716.343774465484
2025-03-28 00:00:00-04:00,263.54998779296875,21.729999542236328,16547.71465134022,704.6695239336702
2025-03-31 00:00:00-04:00,259.1600036621094,22.31999969482422,16272.077360176925,723.8022959264539
2025-04-01 00:00:00-04:00,268.4599914550781,22.610000610351562,16856.00280653242,733.2065670442595
2025-04-02 00:00:00-04:00,282.760009765625,22.690000534057617,17753.86899310859,735.8008380677403
2025-04-03 00:00:00-04:00,267.2799987792969,21.100000381469727,16781.913703918464,684.2396473552961
2025-04-04 00:00:00-04:00,239.42999267578125,23.489999771118164,15033.27407051016,761.7435483025487
2025-04-07 00:00:00-04:00,233.2899932861328,24.290000915527344,14647.757232850052,787.6863203896571
2025-04-08 00:00:00-04:00,221.86000061035156,23.389999389648438,13930.093540851265,758.5006940601227
2025-04-09 00:00:00-04:00,272.20001220703125,25.399999618530273,17090.830349920612,823.6818231089162
2025-04-10 00:00:00-04:00,252.39999389648438,25.020000457763672,15847.631456845262,811.3590512104572
2025-04-11 00:00:00-04:00,252.30999755859375,26.399999618530273,15841.9807879473,856.1102418285767
2025-04-14 00:00:00-04:00,252.35000610351562,26.979999542236328,15844.492835056564,874.9187222118877
2025-04-15 00:00:00-04:00,254.11000061035156,26.700000762939453,15954.99895623281,865.838804555855
2025-04-16 00:00:00-04:00,241.5500030517578,26.25,15166.384783408765,851.2459913910876
2025-04-17 00:00:00-04:00,241.3699951171875,26.780000686645508,15155.082487547585,868.4330755793358
2025-04-21 00:00:00-04:00,227.5,26.770000457763672,14284.216496102359,868.108783969863
2025-04-22 00:00:00-04:00,237.97000122070312,27.799999237060547,14941.604470392378,901.5100156656413
2025-04-23 00:00:00-04:00,250.74000549316406,27.1200008392334,15743.404495376924,879.4587428922043
2025-04-24 00:00:00-04:00,259.510009765625,27.079999923706055,16294.05346108934,878.1615764543138
2025-04-25 00:00:00-04:00,284.95001220703125,27.459999084472656,17891.374351350525,890.4843483527727
2025-04-28 00:00:00-04:00,285.8800048828125,27.59000015258789,17949.76651275997,894.7000774236166
2025-04-29 00:00:00-04:00,292.0299987792969,27.260000228881836,18335.910883164765,883.9987017202207
2025-04-30 00:00:00-04:00,282.1600036621094,27.860000610351562,17716.19595099167,903.455765322477
2025-05-01 00:00:00-04:00,280.5199890136719,27.43000030517578,17613.223096947448,889.5115353766549
2025-05-02 00:00:00-04:00,287.2099914550781,27.479999542236328,18033.273396870525,891.1329315717179
2025-05-05 00:00:00-04:00,280.260009765625,26.600000381469727,17596.89958106351,862.5959503134288
2025-05-06 00:00:00-04:00,275.3500061035156,26.040000915527344,17288.61142587131,844.4360531490629
2025-05-07 00:00:00-04:00,276.2200012207031,26.010000228881836,17343.236474682115,843.463178320645
2025-05-08 00:00:00-04:00,284.82000732421875,26.780000686645508,17883.211635343298,868.4330755793358
2025-05-09 00:00:00-04:00,298.260009765625,27.540000915527344,18727.079347788094,893.0786812285536
2025-05-12 00:00:00-04:00,318.3800048828125,28.049999237060547,19990.36886934602,909.6171203455564
2025-05-13 00:00:00-04:00,334.07000732421875,28.389999389648438,20975.50905263139,920.642787658425
2025-05-14 00:00:00-04:00,347.67999267578125,28.729999542236328,21830.04961206216,931.6684549712935
2025-05-15 00:00:00-04:00,342.82000732421875,28.6299991607666,21524.901994789172,928.4256007288675
2025-05-16 00:00:00-04:00,349.9800109863281,28.450000762939453,21974.46262082195,922.5885373152607
2025-05-19 00:00:00-04:00,342.0899963378906,27.889999389648438,21479.06623666502,904.4285782985949
2025-05-20 00:00:00-04:00,343.82000732421875,28.510000228881836,21587.689759607205,924.5342251197962
2025-05-21 00:00:00-04:00,334.6199951171875,28.049999237060547,21010.0415568291,909.6171203455564
2025-05-22 00:00:00-04:00,341.0400085449219,30.860000610351562,21413.139850058295,1000.7410214814583
2025-05-23 00:00:00-04:00,339.3399963378906,33.029998779296875,21306.399883415434,1071.1106307249136
2025-05-27 00:00:00-04:00,362.8900146484375,35.0099983215332,22785.05289455841,1135.3188849452893
2025-05-28 00:00:00-04:00,356.8999938964844,31.209999084472656,22408.952880329638,1012.0909185514995
2025-05-29 00:00:00-04:00,358.42999267578125,29.56999969482422,22505.018083856008,958.9083316439924
2025-05-30 00:00:00-04:00,346.4599914550781,29.799999237060547,21753.44846233894,966.3668531049623
2025-06-02 00:00:00-04:00,342.69000244140625,30.639999389648438,21516.739278781948,993.606729777661
2025-06-03 00:00:00-04:00,344.2699890136719,30.100000381469727,21615.94310409701,976.0954158322404
2025-06-04 00:00:00-04:00,332.04998779296875,29.950000762939453,20848.676541375433,971.2311653947514
2025-06-05 00:00:00-04:00,284.70001220703125,29.450000762939453,17875.677410146018,955.0169560349212
2025-06-06 00:00:00-04:00,295.1400146484375,29.579999923706055,18531.181828136716,959.2326232534649
2025-06-09 00:00:00-04:00,308.5799865722656,30.34000015258789,19375.047624450995,983.878228902683
2025-06-10 00:00:00-04:00,326.0899963378906,30.149999618530273,20474.461999576506,977.7168120273034
2025-06-11 00:00:00-04:00,326.42999267578125,28.549999237060547,20495.809609678974,925.8313297053867
2025-06-12 00:00:00-04:00,319.1099853515625,22.139999389648438,20036.20271133965,717.965170660547
2025-06-13 00:00:00-04:00,325.30999755859375,22.139999389648438,20425.48761966366,717.965170660547
2025-06-16 00:00:00-04:00,329.1300048828125,23.31999969482422,20665.337341139868,756.2307146461144
2025-06-17 00:00:00-04:00,316.3500061035156,22.989999771118164,19862.909783410636,745.5293389427184
2025-06-18 00:00:00-04:00,322.04998779296875,23.440000534057617,20220.798893195108,760.1221521074857
2025-06-20 00:00:00-04:00,322.1600036621094,23.459999084472656,20227.706543712964,760.7706734741308
2025-06-23 00:00:00-04:00,348.67999267578125,22.81999969482422,21892.837376880194,740.0165052862842
2025-06-24 00:00:00-04:00,340.4700012207031,23.290000915527344,21377.350364240694,755.2579016699966
2025-06-25 00:00:00-04:00,327.54998779296875,23.549999237060547,20566.131599694287,763.6892361070843
2025-06-26 00:00:00-04:00,325.7799987792969,23.8799991607666,20454.997945773357,774.3906118104802
2025-06-27 00:00:00-04:00,323.6300048828125,23.59000015258789,20320.00463464069,764.9864025449747
2025-06-30 00:00:00-04:00,317.6600036621094,24.389999389648438,19945.161602031818,790.929112779783
2025-07-01 00:00:00-04:00,300.7099914550781,23.68000030517578,18880.90822191396,767.9049651779283
2025-07-02 00:00:00-04:00,315.6499938964844,23.950000762939453,19818.957581585808,776.6606530767885
2025-07-03 00:00:00-04:00,315.3500061035156,23.59000015258789,19800.122018592603,764.9864025449747
2025-07-07 00:00:00-04:00,293.94000244140625,22.6200008392334,18455.83574390287,733.5308586537321
2025-07-08 00:00:00-04:00,297.80999755859375,22.75,18698.82408716777,737.7465258722759
2025-07-09 00:00:00-04:00,295.8800048828125,23.190000534057617,18577.644160940294,752.0150474275706
2025-07-10 00:00:00-04:00,309.8699951171875,23.100000381469727,19456.0443775828,749.0964847946171
2025-07-11 00:00:00-04:00,313.510009765625,23.329999923706055,19684.592761263088,756.5550062555869
2025-07-14 00:00:00-04:00,316.8999938964844,23.700000762939453,19897.442287608344,768.5535483968735
2025-07-15 00:00:00-04:00,310.7799987792969,23.219999313354492,19513.18147350287,752.9878604036883
2025-07-16 00:00:00-04:00,321.6700134277344,23.68000030517578,20196.941152113894,767.9049651779283
2025-07-17 00:00:00-04:00,319.4100036621094,23.399999618530273,20055.040190463373,758.8249856695952
2025-07-18 00:00:00-04:00,329.6499938964844,23.280000686645508,20697.986289038257,754.933610060524
2025-07-21 00:00:00-04:00,328.489990234375,24.200000762939453,20625.152251913678,784.7677577567036
2025-07-22 00:00:00-04:00,332.1099853515625,24.260000228881836,20852.443653974075,786.7134455612393
2025-07-23 00:00:00-04:00,332.55999755859375,23.959999084472656,20880.698914594395,776.984882833961
2025-07-24 00:00:00-04:00,305.29998779296875,23.530000686645508,19169.103832493067,763.0407147404392
2025-07-25 00:00:00-04:00,316.05999755859375,23.329999923706055,19844.700795096862,756.5550062555869
2025-07-28 00:00:00-04:00,325.5899963378906,22.979999542236328,20443.068117167488,745.2050473332458
2025-07-29 00:00:00-04:00,321.20001220703125,22.549999237060547,20167.430826004194,731.2608173874238
2025-07-30 00:00:00-04:00,319.0400085449219,22.450000762939453,20031.809024061586,728.0180249972977
2025-07-31 00:00:00-04:00,308.2699890136719,22.450000762939453,19355.583570647843,728.0180249972977
2025-08-01 00:00:00-04:00,302.6300048828125,22.100000381469727,19001.461573462013,716.6680660749566
2025-08-04 00:00:00-04:00,309.260009765625,22.6299991607666,19417.74476078645,733.8550884109046
2025-08-05 00:00:00-04:00,308.7200012207031,22.809999465942383,19383.838831268167,739.6922136768115
2025-08-06 00:00:00-04:00,319.9100036621094,22.809999465942383,20086.43407287239,739.6922136768115
2025-08-07 00:00:00-04:00,322.2699890136719,22.649999618530273,20234.612278100296,734.5036716298498
2025-08-08 00:00:00-04:00,329.6499938964844,22.270000457763672,20697.986289038257,722.1808997313909
2025-08-11 00:00:00-04:00,339.0299987792969,22.40999984741211,21286.935829612285,726.7208585594074
2025-08-12 00:00:00-04:00,340.8399963378906,22.93000030517578,21400.581530642485,743.5836511381829
2025-08-13 00:00:00-04:00,339.3800048828125,23.020000457763672,21308.9119305247,746.5022137711362
2025-08-14 00:00:00-04:00,335.5799865722656,22.889999389648438,21070.317274537865,742.2864847002924
2025-08-15 00:00:00-04:00,330.55999755859375,22.940000534057617,20755.12338495833,743.9079427476554
2025-08-18 00:00:00-04:00,335.1600036621094,23.110000610351562,21043.947486347384,749.4207764040898
2025-08-19 00:00:00-04:00,329.30999755859375,22.81999969482422,20676.63867893579,740.0165052862842
2025-08-20 00:00:00-04:00,323.8999938964844,22.6299991607666,20336.95664133457,733.8550884109046
2025-08-21 00:00:00-04:00,320.1099853515625,22.559999465942383,20098.990476157687,731.5851089968965
2025-08-22 00:00:00-04:00,340.010009765625,22.889999389648438,21348.468528940943,742.2864847002924
2025-08-25 00:00:00-04:00,346.6000061035156,22.68000030517578,21762.239669156115,735.4765464582676
2025-08-26 00:00:00-04:00,351.6700134277344,22.299999237060547,22080.574096654862,723.1537127075087
2025-08-27 00:00:00-04:00,349.6000061035156,22.5,21950.60296361021,729.6394211923608
2025-08-28 00:00:00-04:00,345.9800109863281,22.790000915527344,21723.311561549817,739.0436923101664
2025-08-29 00:00:00-04:00,333.8699951171875,22.40999984741211,20962.950733215577,726.7208585594074
2025-09-02 00:00:00-04:00,329.3599853515625,23.40999984741211,20679.777300724483,759.1492772790679
2025-09-03 00:00:00-04:00,334.0899963378906,22.8799991607666,20976.764118120765,741.9621930908197
2025-09-04 00:00:00-04:00,338.5299987792969,22.3700008392334,21255.54194720327,725.4237539738169
2025-09-05 00:00:00-04:00,350.8399963378906,22.610000610351562,22028.459178822806,733.2065670442595
2025-09-08 00:00:00-04:00,346.3999938964844,23.219999313354492,21749.681349740298,752.9878604036883
2025-09-09 00:00:00-04:00,346.9700012207031,23.59000015258789,21785.470835557902,764.9864025449747
2025-09-10 00:00:00-04:00,347.7900085449219,24.3700008392334,21836.957262580014,790.2805914131379
2025-09-11 00:00:00-04:00,368.80999755859375,24.850000381469727,23156.75538924807,805.846217554023
2025-09-12 00:00:00-04:00,395.94000244140625,24.93000030517578,24860.187755342165,808.4404885775039
2025-09-15 00:00:00-04:00,410.0400085449219,25.530000686645508,25745.495622502527,827.8975521797602
2025-09-16 00:00:00-04:00,421.6199951171875,26.34000015258789,26472.577095997916,854.1645540240412
2025-09-17 00:00:00-04:00,425.8599853515625,26.100000381469727,26738.796605664607,846.3817409535986
2025-09-18 00:00:00-04:00,416.8500061035156,25.8799991607666,26173.080147622888,839.2474492498012
2025-09-19 00:00:00-04:00,426.07000732421875,26.079999923706055,26751.98341589037,845.7331577346533
2025-09-22 00:00:00-04:00,434.2099914550781,26.780000686645508,27263.074825121283,868.4330755793358
2025-09-23 00:00:00-04:00,425.8500061035156,26.799999237060547,26738.17003098518,869.0815969459809
2025-09-24 00:00:00-04:00,442.7900085449219,26.25,27801.794920293087,851.2459913910876
2025-09-25 00:00:00-04:00,423.3900146484375,25.270000457763672,26583.712666049367,819.4661558903723
2025-09-26 00:00:00-04:00,440.3999938964844,26.420000076293945,27651.73124263534,856.7588250475218
2025-09-29 00:00:00-04:00,443.2099914550781,27.209999084472656,27828.16470848357,882.3772436728577
2025-09-30 00:00:00-04:00,444.7200012207031,27.280000686645508,27922.974846520567,884.647284939166
2025-10-01 00:00:00-04:00,459.4599914550781,27.690000534057617,28848.465886776597,897.9429316660427
2025-10-02 00:00:00-04:00,436.0,27.219999313354492,27375.465460662104,882.7015352823303
2025-10-03 00:00:00-04:00,429.8299865722656,25.3799991607666,26988.064108637416,823.0332398899709
2025-10-06 00:00:00-04:00,453.25,25.049999237060547,28458.55440377316,812.3318641865749
2025-10-07 00:00:00-04:00,433.0899963378906,24.350000381469727,27192.752835105966,789.6320081941927
2025-10-08 00:00:00-04:00,438.69000244140625,24.40999984741211,27544.36470131305,791.5776959987284
2025-10-09 00:00:00-04:00,435.5400085449219,24.06999969482422,27346.583625362353,780.5520286858598
2025-10-10 00:00:00-04:00,413.489990234375,23.299999237060547,25962.11226144643,755.5821314271691
2025-10-13 00:00:00-04:00,435.8999938964844,23.59000015258789,27369.1863009542,764.9864025449747
2025-10-14 00:00:00-04:00,429.239990234375,23.209999084472656,26951.019557330437,752.6635687942157
2025-10-15 00:00:00-04:00,435.1499938964844,23.3799991607666,27322.095477340674,758.17640245065
2025-10-16 00:00:00-04:00,428.75,22.950000762939453,26920.25416573137,744.232234357128
2025-10-17 00:00:00-04:00,439.30999755859375,23.06999969482422,27583.292808919352,748.1236099661993
2025-10-20 00:00:00-04:00,447.42999267578125,23.3700008392334,28093.12915266089,757.8521726934775
2025-10-21 00:00:00-04:00,442.6000061035156,22.799999237060547,27789.86509168722,739.3679220673389
2025-10-22 00:00:00-04:00,438.9700012207031,22.489999771118164,27561.94519881688,729.3151295828882
2025-10-23 00:00:00-04:00,448.9800109863281,23.6299991607666,28190.45133780715,766.2835071305651
2025-10-24 00:00:00-04:00,433.7200012207031,23.299999237060547,27232.30943352221,755.5821314271691
2025-10-27 00:00:00-04:00,452.4200134277344,23.530000686645508,28406.441402071625,763.0407147404392
2025-10-28 00:00:00-04:00,460.54998779296875,23.299999237060547,28916.90432049259,755.5821314271691
2025-10-29 00:00:00-04:00,461.510009765625,23.3799991607666,28977.18195433187,758.17640245065
2025-10-30 00:00:00-04:00,440.1000061035156,22.579999923706055,27632.895679642137,732.2336922158416
2025-10-31 00:00:00-04:00,456.55999755859375,22.290000915527344,28666.381752030407,722.8294829503362
2025-11-03 00:00:00-05:00,468.3699951171875,22.110000610351562,29407.905101240925,716.9923576844292
2025-11-04 00:00:00-05:00,444.260009765625,21.979999542236328,27894.093011220815,712.7766286135853
2025-11-05 00:00:00-05:00,462.07000732421875,22.010000228881836,29012.34294933953,713.7495034420032
2025-11-06 00:00:00-05:00,445.9100036621094,21.350000381469727,27997.69243994447,692.3467520352114
2025-11-07 00:00:00-05:00,429.5199890136719,21.5,26968.60005483427,697.2110024727003
2025-11-10 00:00:00-05:00,445.2300109863281,21.489999771118164,27954.99721973953,696.8867108632277
2025-11-11 00:00:00-05:00,439.6199951171875,21.450000762939453,27602.756862722497,695.5896062776374
2025-11-12 00:00:00-05:00,430.6000061035156,21.360000610351562,27036.41191387083,692.6710436446839
2025-11-13 00:00:00-05:00,401.989990234375,20.959999084472656,25240.052966039057,679.6996266749796
2025-11-14 00:00:00-05:00,404.3500061035156,20.65999984741211,25388.233087397482,669.9711258000015
2025-11-17 00:00:00-05:00,408.9200134277344,20.5,25675.17363248721,664.78258375304
2025-11-18 00:00:00-05:00,401.25,20.5,25193.59063323548,664.78258375304
2025-11-19 00:00:00-05:00,403.989990234375,20.420000076293945,25365.628495675122,662.188312729559
2025-11-20 00:00:00-05:00,395.2300109863281,19.940000534057617,24815.60897883791,646.622686588674
2025-11-21 00:00:00-05:00,391.0899963378906,20.139999389648438,24555.666712748607,653.108333221226
2025-11-24 00:00:00-05:00,417.7799987792969,20.489999771118164,26231.47230903233,664.4582921435673
2025-11-25 00:00:00-05:00,419.3999938964844,21.059999465942383,26333.18818145666,682.9424809174056
2025-11-26 00:00:00-05:00,426.5799865722656,21.6299991607666,26784.00387297881,701.4266696912441
2025-11-28 00:00:00-05:00,430.1700134277344,22.530000686645508,27009.4136348704,730.6122960207787
2025-12-01 00:00:00-05:00,430.1400146484375,22.790000915527344,27007.53007857108,739.0436923101664
2025-12-02 00:00:00-05:00,429.239990234375,22.809999465942383,26951.019557330437,739.6922136768115
2025-12-03 00:00:00-05:00,446.739990234375,23.209999084472656,28049.805441646004,752.6635687942157
2025-12-04 00:00:00-05:00,454.5299987792969,22.950000762939453,28538.922666095023,744.232234357128
2025-12-05 00:00:00-05:00,455.0,23.0,28568.432992204718,745.853630552191
2025-12-08 00:00:00-05:00,439.5799865722656,23.350000381469727,27600.24481561323,757.2035894745322
2025-12-09 00:00:00-05:00,445.1700134277344,23.110000610351562,27951.230107140884,749.4207764040898
2025-12-10 00:00:00-05:00,451.45001220703125,22.1200008392334,28345.53719355291,717.3166492939018
2025-12-11 00:00:00-05:00,446.8900146484375,21.860000610351562,28059.22513927312,708.8852530045141
2025-12-12 00:00:00-05:00,458.9599914550781,21.229999542236328,28817.072004367576,688.4553145738399
2025-12-15 00:00:00-05:00,475.30999755859375,22.09000015258789,29843.65234236851,716.343774465484
2025-12-16 00:00:00-05:00,489.8800048828125,22.280000686645508,30758.470535638564,722.5051913408636
2025-12-17 00:00:00-05:00,467.260009765625,23.030000686645508,29338.211602035557,746.8265053806089
2025-12-18 00:00:00-05:00,483.3699951171875,22.559999465942383,30349.721573511415,731.5851089968965
2025-12-19 00:00:00-05:00,481.20001220703125,22.510000228881836,30213.473196889372,729.9637128018335
2025-12-22 00:00:00-05:00,488.7300109863281,21.739999771118164,30686.264989323932,704.9938155431429
2025-12-23 00:00:00-05:00,485.55999755859375,21.3799991607666,30487.226931753343,693.319565011329
2025-12-24 00:00:00-05:00,485.3999938964844,21.530000686645508,30477.1806594468,698.1838773011182
2025-12-26 00:00:00-05:00,475.19000244140625,21.09000015258789,29836.11811717123,683.9153557458236
2025-12-29 00:00:00-05:00,459.6400146484375,20.530000686645508,28859.769140703036,665.7554585814577
2025-12-30 00:00:00-05:00,454.42999267578125,20.5,28532.643506387114,664.78258375304
2025-12-31 00:00:00-05:00,449.7200012207031,20.079999923706055,28236.913670610727,651.1626454166905
2026-01-02 00:00:00-05:00,438.07000732421875,20.6200008392334,27505.436593706752,668.6740212144111
2026-01-05 00:00:00-05:00,451.6700134277344,20.719999313354492,28359.3505784581,671.9168136045371
2026-01-06 00:00:00-05:00,432.9599914550781,20.65999984741211,27184.59011909874,669.9711258000015
2026-01-07 00:00:00-05:00,431.4100036621094,21.290000915527344,27087.269850082997,690.4010642306756
2026-01-08 00:00:00-05:00,435.79998779296875,21.420000076293945,27362.90714124629,694.6167314492195
2026-01-09 00:00:00-05:00,445.010009765625,21.229999542236328,27941.18383483434,688.4553145738399
2026-01-12 00:00:00-05:00,448.9599914550781,20.979999542236328,28189.194356187254,680.3482098939248
2026-01-13 00:00:00-05:00,447.20001220703125,21.020000457763672,28078.68919307627,681.6453763318153
2026-01-14 00:00:00-05:00,439.20001220703125,21.020000457763672,27576.38707453201,681.6453763318153
2026-01-15 00:00:00-05:00,438.57000732421875,21.360000610351562,27536.830476115767,692.6710436446839
2026-01-16 00:00:00-05:00,437.5,21.100000381469727,27469.64710788915,684.2396473552961
2026-01-20 00:00:00-05:00,419.25,21.100000381469727,26323.770399960064,684.2396473552961
2026-01-21 00:00:00-05:00,431.44000244140625,21.690000534057617,27089.153406382313,703.3724193480799
2026-01-22 00:00:00-05:00,449.3599853515625,23.139999389648438,28214.309078888367,750.3935893802075
2026-01-23 00:00:00-05:00,449.05999755859375,22.989999771118164,28195.473515895163,745.5293389427184
2026-01-26 00:00:00-05:00,435.20001220703125,24.010000228881836,27325.236015259885,778.6063408813242
2026-01-27 00:00:00-05:00,430.8999938964844,24.209999084472656,27055.247476864035,785.0919875138761
2026-01-28 00:00:00-05:00,431.4599914550781,23.639999389648438,27090.408471871688,766.6077987400377
2026-01-29 00:00:00-05:00,416.55999755859375,22.809999465942383,26154.871159309114,739.6922136768115
2026-01-30 00:00:00-05:00,430.4100036621094,23.8799991607666,27024.482085264965,774.3906118104802
2026-02-02 00:00:00-05:00,421.80999755859375,25.850000381469727,26484.506924603782,838.2746362736835
2026-02-03 00:00:00-05:00,421.9599914550781,24.520000457763672,26493.92470610038,795.144841850627
2026-02-04 00:00:00-05:00,406.010009765625,24.979999542236328,25492.461006931077,810.0618847725668
2026-02-05 00:00:00-05:00,397.2099914550781,24.690000534057617,24939.927526854084,800.6576755070613
2026-02-06 00:00:00-05:00,411.1099853515625,24.979999542236328,25812.67707459863,810.0618847725668
2026-02-09 00:00:00-05:00,417.32000732421875,24.639999389648438,26202.590473732584,799.0362174596983
2026-02-10 00:00:00-05:00,425.2099914550781,24.81999969482422,26697.98494175899,804.8733427256051
2026-02-11 00:00:00-05:00,428.2699890136719,24.209999084472656,26890.115348811723,785.0919875138761
2026-02-12 00:00:00-05:00,417.07000732421875,23.520000457763672,26186.893532528076,762.7164231309665
2026-02-13 00:00:00-05:00,417.44000244140625,23.56999969482422,26210.124698929867,764.3378193260295
2026-02-17 00:00:00-05:00,410.6300048828125,23.260000228881836,25782.540173809502,754.2850268415788
2026-02-18 00:00:00-05:00,411.32000732421875,23.8700008392334,25825.86388482439,774.0663820533077
2026-02-19 00:00:00-05:00,411.7099914550781,23.899999618530273,25850.35011671555,775.0391950294254
2026-02-20 00:00:00-05:00,411.82000732421875,23.43000030517578,25857.257767233405,759.797860498013
2026-02-23 00:00:00-05:00,399.8299865722656,23.639999389648438,25104.431164096444,766.6077987400377
2026-02-24 00:00:00-05:00,409.3800048828125,23.770000457763672,25704.055467786962,770.8235278108816
2026-02-25 00:00:00-05:00,417.3999938964844,24.219999313354492,26207.612651820597,785.4162791233488
2026-02-26 00:00:00-05:00,408.5799865722656,24.100000381469727,25653.82410625423,781.5249035142776
2026-02-27 00:00:00-05:00,402.510009765625,24.030000686645508,25272.703830067967,779.2549241002694
2026-03-02 00:00:00-05:00,403.32000732421875,24.200000762939453,25323.56176628013,784.7677577567036
2026-03-03 00:00:00-05:00,392.42999267578125,23.81999969482422,24639.802087669108,772.4449240059446
2026-03-04 00:00:00-05:00,405.94000244140625,23.8700008392334,25488.06540352249,774.0663820533077
2026-03-05 00:00:00-05:00,405.54998779296875,23.8799991607666,25463.577255500808,774.3906118104802
2026-03-06 00:00:00-05:00,396.7300109863281,24.3700008392334,24909.790626064958,790.2805914131379
2026-03-09 00:00:00-04:00,398.67999267578125,24.799999237060547,25032.22561778181,804.2247595066599
2026-03-10 00:00:00-04:00,399.239990234375,24.3700008392334,25067.38661278947,790.2805914131379
2026-03-11 00:00:00-04:00,407.82000732421875,24.459999084472656,25606.106707961277,793.1990921937912
2026-03-12 00:00:00-04:00,395.010009765625,24.43000030517578,24801.795593932722,792.2262792176736
2026-03-13 00:00:00-04:00,391.20001220703125,23.530000686645508,24562.57436326646,763.0407147404392
2026-03-16 00:00:00-04:00,395.55999755859375,23.280000686645508,24836.328098130434,754.933610060524
2026-03-17 00:00:00-04:00,399.2699890136719,23.59000015258789,25069.270169088788,764.9864025449747
2026-03-18 00:00:00-04:00,392.7799987792969,23.360000610351562,24661.778188581524,757.5278810840049
2026-03-19 00:00:00-04:00,380.29998779296875,23.229999542236328,23878.186193845493,753.3121520131609
2026-03-20 00:00:00-04:00,367.9599914550781,22.56999969482422,23103.385405926638,731.9094006063691
2026-03-23 00:00:00-04:00,380.8500061035156,23.030000686645508,23912.720614173722,746.8265053806089
2026-03-24 00:00:00-04:00,383.0299987792969,22.809999465942383,24049.597481605706,739.6922136768115
2026-03-25 00:00:00-04:00,385.95001220703125,23.079999923706055,24232.938597971788,748.447901575672
2026-03-26 00:00:00-04:00,372.1099853515625,22.559999465942383,23363.954246695368,731.5851089968965
2026-03-27 00:00:00-04:00,361.8299865722656,22.100000381469727,22718.496101011217,716.6680660749566
2026-03-30 00:00:00-04:00,355.2799987792969,22.270000457763672,22307.23700790531,722.1808997313909
2026-03-31 00:00:00-04:00,371.75,23.040000915527344,23341.351571103525,747.1507969900815
2026-04-01 00:00:00-04:00,381.260009765625,22.760000228881836,23938.463827684776,738.0708174817485
2026-04-02 00:00:00-04:00,360.5899963378906,23.360000610351562,22640.63988579862,757.5278810840049
2026-04-06 00:00:00-04:00,352.82000732421875,23.079999923706055,22152.779642969497,748.447901575672
2026-04-07 00:00:00-04:00,346.6499938964844,23.43000030517578,21765.37829094481,759.797860498013
2026-04-08 00:00:00-04:00,343.25,22.90999984741211,21551.9002737896,742.9350679192376
2026-04-09 00:00:00-04:00,345.6199951171875,22.8700008392334,21700.706969827457,741.6379633336472
2026-04-10 00:00:00-04:00,348.95001220703125,23.219999313354492,21909.791299704593,752.9878604036883
2026-04-13 00:00:00-04:00,352.4200134277344,23.399999618530273,22127.664920268388,758.8249856695952
2026-04-14 00:00:00-04:00,364.20001220703125,24.030000686645508,22867.304713179587,779.2549241002694
2026-04-15 00:00:00-04:00,391.95001220703125,24.790000915527344,24609.665186879985,803.9005297494874
2026-04-16 00:00:00-04:00,388.8999938964844,25.18000030517578,24418.161354506676,816.547593257419
2026-04-17 00:00:00-04:00,400.6199951171875,24.549999237060547,25154.034034819237,796.1176548267448
2026-04-20 00:00:00-04:00,392.5,24.920000076293945,24644.197691077698,808.1161969680311
2026-04-21 00:00:00-04:00,386.4200134277344,24.459999084472656,24262.448924081487,793.1990921937912
2026-04-22 00:00:00-04:00,387.510009765625,25.65999984741211,24330.88735779748,832.113219398304
2026-04-23 00:00:00-04:00,373.7200012207031,25.010000228881836,23465.04354444027,811.0347596009847
2026-04-24 00:00:00-04:00,376.29998779296875,24.950000762939453,23627.035134573365,809.0890717964489
2026-04-27 00:00:00-04:00,378.6700134277344,25.40999984741211,23775.843746741735,824.0061147183887
2026-04-28 00:00:00-04:00,376.0199890136719,25.09000015258789,23609.454637069535,813.6290306244655
2026-04-29 00:00:00-04:00,372.79998779296875,24.520000457763672,23407.277957710252,795.144841850627
2026-04-30 00:00:00-04:00,381.6300048828125,24.950000762939453,23961.694994086567,809.0890717964489
2026-05-01 00:00:00-04:00,390.82000732421875,26.530000686645508,24538.714706054725,860.3259708994206
2026-05-04 00:00:00-04:00,392.510009765625,23.84000015258789,24644.82618188764,773.0935072248899
2026-05-05 00:00:00-04:00,389.3699951171875,24.229999542236328,24447.67168061637,785.7405707328214
2026-05-06 00:00:00-04:00,398.7300109863281,25.170000076293945,25035.366155701024,816.2233016479464
2026-05-07 00:00:00-04:00,411.7900085449219,23.969999313354492,25855.374210934082,777.3091744434337
2026-05-08 00:00:00-04:00,428.3500061035156,24.280000686645508,26895.139443030257,787.3620287801846
2026-05-11 00:00:00-04:00,445.0,23.170000076293945,27940.555344024393,751.3664642086253
2026-05-12 00:00:00-04:00,433.45001220703125,22.3700008392334,27215.357426828326,725.4237539738169
2026-05-13 00:00:00-04:00,445.2699890136719,22.079999923706055,27957.507350718275,716.0194828560113
2026-05-14 00:00:00-04:00,443.29998779296875,21.610000610351562,27833.81537738153,700.778148324599
2026-05-15 00:00:00-04:00,422.239990234375,21.59000015258789,26511.505203604214,700.1295651056537
2026-05-18 00:00:00-04:00,409.989990234375,21.90999984741211,25742.355084583316,710.5066491995772
2026-05-19 00:00:00-04:00,404.1099853515625,22.100000381469727,25373.162720872402,716.6680660749566
2026-05-20 00:00:00-04:00,417.260009765625,22.549999237060547,26198.823361133942,731.2608173874238
2026-05-21 00:00:00-04:00,417.8500061035156,22.489999771118164,26235.86791244092,729.3151295828882
2026-05-22 00:00:00-04:00,426.010009765625,21.959999084472656,26748.216303291723,712.1280453946401
2026-05-26 00:00:00-04:00,433.5899963378906,21.90999984741211,27224.14671751498,710.5066491995772
2026-05-27 00:00:00-04:00,440.3599853515625,21.68000030517578,27649.219195526075,703.0481277386073
2026-05-28 00:00:00-04:00,442.1000061035156,21.68000030517578,27758.471209278203,703.0481277386073
2026-05-29 00:00:00-04:00,435.7900085449219,21.18000030517578,27362.280566566857,686.833918378777
2026-06-01 00:00:00-04:00,415.8800048828125,21.360000610351562,26112.175939104174,692.6710436446839
2026-06-02 00:00:00-04:00,423.739990234375,20.920000076293945,26605.686850831262,678.4025220893892
2026-06-03 00:00:00-04:00,423.70001220703125,22.18000030517578,26603.176719852512,719.2623370984375
2026-06-04 00:00:00-04:00,418.45001220703125,22.270000457763672,26273.54095455784,722.1808997313909
2026-06-05 00:00:00-04:00,391.0,21.799999237060547,24550.016043850646,706.9395033476784
2026-06-08 00:00:00-04:00,408.95001220703125,22.260000228881836,25677.057188786534,721.8566081219184
2026-06-09 00:00:00-04:00,396.67999267578125,22.280000686645508,24906.650088145747,722.5051913408636
2026-06-10 00:00:00-04:00,381.5899963378906,22.420000076293945,23959.1829469773,727.0451501688799
2026-06-11 00:00:00-04:00,399.1499938964844,22.18000030517578,25061.735943891505,719.2623370984375
2026-06-12 00:00:00-04:00,406.42999267578125,21.770000457763672,25518.83079512156,705.9666903715607
2026-06-15 00:00:00-04:00,411.1499938964844,21.739999771118164,25815.189121707896,704.9938155431429
2026-06-16 00:00:00-04:00,404.6600036621094,21.459999084472656,25407.69714120063,695.9138360348098
2026-06-17 00:00:00-04:00,396.3800048828125,21.510000228881836,24887.814525152542,697.535294082173
2026-06-18 00:00:00-04:00,400.489990234375,21.520000457763672,25145.871318812005,697.8595856916455
2026-06-22 00:00:00-04:00,405.04998779296875,21.139999389648438,25432.183373091793,685.5367519408866
2026-06-23 00:00:00-04:00,381.6099853515625,21.079999923706055,23960.438012466675,683.591064136351
2026-06-24 00:00:00-04:00,375.5299987792969,21.440000534057617,23578.689245470465,695.2653146681647
2026-06-25 00:00:00-04:00,375.1199951171875,21.010000228881836,23552.94603195941,681.3210847223427
2026-06-26 00:00:00-04:00,379.7099914550781,21.760000228881836,23841.141642538518,705.6423987620881
2026-06-29 00:00:00-04:00,411.8399963378906,22.030000686645508,25858.51283272278,714.3980866609485
2026-06-30 00:00:00-04:00,420.6000061035156,22.079999923706055,26408.53426569051,716.0194828560113
2026-07-01 00:00:00-04:00,425.29998779296875,22.639999389648438,26703.635610656947,734.1793800203773
2026-07-02 00:00:00-04:00,393.45001220703125,22.81999969482422,24703.846834107033,740.0165052862842
2026-07-06 00:00:00-04:00,419.7699890136719,22.760000228881836,26356.419347858453,738.0708174817485
2026-07-07 00:00:00-04:00,402.8999938964844,22.200000762939453,25297.19006195913,719.9109203173828
2026-07-08 00:00:00-04:00,394.05999755859375,21.700000762939453,24742.146450903387,703.6967109575525
2026-07-09 00:00:00-04:00,406.54998779296875,21.950000762939453,25526.365020318844,711.8038156374677
2026-07-10 00:00:00-04:00,407.760009765625,21.68000030517578,25602.339595362635,703.0481277386073
2026-07-13 00:00:00-04:00,394.760009765625,22.030000686645508,24786.098652728215,714.3980866609485
2026-07-14 00:00:00-04:00,396.17999267578125,22.43000030517578,24875.25620573673,727.3694417783526
2026-07-15 00:00:00-04:00,394.4599914550781,22.260000228881836,24767.261173604493,721.8566081219184
2026-07-16 00:00:00-04:00,391.05999755859375,21.920000076293945,24553.783156449288,710.8309408090497
2026-07-17 00:00:00-04:00,380.8399963378906,21.889999389648438,23912.09212336378,709.8580659806319
2026-07-20 00:00:00-04:00,369.57000732421875,21.760000228881836,23204.474703671538,705.6423987620881
2026-07-21 00:00:00-04:00,378.92999267578125,21.790000915527344,23792.16726262567,706.6152735905059
2026-07-22 00:00:00-04:00,374.010009765625,21.600000381469727,23483.252532754042,700.4538567151263
2026-07-23 00:00:00-04:00,319.69000244140625,21.350000381469727,20072.620687967203,692.3467520352114
2026-07-24 00:00:00-04:00,313.0299987792969,21.170000076293945,19654.453944343444,686.5096267693044
2026-07-27 00:00:00-04:00,309.2200012207031,21.520000457763672,19415.232713677182,697.8595856916455
2026-07-28 00:00:00-04:00,307.44000244140625,22.15999984741211,19303.470568946308,718.6137538794922
2026-07-29 00:00:00-04:00,298.32000732421875,21.84000015258789,18730.846460386732,708.2366697855689
2026-07-30 00:00:00-04:00,308.8500061035156,21.8799991607666,19392.001547275395,709.5337743711592
2026-07-31 00:00:00-04:00,311.2099914550781,21.719999313354492,19540.1797525033,704.3452323241976
2026-08-03 00:00:00-04:00,322.0799865722656,19.059999465942383,20222.68244949443,618.0856434780848
2026-08-04 00:00:00-04:00,327.3500061035156,19.209999084472656,20553.57519640899,622.9498939155737
2026-08-05 00:00:00-04:00,321.54998779296875,19.010000228881836,20189.405010786093,616.4642472830218
2026-08-06 00:00:00-04:00,319.5299987792969,19.229999542236328,20062.574415660656,623.5984771345189
2026-08-07 00:00:00-04:00,328.5799865722656,19.15999984741211,20630.802920811642,621.3284977205108
2026-08-10 00:00:00-04:00,330.8800048828125,18.790000915527344,20775.215929571426,609.3300174315245
2026-08-11 00:00:00-04:00,332.80999755859375,18.81999969482422,20896.395855798903,610.3028304076422
2026-08-12 00:00:00-04:00,327.510009765625,18.540000915527344,20563.621468715537,601.2229127516093
2026-08-13 00:00:00-04:00,339.9599914550781,18.56999969482422,21345.32799102173,602.1957257277271
2026-08-14 00:00:00-04:00,342.2699890136719,18.65999984741211,21490.367574460943,605.1142883606806
2026-08-17 00:00:00-04:00,339.29998779296875,18.399999618530273,21303.887836306167,596.6828920712928
2026-08-18 00:00:00-04:00,336.8699951171875,17.950000762939453,21151.314027669672,582.0901407588257
2026-08-19 00:00:00-04:00,351.1199951171875,18.030000686645508,22046.039676326636,584.6844117823065
2026-08-20 00:00:00-04:00,345.1300048828125,18.040000915527344,21669.941578228387,585.0087033917791
2026-08-21 00:00:00-04:00,362.8599853515625,18.209999084472656,22783.16742212857,590.5214751959134
2026-08-24 00:00:00-04:00,348.95001220703125,18.040000915527344,21909.791299704593,585.0087033917791
2026-08-25 00:00:00-04:00,350.25,18.09000015258789,21991.414627515827,586.6300995868421
2026-08-26 00:00:00-04:00,345.82000732421875,17.969999313354492,21713.26528924327,582.7386621254708
2026-08-27 00:00:00-04:00,354.80999755859375,18.25,22277.726681795615,591.8186416338037
2026-08-28 00:00:00-04:00,348.75,17.8700008392334,21897.23298028878,579.4958697353449
2026-08-31 00:00:00-04:00,367.95001220703125,18.3799991607666,23102.75883124721,596.0343088523475
2026-09-01 00:00:00-04:00,356.0899963378906,18.809999465942383,22358.094944117478,609.9785387981697
2026-09-02 00:00:00-04:00,357.010009765625,18.969999313354492,22415.860530847494,615.1670808451312
2026-09-03 00:00:00-04:00,376.3699951171875,19.229999542236328,23631.43073798195,623.5984771345189
2026-09-04 00:00:00-04:00,354.0799865722656,19.15999984741211,22231.890923671464,621.3284977205108
2026-09-08 00:00:00-04:00,368.1600036621094,18.889999389648438,23115.94372534245,612.5728098216505
2026-09-09 00:00:00-04:00,367.80999755859375,19.889999389648438,23093.967624430035,645.0012285413109
2026-09-10 00:00:00-04:00,363.55999755859375,20.389999389648438,22827.1196239534,661.2154379011412
2026-09-11 00:00:00-04:00,365.44000244140625,21.149999618530273,22945.160928392183,685.8610435503591
2026-09-14 00:00:00-04:00,358.9700012207031,21.6200008392334,22538.92401337429,701.1024399340716
2026-09-15 00:00:00-04:00,356.5799865722656,21.440000534057617,22388.860335716545,695.2653146681647
2026-09-16 00:00:00-04:00,358.0799865722656,21.979999542236328,22483.041982943596,712.7766286135853
2026-09-17 00:00:00-04:00,366.20001220703125,22.770000457763672,22992.880242815652,738.3951090912211
2026-09-18 00:00:00-04:00,364.2699890136719,22.639999389648438,22871.698400457655,734.1793800203773
2026-09-21 00:00:00-04:00,375.29998779296875,22.760000228881836,23564.247369755332,738.0708174817485
2026-09-22 00:00:00-04:00,378.8999938964844,24.030000686645508,23790.28370632635,779.2549241002694
2026-09-23 00:00:00-04:00,380.1199951171875,24.200000762939453,23866.88485604957,784.7677577567036
2026-09-24 00:00:00-04:00,377.94000244140625,25.020000457763672,23730.007988617588,811.3590512104572
2026-09-25 00:00:00-04:00,372.1099853515625,23.389999389648438,23363.954246695368,758.5006940601227
2026-09-28 00:00:00-04:00,357.45001220703125,23.959999084472656,22443.48730065787,776.984882833961
2026-09-29 00:00:00-04:00,352.8399963378906,23.760000228881836,22154.034708458872,770.4992362014091
2026-09-30 00:00:00-04:00,354.80999755859375,24.649999618530273,22277.726681795615,799.3605090691708
2026-10-01 00:00:00-04:00,354.1099853515625,24.110000610351562,22233.774479970783,781.8491951237502
2026-10-02 00:00:00-04:00,370.5899963378906,24.700000762939453,23268.517533978946,800.9819671165338
2026-10-05 00:00:00-04:00,379.20001220703125,25.665000915527344,23809.121185450073,832.2753961291903
